seed,relation,method,standardized_rmse,ndcg_at_top,spearman,pairwise_accuracy,precision_at_top,normalized_top1_regret,mean_negative_log_likelihood,interval_coverage_95,n_test,oracle_order_agreement,fitted_expert_order_agreement,gate_accepted,gate_cv_gain,gate_context_pairwise,effective_mode,srmse_delta_vs_target_only,negative_transfer
11,identity,Target-Only,0.5261651001258378,0.9963417685693806,0.8966845817368011,0.8664191688424717,0.8974358974358975,0.005976407959788072,-0.4953230262637856,0.9609375,384,1.0,0.9835312036772605,False,,,target_only,0.0,False
11,identity,Fixed-Transfer,0.44119954996346766,0.9909096289745177,0.9728355684785188,0.9288375761531766,0.8974358974358975,0.03473346866892335,0.7260929508054028,0.5963541666666666,384,1.0,0.9835312036772605,False,,,fixed,-0.08496555016237017,False
11,identity,Calibrated-Transfer,0.419712300709057,0.9953386364424065,0.9756145942830017,0.9333251740644039,0.9230769230769231,0.03473346866892335,0.2595026854570867,0.6770833333333334,384,1.0,0.9835312036772605,False,,,calibrated,-0.10645279941678082,False
11,identity,Gated-Transfer,0.419712300709057,0.9953386364424065,0.9756145942830017,0.9333251740644039,0.9230769230769231,0.03473346866892335,0.2595026854570867,0.6770833333333334,384,1.0,0.9835312036772605,True,0.4154871495614819,0.9642857142857143,calibrated,-0.10645279941678082,False
11,output_affine,Target-Only,0.5261651001258376,0.9963417685693806,0.8966845817368011,0.8664191688424717,0.8974358974358975,0.005976407959788277,0.42096770561036917,0.9609375,384,1.0,0.9835312036772605,False,,,target_only,0.0,False
11,output_affine,Fixed-Transfer,0.44119954996346766,0.9909096289745177,0.9728355684785188,0.9288375761531766,0.8974358974358975,0.03473346866892343,1.6423836826795604,0.5963541666666666,384,1.0,0.9835312036772605,False,,,fixed,-0.08496555016236995,False
11,output_affine,Calibrated-Transfer,0.4197123007090571,0.9953386364424065,0.9756145942830017,0.9333251740644039,0.9230769230769231,0.03473346866892343,1.1757934173312425,0.6770833333333334,384,1.0,0.9835312036772605,False,,,calibrated,-0.10645279941678054,False
11,output_affine,Gated-Transfer,0.4197123007090571,0.9953386364424065,0.9756145942830017,0.9333251740644039,0.9230769230769231,0.03473346866892343,1.1757934173312425,0.6770833333333334,384,1.0,0.9835312036772605,True,0.4603089789486906,0.9642857142857143,calibrated,-0.10645279941678054,False
11,scale_0.7,Target-Only,0.5363969018775601,0.9874189246381246,0.8877962768302194,0.856396866840731,0.8461538461538461,0.006804175201641223,-1.1865126086833693,0.9557291666666666,384,0.9330124020887729,0.9307113812845933,False,,,target_only,0.0,False
11,scale_0.7,Fixed-Transfer,0.46662738816620913,0.9891030745993596,0.9390564070394357,0.8965540687554395,0.8974358974358975,0.006804175201641223,2.2364169746920135,0.5729166666666666,384,0.9330124020887729,0.9307113812845933,False,,,fixed,-0.06976951371135093,False
11,scale_0.7,Calibrated-Transfer,0.4486235322681012,0.9857347294557031,0.9433299565969279,0.9007832898172323,0.8717948717948718,0.006804175201641223,1.2867322026322843,0.625,384,0.9330124020887729,0.9307113812845933,False,,,calibrated,-0.08777336960945886,False
11,scale_0.7,Gated-Transfer,0.4486235322681012,0.9857347294557031,0.9433299565969279,0.9007832898172323,0.8717948717948718,0.006804175201641223,1.2867322026322843,0.625,384,0.9330124020887729,0.9307113812845933,True,0.6015623735572578,0.9285714285714286,calibrated,-0.08777336960945886,False
11,scale_1.5,Target-Only,0.4879126463343618,0.9777472737188976,0.928920899596487,0.8842879677980853,0.7692307692307693,0.006691666608968528,0.2298794644503895,0.96875,384,0.9419060052219321,0.9380006255694722,False,,,target_only,0.0,False
11,scale_1.5,Fixed-Transfer,0.4450218181092316,0.9893322254082981,0.9475861279712454,0.902319952132289,0.8974358974358975,0.026920136050142596,1.4571651622465829,0.6640625,384,0.9419060052219321,0.9380006255694722,False,,,fixed,-0.04289082822513024,False
11,scale_1.5,Calibrated-Transfer,0.416826610205823,0.9898317929766254,0.9581433742497711,0.9129949956483899,0.8974358974358975,0.05332012977597354,0.9821520193046216,0.7213541666666666,384,0.9419060052219321,0.9380006255694722,False,,,calibrated,-0.07108603612853881,False
11,scale_1.5,Gated-Transfer,0.416826610205823,0.9898317929766254,0.9581433742497711,0.9129949956483899,0.8974358974358975,0.05332012977597354,0.9821520193046216,0.7213541666666666,384,0.9419060052219321,0.9380006255694722,True,0.3795586479143419,0.8928571428571429,calibrated,-0.07108603612853881,False
11,rotate_45,Target-Only,0.5880622273972624,0.988702448845685,0.9049142111152555,0.8705531984334204,0.8461538461538461,0.024478468218977877,-0.4947540254513672,0.9375,384,0.7886205395996518,0.7840697373968151,False,,,target_only,0.0,False
11,rotate_45,Fixed-Transfer,0.5047945766833206,0.9871635789380908,0.9098207927842392,0.8679150348128808,0.8461538461538461,0.0006417084934031867,-0.44922909935995664,0.8567708333333334,384,0.7886205395996518,0.7840697373968151,False,,,fixed,-0.08326765071394182,False
11,rotate_45,Calibrated-Transfer,0.48936730101016385,0.9882502801893235,0.9169725509477468,0.8742384682332462,0.8461538461538461,0.03673037901049072,-0.5344138635388246,0.8776041666666666,384,0.7886205395996518,0.7840697373968151,False,,,calibrated,-0.09869492638709859,False
11,rotate_45,Gated-Transfer,0.5880622273972624,0.988702448845685,0.9049142111152555,0.8705531984334204,0.8461538461538461,0.024478468218977877,-0.4947540254513672,0.9375,384,0.7886205395996518,0.7840697373968151,False,-0.0886288058442139,0.75,target_only,0.0,False
11,anisotropy_swap,Target-Only,0.6959375452897429,0.9718802705196887,0.8711187311383134,0.8426892950391645,0.6923076923076923,0.003504309564731506,0.08560083245257,0.7994791666666666,384,0.6837059399477807,0.6808235758095005,False,,,target_only,0.0,False
11,anisotropy_swap,Fixed-Transfer,0.4987384736060531,0.9753989765152082,0.9491514360313316,0.9047813315926893,0.7435897435897436,0.02723598466698749,-0.6643434560122519,0.8958333333333334,384,0.6837059399477807,0.6808235758095005,False,,,fixed,-0.19719907168368983,False
11,anisotropy_swap,Calibrated-Transfer,0.601142576142125,0.9771319592947693,0.924657522634024,0.8821121627502175,0.7435897435897436,0.003504309564731506,-0.11391580787628476,0.8203125,384,0.6837059399477807,0.6808235758095005,False,,,calibrated,-0.09479496914761798,False
11,anisotropy_swap,Gated-Transfer,0.6959375452897429,0.9718802705196887,0.8711187311383134,0.8426892950391645,0.6923076923076923,0.003504309564731506,0.08560083245257,0.7994791666666666,384,0.6837059399477807,0.6808235758095005,False,-0.053482256473479726,0.6071428571428571,target_only,0.0,False
11,roughness,Target-Only,0.7257374647092949,0.8258525624849471,0.7292002221016581,0.7665225195822454,0.4358974358974359,0.10065113025708382,3.4156548533587903,0.5442708333333334,384,0.7933393167972149,0.7914133790271035,False,,,target_only,0.0,False
11,roughness,Fixed-Transfer,0.7253588415376194,0.8167016365901,0.6987087162185074,0.751577458659704,0.41025641025641024,0.028972997816101506,16.16483380079207,0.2916666666666667,384,0.7933393167972149,0.7914133790271035,False,,,fixed,-0.000378623171675474,False
11,roughness,Calibrated-Transfer,0.7165068171427522,0.812937314765706,0.7126356346003866,0.757778503046127,0.38461538461538464,0.10065113025708382,16.395514528249706,0.2890625,384,0.7933393167972149,0.7914133790271035,False,,,calibrated,-0.009230647566542682,False
11,roughness,Gated-Transfer,0.7165068171427522,0.812937314765706,0.7126356346003866,0.757778503046127,0.38461538461538464,0.10065113025708382,16.395514528249706,0.2890625,384,0.7933393167972149,0.7914133790271035,True,0.32453272913018555,0.8928571428571429,calibrated,-0.009230647566542682,False
11,reversal,Target-Only,0.5261651001258378,0.936059626586239,0.8966845817368011,0.8664191688424717,0.5897435897435898,0.1705323833979833,-0.4953230262637856,0.9609375,384,0.0,0.01646879632273945,False,,,target_only,0.0,False
11,reversal,Fixed-Transfer,0.913276919669143,0.896473216400826,0.4977274846563358,0.678157637075718,0.48717948717948717,0.1705323833979833,0.11601000699136947,1.0,384,0.0,0.01646879632273945,False,,,fixed,0.3871118195433052,True
11,reversal,Calibrated-Transfer,0.5261651001258378,0.936059626586239,0.8966845817368011,0.8664191688424717,0.5897435897435898,0.1705323833979833,-0.4953230262637856,0.9609375,384,0.0,0.01646879632273945,False,,,target_only,0.0,False
11,reversal,Gated-Transfer,0.5261651001258378,0.936059626586239,0.8966845817368011,0.8664191688424717,0.5897435897435898,0.1705323833979833,-0.4953230262637856,0.9609375,384,0.0,0.01646879632273945,False,0.0,0.03571428571428571,target_only,0.0,False
11,independent_expert,Target-Only,0.5261651001258378,0.9963417685693806,0.8966845817368011,0.8664191688424717,0.8974358974358975,0.005976407959788072,-0.4953230262637856,0.9609375,384,0.4628209312445605,0.4604878314220027,False,,,target_only,0.0,False
11,independent_expert,Fixed-Transfer,3.0394029340489084,0.7153868598397021,0.22270099352344785,0.5727670800696257,0.20512820512820512,0.16737440370428958,9.037322497981995,0.3229166666666667,384,0.4628209312445605,0.4604878314220027,False,,,fixed,2.5132378339230703,True
11,independent_expert,Calibrated-Transfer,0.5261651001258378,0.9963417685693806,0.8966845817368011,0.8664191688424717,0.8974358974358975,0.005976407959788072,-0.4953230262637856,0.9609375,384,0.4628209312445605,0.4604878314220027,False,,,target_only,0.0,False
11,independent_expert,Gated-Transfer,0.5261651001258378,0.9963417685693806,0.8966845817368011,0.8664191688424717,0.8974358974358975,0.005976407959788072,-0.4953230262637856,0.9609375,384,0.4628209312445605,0.4604878314220027,False,-0.037416487355124775,0.5,target_only,0.0,False
23,identity,Target-Only,0.6519779842373864,0.9799599660451651,0.8112627581295988,0.8153965404699739,0.7692307692307693,0.023120220068970576,-0.3787116424313725,0.9453125,384,1.0,0.983476806331851,False,,,target_only,0.0,False
23,identity,Fixed-Transfer,0.31495791626177855,0.9886813260054728,0.9834794937438541,0.9440546127067014,0.8461538461538461,0.0302235501470194,1.8955731371760578,0.5026041666666666,384,1.0,0.983476806331851,False,,,fixed,-0.33702006797560785,False
23,identity,Calibrated-Transfer,0.32667573732685756,0.9968786150052569,0.9813932640466583,0.9419604003481288,0.9230769230769231,0.023120220068970576,1.040733376642568,0.6015625,384,1.0,0.983476806331851,False,,,calibrated,-0.32530224691052884,False
23,identity,Gated-Transfer,0.32667573732685756,0.9968786150052569,0.9813932640466583,0.9419604003481288,0.9230769230769231,0.023120220068970576,1.040733376642568,0.6015625,384,1.0,0.983476806331851,True,0.7338316587481356,1.0,calibrated,-0.32530224691052884,False
23,output_affine,Target-Only,0.6519779842373865,0.9799599660451651,0.8112627581295988,0.8153965404699739,0.7692307692307693,0.023120220068970583,0.5375790894427827,0.9453125,384,1.0,0.983476806331851,False,,,target_only,0.0,False
23,output_affine,Fixed-Transfer,0.31495791626177844,0.9886813260054728,0.9834794937438541,0.9440546127067014,0.8461538461538461,0.030223550147019534,2.8118638690502173,0.5026041666666666,384,1.0,0.983476806331851,False,,,fixed,-0.3370200679756081,False
23,output_affine,Calibrated-Transfer,0.32667573732685756,0.9968786150052569,0.9813932640466583,0.9419604003481288,0.9230769230769231,0.023120220068970583,1.9570241085167277,0.6015625,384,1.0,0.983476806331851,False,,,calibrated,-0.32530224691052895,False
23,output_affine,Gated-Transfer,0.32667573732685756,0.9968786150052569,0.9813932640466583,0.9419604003481288,0.9230769230769231,0.023120220068970583,1.9570241085167277,0.6015625,384,1.0,0.983476806331851,True,0.7137899367622349,1.0,calibrated,-0.32530224691052895,False
23,scale_0.7,Target-Only,0.4868707844075963,0.9739613209413293,0.8739000881624903,0.8543570496083551,0.717948717948718,0.0229733734690639,-1.2379115707306514,1.0,384,0.9316797214969539,0.9302490038486122,False,,,target_only,0.0,False
23,scale_0.7,Fixed-Transfer,0.3479064609041708,0.9854737098942808,0.9542091231223084,0.9108735857267188,0.8205128205128205,0.0679103476324496,4.521394632625542,0.328125,384,0.9316797214969539,0.9302490038486122,False,,,fixed,-0.13896432350342547,False
23,scale_0.7,Calibrated-Transfer,0.3103183821606228,0.9871347362591821,0.958801202061646,0.9144364664926022,0.8461538461538461,0.0679103476324496,0.6697134460533319,0.4244791666666667,384,0.9316797214969539,0.9302490038486122,False,,,calibrated,-0.1765524022469735,False
23,scale_0.7,Gated-Transfer,0.3103183821606228,0.9871347362591821,0.958801202061646,0.9144364664926022,0.8461538461538461,0.0679103476324496,0.6697134460533319,0.4244791666666667,384,0.9316797214969539,0.9302490038486122,True,0.82337490954033,1.0,calibrated,-0.1765524022469735,False
23,scale_1.5,Target-Only,0.6540524614638393,0.9844435548706563,0.7881209521548947,0.8068157093124456,0.7692307692307693,0.009692703096538427,0.4027430651958889,0.9739583333333334,384,0.9477806788511749,0.9428147906382168,False,,,target_only,0.0,False
23,scale_1.5,Fixed-Transfer,0.3456697018459294,0.9757919812617859,0.9595510070869078,0.9147628372497825,0.8205128205128205,0.0844266202497187,2.921069021401049,0.4375,384,0.9477806788511749,0.9428147906382168,False,,,fixed,-0.30838275961790995,False
23,scale_1.5,Calibrated-Transfer,0.35249026238865266,0.9880517950818316,0.9589035637991252,0.9151843994778068,0.8717948717948718,0.030820740829675033,2.0029288330825445,0.5546875,384,0.9477806788511749,0.9428147906382168,False,,,calibrated,-0.30156219907518667,False
23,scale_1.5,Gated-Transfer,0.35249026238865266,0.9880517950818316,0.9589035637991252,0.9151843994778068,0.8717948717948718,0.030820740829675033,2.0029288330825445,0.5546875,384,0.9477806788511749,0.9428147906382168,True,0.7396712016357201,1.0,calibrated,-0.30156219907518667,False
23,rotate_45,Target-Only,0.36429784320822584,0.9946355509918573,0.9087914533247431,0.879786771105309,0.8974358974358975,0.0034119966110417407,-0.37603880071380386,1.0,384,0.7722748041775457,0.7755157548311642,False,,,target_only,0.0,False
23,rotate_45,Fixed-Transfer,0.6406197490398108,0.7892484919418814,0.8270578312027397,0.8287369451697127,0.46153846153846156,0.27209499571967527,-0.30499320522339873,0.9713541666666666,384,0.7722748041775457,0.7755157548311642,False,,,fixed,0.27632190583158495,True
23,rotate_45,Calibrated-Transfer,0.4746970583271545,0.9305017037494203,0.8836522159302838,0.8613740208877284,0.6923076923076923,0.08454703135440143,-0.5502950894305808,0.9947916666666666,384,0.7722748041775457,0.7755157548311642,False,,,calibrated,0.11039921511892864,True
23,rotate_45,Gated-Transfer,0.4746970583271545,0.9305017037494203,0.8836522159302838,0.8613740208877284,0.6923076923076923,0.08454703135440143,-0.5502950894305808,0.9947916666666666,384,0.7722748041775457,0.7755157548311642,True,0.07818198201902711,0.8928571428571429,calibrated,0.11039921511892864,True
23,anisotropy_swap,Target-Only,0.5115332855836089,0.9809048024327182,0.8900923162998879,0.8538538946910357,0.717948717948718,0.0,-0.5043399792433778,0.9895833333333334,384,0.7321176022628373,0.731997878503529,False,,,target_only,0.0,False
23,anisotropy_swap,Fixed-Transfer,0.821364305318907,0.9519698436886043,0.6920562629276729,0.751332680591819,0.6923076923076923,0.09607457130456361,10.522927963458041,0.1953125,384,0.7321176022628373,0.731997878503529,False,,,fixed,0.30983101973529814,True
23,anisotropy_swap,Calibrated-Transfer,0.7626085561471198,0.9641142865671144,0.7236110169204165,0.7662777415143603,0.717948717948718,0.04770895348267937,6.723530194254553,0.24479166666666666,384,0.7321176022628373,0.731997878503529,False,,,calibrated,0.25107527056351087,True
23,anisotropy_swap,Gated-Transfer,0.7626085561471198,0.9641142865671144,0.7236110169204165,0.7662777415143603,0.717948717948718,0.04770895348267937,6.723530194254553,0.24479166666666666,384,0.7321176022628373,0.731997878503529,True,0.6526142333063324,0.9285714285714286,calibrated,0.25107527056351087,True
23,roughness,Target-Only,0.9796934281529485,0.7534235391100541,0.38713124343019906,0.632139360313316,0.41025641025641024,0.18748197039291828,2.425531621271596,0.6380208333333334,384,0.7910411227154047,0.7857152570954538,False,,,target_only,0.0,False
23,roughness,Fixed-Transfer,0.8594161124446895,0.7454777184208243,0.6386719677189652,0.7231016100957354,0.38461538461538464,0.4572161559737597,5.6177717955037645,0.4973958333333333,384,0.7910411227154047,0.7857152570954538,False,,,fixed,-0.12027731570825895,False
23,roughness,Calibrated-Transfer,0.8725850299878402,0.7236809791758531,0.5947136414499339,0.7073814186248912,0.358974358974359,0.5342270231573524,6.308410478711017,0.4661458333333333,384,0.7910411227154047,0.7857152570954538,False,,,calibrated,-0.10710839816510831,False
23,roughness,Gated-Transfer,0.8725850299878402,0.7236809791758531,0.5947136414499339,0.7073814186248912,0.358974358974359,0.5342270231573524,6.308410478711017,0.4661458333333333,384,0.7910411227154047,0.7857152570954538,True,0.16583779828750767,0.7142857142857143,calibrated,-0.10710839816510831,False
23,reversal,Target-Only,0.6519779842373864,0.8789190860815811,0.8112627581295988,0.8153965404699739,0.3333333333333333,0.23616854958231304,-0.3787116424313725,0.9453125,384,0.0,0.016523193668148993,False,,,target_only,0.0,False
23,reversal,Fixed-Transfer,1.1653501869400922,0.7354194413000906,0.27811323793699777,0.6068456266318538,0.1794871794871795,0.3614463417161473,0.19053354536182163,0.9921875,384,0.0,0.016523193668148993,False,,,fixed,0.5133722027027058,True
23,reversal,Calibrated-Transfer,0.6519779842373864,0.8789190860815811,0.8112627581295988,0.8153965404699739,0.3333333333333333,0.23616854958231304,-0.3787116424313725,0.9453125,384,0.0,0.016523193668148993,False,,,target_only,0.0,False
23,reversal,Gated-Transfer,0.6519779842373864,0.8789190860815811,0.8112627581295988,0.8153965404699739,0.3333333333333333,0.23616854958231304,-0.3787116424313725,0.9453125,384,0.0,0.016523193668148993,False,0.0,0.0,target_only,0.0,False
23,independent_expert,Target-Only,0.6519779842373864,0.9799599660451651,0.8112627581295988,0.8153965404699739,0.7692307692307693,0.023120220068970576,-0.3787116424313725,0.9453125,384,0.5081728677110531,0.514303245159531,False,,,target_only,0.0,False
23,independent_expert,Fixed-Transfer,2.2860509325121354,0.7386109600125332,0.2609098962395307,0.588881636205396,0.3076923076923077,0.23537599400818168,6.8184105414119465,0.453125,384,0.5081728677110531,0.514303245159531,False,,,fixed,1.6340729482747491,True
23,independent_expert,Calibrated-Transfer,0.7611771808787998,0.9406154302379897,0.7040147841714421,0.7572209530026109,0.6153846153846154,0.06218217853826866,-0.042289014705030735,0.8880208333333334,384,0.5081728677110531,0.514303245159531,False,,,calibrated,0.10919919664141342,True
23,independent_expert,Gated-Transfer,0.6519779842373864,0.9799599660451651,0.8112627581295988,0.8153965404699739,0.7692307692307693,0.023120220068970576,-0.3787116424313725,0.9453125,384,0.5081728677110531,0.514303245159531,False,-0.14485185033764703,0.5714285714285714,target_only,0.0,False
37,identity,Target-Only,0.6373811439009437,0.9893404673433667,0.909168051269879,0.8677246518711923,0.8205128205128205,0.025929852630613506,-0.2543783662289499,0.8385416666666666,384,1.0,0.9841846170583116,False,,,target_only,0.0,False
37,identity,Fixed-Transfer,0.3740786397701833,0.9986829997247173,0.9934717371401445,0.966315818102698,0.9487179487179487,0.0,20.06847766516793,0.4270833333333333,384,1.0,0.9841846170583116,False,,,fixed,-0.2633025041307604,False
37,identity,Calibrated-Transfer,0.3983796188402485,0.9979795396874449,0.9922974382014852,0.9633512837249782,0.9230769230769231,0.0,12.348559598207762,0.5026041666666666,384,1.0,0.9841846170583116,False,,,calibrated,-0.23900152506069522,False
37,identity,Gated-Transfer,0.3983796188402485,0.9979795396874449,0.9922974382014852,0.9633512837249782,0.9230769230769231,0.0,12.348559598207762,0.5026041666666666,384,1.0,0.9841846170583116,True,0.8109561066623557,1.0,calibrated,-0.23900152506069522,False
37,output_affine,Target-Only,0.6373811439009437,0.9893404673433667,0.909168051269879,0.8677246518711923,0.8205128205128205,0.02592985263061361,0.661912365645205,0.8385416666666666,384,1.0,0.9841846170583116,False,,,target_only,0.0,False
37,output_affine,Fixed-Transfer,0.37407863977018313,0.9986829997247173,0.9934717371401445,0.966315818102698,0.9487179487179487,0.0,20.984768397042114,0.4270833333333333,384,1.0,0.9841846170583116,False,,,fixed,-0.26330250413076056,False
37,output_affine,Calibrated-Transfer,0.39837961884024825,0.9979795396874449,0.9922974382014852,0.9633512837249782,0.9230769230769231,0.0,13.264850330081885,0.5026041666666666,384,1.0,0.9841846170583116,False,,,calibrated,-0.23900152506069544,False
37,output_affine,Gated-Transfer,0.39837961884024825,0.9979795396874449,0.9922974382014852,0.9633512837249782,0.9230769230769231,0.0,13.264850330081885,0.5026041666666666,384,1.0,0.9841846170583116,True,0.8334816229001909,1.0,calibrated,-0.23900152506069544,False
37,scale_0.7,Target-Only,0.3684594854978789,0.9959369587515918,0.9731365077481264,0.9283616187989556,0.9230769230769231,0.0,-1.5852407414205283,0.9765625,384,0.9326860313315927,0.9260634247171453,False,,,target_only,0.0,False
37,scale_0.7,Fixed-Transfer,0.41147860883004034,0.9816421531681899,0.9491493167407006,0.9098944734551784,0.7948717948717948,0.09302692180502962,7.394817027790019,0.3932291666666667,384,0.9326860313315927,0.9260634247171453,False,,,fixed,0.04301912333216146,True
37,scale_0.7,Calibrated-Transfer,0.37746752081265894,0.9855549533425706,0.955481757146248,0.9174281984334204,0.8205128205128205,0.05132596564306279,2.977696733673151,0.5026041666666666,384,0.9326860313315927,0.9260634247171453,False,,,calibrated,0.00900803531478006,False
37,scale_0.7,Gated-Transfer,0.37746752081265894,0.9855549533425706,0.955481757146248,0.9174281984334204,0.8205128205128205,0.05132596564306279,2.977696733673151,0.5026041666666666,384,0.9326860313315927,0.9260634247171453,True,0.7339357400391238,0.9285714285714286,calibrated,0.00900803531478006,False
37,scale_1.5,Target-Only,0.5804865449909281,0.985116861553961,0.9035169628022109,0.8662967798085291,0.8205128205128205,0.026277838511158957,0.279238700869964,0.9270833333333334,384,0.9458496518711923,0.9408045039164491,False,,,target_only,0.0,False
37,scale_1.5,Fixed-Transfer,0.340357049988487,0.9965623362418305,0.9748024821131871,0.9346170583115753,0.9230769230769231,0.026277838511158957,29.83703953135543,0.3203125,384,0.9458496518711923,0.9408045039164491,False,,,fixed,-0.24012949500244113,False
37,scale_1.5,Calibrated-Transfer,0.3525958090573187,0.9945750475227971,0.9766085415889594,0.9369832463011314,0.8974358974358975,0.026277838511158957,12.352881168545855,0.4244791666666667,384,0.9458496518711923,0.9408045039164491,False,,,calibrated,-0.22789073593360942,False
37,scale_1.5,Gated-Transfer,0.3525958090573187,0.9945750475227971,0.9766085415889594,0.9369832463011314,0.8974358974358975,0.026277838511158957,12.352881168545855,0.4244791666666667,384,0.9458496518711923,0.9408045039164491,True,0.8104199511215219,1.0,calibrated,-0.22789073593360942,False
37,rotate_45,Target-Only,0.4310593867460299,0.991937624610672,0.9055341036248347,0.8741840731070496,0.8974358974358975,0.009659352547571817,-0.5612459668079043,0.9479166666666666,384,0.7617493472584856,0.7602670800696257,False,,,target_only,0.0,False
37,rotate_45,Fixed-Transfer,0.5583164056589056,0.806188039779688,0.8482939710420128,0.8312119234116623,0.46153846153846156,0.2497275429119275,-0.2544860963388769,0.8958333333333334,384,0.7617493472584856,0.7602670800696257,False,,,fixed,0.12725701891287572,True
37,rotate_45,Calibrated-Transfer,0.43868147419719433,0.9616491938851813,0.8986044471194601,0.864406549173194,0.7692307692307693,0.0677876414502567,-0.4790562295930088,0.8880208333333334,384,0.7617493472584856,0.7602670800696257,False,,,calibrated,0.007622087451164439,False
37,rotate_45,Gated-Transfer,0.43868147419719433,0.9616491938851813,0.8986044471194601,0.864406549173194,0.7692307692307693,0.0677876414502567,-0.4790562295930088,0.8880208333333334,384,0.7617493472584856,0.7602670800696257,True,0.0634760504742922,0.7142857142857143,calibrated,0.007622087451164439,False
37,anisotropy_swap,Target-Only,0.5061427519873554,0.9749877022197538,0.9382375131396019,0.8886939730200174,0.717948717948718,0.05829289589189266,-0.6109469658311227,0.9322916666666666,384,0.7176348999129678,0.712943320278503,False,,,target_only,0.0,False
37,anisotropy_swap,Fixed-Transfer,0.6571014306045959,0.9855272739322173,0.7813156980095621,0.7971741731940818,0.7692307692307693,0.0,2.4245468560319394,0.4375,384,0.7176348999129678,0.712943320278503,False,,,fixed,0.15095867861724055,True
37,anisotropy_swap,Calibrated-Transfer,0.608847364141175,0.9838675020843158,0.81714209419823,0.8157365100087032,0.7435897435897436,0.0,1.856455979908209,0.4609375,384,0.7176348999129678,0.712943320278503,False,,,calibrated,0.10270461215381965,True
37,anisotropy_swap,Gated-Transfer,0.608847364141175,0.9838675020843158,0.81714209419823,0.8157365100087032,0.7435897435897436,0.0,1.856455979908209,0.4609375,384,0.7176348999129678,0.712943320278503,True,0.3605147308511892,0.6785714285714286,calibrated,0.10270461215381965,True
37,roughness,Target-Only,0.7974826914050178,0.8034021322159349,0.6103900342477365,0.7140448215839861,0.3076923076923077,0.08523475106306624,2.2268948735503993,0.5963541666666666,384,0.7932441253263708,0.7919794386422977,False,,,target_only,0.0,False
37,roughness,Fixed-Transfer,0.6794900255288913,0.7750037413199428,0.7257593418331016,0.7623612924281984,0.2564102564102564,0.04801994667038667,13.522873755533274,0.2994791666666667,384,0.7932441253263708,0.7919794386422977,False,,,fixed,-0.11799266587612656,False
37,roughness,Calibrated-Transfer,0.6886215490151338,0.7834557457535564,0.7168182665898072,0.7584176457789382,0.28205128205128205,0.04801994667038667,13.563587877751734,0.2916666666666667,384,0.7932441253263708,0.7919794386422977,False,,,calibrated,-0.10886114238988398,False
37,roughness,Gated-Transfer,0.6886215490151338,0.7834557457535564,0.7168182665898072,0.7584176457789382,0.28205128205128205,0.04801994667038667,13.563587877751734,0.2916666666666667,384,0.7932441253263708,0.7919794386422977,True,0.46082968112668343,0.8928571428571429,calibrated,-0.10886114238988398,False
37,reversal,Target-Only,0.6373811439009437,0.894423785991997,0.909168051269879,0.8677246518711923,0.5641025641025641,0.34682334319627134,-0.2543783662289499,0.8385416666666666,384,0.0,0.015815382941688425,False,,,target_only,0.0,False
37,reversal,Fixed-Transfer,0.9586028316187761,0.6981173424773648,0.546931055237191,0.6973999129677981,0.15384615384615385,0.5250319823021364,-0.04150716865555767,0.8932291666666666,384,0.0,0.015815382941688425,False,,,fixed,0.32122168771783244,True
37,reversal,Calibrated-Transfer,0.6373811439009437,0.894423785991997,0.909168051269879,0.8677246518711923,0.5641025641025641,0.34682334319627134,-0.2543783662289499,0.8385416666666666,384,0.0,0.015815382941688425,False,,,target_only,0.0,False
37,reversal,Gated-Transfer,0.6373811439009437,0.894423785991997,0.909168051269879,0.8677246518711923,0.5641025641025641,0.34682334319627134,-0.2543783662289499,0.8385416666666666,384,0.0,0.015815382941688425,False,0.0,0.0,target_only,0.0,False
37,independent_expert,Target-Only,0.6373811439009437,0.9893404673433667,0.909168051269879,0.8677246518711923,0.8205128205128205,0.025929852630613506,-0.2543783662289499,0.8385416666666666,384,0.4810976936466493,0.47586921263169374,False,,,target_only,0.0,False
37,independent_expert,Fixed-Transfer,1.6672077598279254,0.5847059546934268,0.23052477874605812,0.5765067449956484,0.23076923076923078,0.34609461255555546,4.57277226351526,0.4557291666666667,384,0.4810976936466493,0.47586921263169374,False,,,fixed,1.0298266159269818,True
37,independent_expert,Calibrated-Transfer,0.6373811439009437,0.9893404673433667,0.909168051269879,0.8677246518711923,0.8205128205128205,0.025929852630613506,-0.2543783662289499,0.8385416666666666,384,0.4810976936466493,0.47586921263169374,False,,,target_only,0.0,False
37,independent_expert,Gated-Transfer,0.6373811439009437,0.9893404673433667,0.909168051269879,0.8677246518711923,0.8205128205128205,0.025929852630613506,-0.2543783662289499,0.8385416666666666,384,0.4810976936466493,0.47586921263169374,False,-0.0035978487793808,0.42857142857142855,target_only,0.0,False
53,identity,Target-Only,0.6577150396780818,0.9816982614039372,0.8423192668949849,0.8273906657963447,0.7435897435897436,0.024990309994365193,-0.39708031059644977,0.8984375,384,1.0,0.9843871125678304,False,,,target_only,0.0,False
53,identity,Fixed-Transfer,0.3354257293137959,0.9973461105964859,0.986122673018887,0.9513027632724108,0.9743589743589743,0.04339401015162863,4.921782350472772,0.421875,384,1.0,0.9843871125678304,False,,,fixed,-0.3222893103642859,False
53,identity,Calibrated-Transfer,0.3533286988706873,0.997496006003788,0.9852134973381711,0.9511803742384682,0.9743589743589743,0.04339401015162863,3.1167494467999046,0.5078125,384,1.0,0.9843871125678304,False,,,calibrated,-0.30438634080739446,False
53,identity,Gated-Transfer,0.3533286988706873,0.997496006003788,0.9852134973381711,0.9511803742384682,0.9743589743589743,0.04339401015162863,3.1167494467999046,0.5078125,384,1.0,0.9843871125678304,True,0.7145485271320823,0.9642857142857143,calibrated,-0.30438634080739446,False
53,output_affine,Target-Only,0.6577150396780818,0.9816982614039372,0.8423192668949849,0.8273906657963447,0.7435897435897436,0.024990309994365172,0.5192104212777053,0.8984375,384,1.0,0.9843871125678304,False,,,target_only,0.0,False
53,output_affine,Fixed-Transfer,0.3354257293137959,0.9973461105964859,0.986122673018887,0.9513027632724108,0.9743589743589743,0.04339401015162878,5.838073082346928,0.421875,384,1.0,0.9843871125678304,False,,,fixed,-0.3222893103642859,False
53,output_affine,Calibrated-Transfer,0.35332869887068735,0.997496006003788,0.9852134973381711,0.9511803742384682,0.9743589743589743,0.04339401015162878,4.033040178674068,0.5078125,384,1.0,0.9843871125678304,False,,,calibrated,-0.3043863408073944,False
53,output_affine,Gated-Transfer,0.35332869887068735,0.997496006003788,0.9852134973381711,0.9511803742384682,0.9743589743589743,0.04339401015162878,4.033040178674068,0.5078125,384,1.0,0.9843871125678304,True,0.7154295845743428,0.9642857142857143,calibrated,-0.3043863408073944,False
53,scale_0.7,Target-Only,0.5138835351476023,0.9779571408426341,0.873483647553491,0.847598455178416,0.7692307692307693,0.0442718806884203,-1.2618530701272654,0.9895833333333334,384,0.9329308093994778,0.9301772089923703,False,,,target_only,0.0,False
53,scale_0.7,Fixed-Transfer,0.3778668716350516,0.9810995072157858,0.9473188854226714,0.9024559399477807,0.7948717948717948,0.0442718806884203,1.8221214773128216,0.4609375,384,0.9329308093994778,0.9301772089923703,False,,,fixed,-0.1360166635125507,False
53,scale_0.7,Calibrated-Transfer,0.34345906615230376,0.9831703734403481,0.9519633108405955,0.9063451914708442,0.8205128205128205,0.0442718806884203,0.2895796882360652,0.5442708333333334,384,0.9329308093994778,0.9301772089923703,False,,,calibrated,-0.17042446899529856,False
53,scale_0.7,Gated-Transfer,0.34345906615230376,0.9831703734403481,0.9519633108405955,0.9063451914708442,0.8205128205128205,0.0442718806884203,0.2895796882360652,0.5442708333333334,384,0.9329308093994778,0.9301772089923703,True,0.7676052512416272,0.9642857142857143,calibrated,-0.17042446899529856,False
53,scale_1.5,Target-Only,0.6450114521221864,0.9847405503887456,0.8298616527076057,0.8231070496083551,0.7948717948717948,0.02662974953583376,0.3665908366936626,0.9348958333333334,384,0.945278503046127,0.9400780644371608,False,,,target_only,0.0,False
53,scale_1.5,Fixed-Transfer,0.35392035380824965,0.9891945745600248,0.9625709962361398,0.9169794386422977,0.8974358974358975,0.05005098672227017,4.976138382130305,0.4557291666666667,384,0.945278503046127,0.9400780644371608,False,,,fixed,-0.2910910983139367,False
53,scale_1.5,Calibrated-Transfer,0.36229165494426724,0.9946835494612768,0.9638995795327389,0.9192912315056571,0.8974358974358975,0.00583135726915739,3.4492711473465856,0.5364583333333334,384,0.945278503046127,0.9400780644371608,False,,,calibrated,-0.2827197971779191,False
53,scale_1.5,Gated-Transfer,0.36229165494426724,0.9946835494612768,0.9638995795327389,0.9192912315056571,0.8974358974358975,0.00583135726915739,3.4492711473465856,0.5364583333333334,384,0.945278503046127,0.9400780644371608,True,0.702704582339709,1.0,calibrated,-0.2827197971779191,False
53,rotate_45,Target-Only,0.4044363044396078,0.9829394374790572,0.8943953239971516,0.8663919712793734,0.8205128205128205,0.021296672261544698,-0.383368286927825,1.0,384,0.7609198215839861,0.7592514518081301,False,,,target_only,0.0,False
53,rotate_45,Fixed-Transfer,0.6889275580585792,0.833272801879288,0.8495329083449188,0.8374537641427328,0.5128205128205128,0.2380132885658606,-0.1483596808289233,0.921875,384,0.7609198215839861,0.7592514518081301,False,,,fixed,0.2844912536189714,True
53,rotate_45,Calibrated-Transfer,0.4741652204884824,0.9343111935151712,0.8999743565833644,0.8685405787641427,0.6410256410256411,0.09833063030320802,-0.45295589055618235,0.9557291666666666,384,0.7609198215839861,0.7592514518081301,False,,,calibrated,0.0697289160488746,True
53,rotate_45,Gated-Transfer,0.4044363044396078,0.9829394374790572,0.8943953239971516,0.8663919712793734,0.8205128205128205,0.021296672261544698,-0.383368286927825,1.0,384,0.7609198215839861,0.7592514518081301,False,-0.11224918825856531,0.8571428571428571,target_only,0.0,False
53,anisotropy_swap,Target-Only,0.4833007830548767,0.9782509953403629,0.895649096334475,0.8582191035683203,0.717948717948718,0.0,-0.5294703601970078,1.0,384,0.7257397737162751,0.7244352568374383,False,,,target_only,0.0,False
53,anisotropy_swap,Fixed-Transfer,0.8726788584471389,0.9492533072619089,0.7013012444474584,0.7565682114882507,0.6666666666666666,0.07089686705255552,0.8688974032493465,0.5260416666666666,384,0.7257397737162751,0.7244352568374383,False,,,fixed,0.38937807539226216,True
53,anisotropy_swap,Calibrated-Transfer,0.7512821247850862,0.9758806504934996,0.7459924214167033,0.7790062010443864,0.7435897435897436,0.009345553354200929,0.33974209543949896,0.609375,384,0.7257397737162751,0.7244352568374383,False,,,calibrated,0.26798134173020943,True
53,anisotropy_swap,Gated-Transfer,0.7512821247850862,0.9758806504934996,0.7459924214167033,0.7790062010443864,0.7435897435897436,0.009345553354200929,0.33974209543949896,0.609375,384,0.7257397737162751,0.7244352568374383,True,0.25773377766419997,0.8928571428571429,calibrated,0.26798134173020943,True
53,roughness,Target-Only,0.8444110120519568,0.773163948051627,0.6673588976297854,0.7308937119234117,0.20512820512820512,0.033869528311385094,1.314505679758041,0.7265625,384,0.7910139251523064,0.7895388214174,False,,,target_only,0.0,False
53,roughness,Fixed-Transfer,0.8361752285409866,0.7444324061175605,0.7147155064256893,0.7508295256744996,0.3076923076923077,0.28321594998301486,6.752792173476891,0.4765625,384,0.7910139251523064,0.7895388214174,False,,,fixed,-0.008235783510970207,False
53,roughness,Calibrated-Transfer,0.8009620914839151,0.7195110664788916,0.7159658878980029,0.7514822671888599,0.3076923076923077,0.6366407908651119,6.650860530111635,0.4765625,384,0.7910139251523064,0.7895388214174,False,,,calibrated,-0.04344892056804173,False
53,roughness,Gated-Transfer,0.8009620914839151,0.7195110664788916,0.7159658878980029,0.7514822671888599,0.3076923076923077,0.6366407908651119,6.650860530111635,0.4765625,384,0.7910139251523064,0.7895388214174,True,0.3615032307224936,0.9285714285714286,calibrated,-0.04344892056804173,False
53,reversal,Target-Only,0.6577150396780818,0.8799539524030986,0.8423192668949849,0.8273906657963447,0.38461538461538464,0.31813703046873126,-0.39708031059644977,0.8984375,384,0.0,0.01561288743216962,False,,,target_only,0.0,False
53,reversal,Fixed-Transfer,1.1197335828546688,0.7082667418330886,0.28200489132277645,0.60082136640557,0.23076923076923078,0.46642752845118,0.09868859713381684,0.9557291666666666,384,0.0,0.01561288743216962,False,,,fixed,0.4620185431765871,True
53,reversal,Calibrated-Transfer,0.6577150396780818,0.8799539524030986,0.8423192668949849,0.8273906657963447,0.38461538461538464,0.31813703046873126,-0.39708031059644977,0.8984375,384,0.0,0.01561288743216962,False,,,target_only,0.0,False
53,reversal,Gated-Transfer,0.6577150396780818,0.8799539524030986,0.8423192668949849,0.8273906657963447,0.38461538461538464,0.31813703046873126,-0.39708031059644977,0.8984375,384,0.0,0.01561288743216962,False,0.0,0.03571428571428571,target_only,0.0,False
53,independent_expert,Target-Only,0.6577150396780818,0.9816982614039372,0.8423192668949849,0.8273906657963447,0.7435897435897436,0.024990309994365193,-0.39708031059644977,0.8984375,384,0.4931054177545692,0.501309829176445,False,,,target_only,0.0,False
53,independent_expert,Fixed-Transfer,1.3314530857205609,0.7730856635745998,0.516060196331084,0.6772193211488251,0.23076923076923078,0.17339015185675385,1.9565276356193582,0.6484375,384,0.4931054177545692,0.501309829176445,False,,,fixed,0.6737380460424791,True
53,independent_expert,Calibrated-Transfer,0.6577150396780818,0.9816982614039372,0.8423192668949849,0.8273906657963447,0.7435897435897436,0.024990309994365193,-0.39708031059644977,0.8984375,384,0.4931054177545692,0.501309829176445,False,,,target_only,0.0,False
53,independent_expert,Gated-Transfer,0.6577150396780818,0.9816982614039372,0.8423192668949849,0.8273906657963447,0.7435897435897436,0.024990309994365193,-0.39708031059644977,0.8984375,384,0.4931054177545692,0.501309829176445,False,0.0,0.4642857142857143,target_only,0.0,False
71,identity,Target-Only,0.49398285749545284,0.98776063881446,0.9286776050320437,0.8855390557006092,0.8205128205128205,0.015693789447120653,-0.4835287878658458,0.9765625,384,1.0,0.9849047366488516,False,,,target_only,0.0,False
71,identity,Fixed-Transfer,0.4520879132796146,0.9902938759584481,0.9645538045505408,0.9220109878154917,0.8461538461538461,0.01823060468877902,-0.1101757307331529,0.7604166666666666,384,1.0,0.9849047366488516,False,,,fixed,-0.041894944215838226,False
71,identity,Calibrated-Transfer,0.43640515850500217,0.9954261317517576,0.9655360957580279,0.9250435161009574,0.9230769230769231,0.01823060468877902,-0.25273267221068546,0.7734375,384,1.0,0.9849047366488516,False,,,calibrated,-0.057577698990450676,False
71,identity,Gated-Transfer,0.43640515850500217,0.9954261317517576,0.9655360957580279,0.9250435161009574,0.9230769230769231,0.01823060468877902,-0.25273267221068546,0.7734375,384,1.0,0.9849047366488516,True,0.4957849221518124,1.0,calibrated,-0.057577698990450676,False
71,output_affine,Target-Only,0.4939828574954529,0.98776063881446,0.9286776050320437,0.8855390557006092,0.8205128205128205,0.01569378944712055,0.4327619440083092,0.9765625,384,1.0,0.9849047366488516,False,,,target_only,0.0,False
71,output_affine,Fixed-Transfer,0.4520879132796143,0.9902938759584481,0.9645538045505408,0.9220109878154917,0.8461538461538461,0.01823060468877881,0.8061150011410003,0.7604166666666666,384,1.0,0.9849047366488516,False,,,fixed,-0.041894944215838614,False
71,output_affine,Calibrated-Transfer,0.436405158505002,0.9954261317517576,0.9655360957580279,0.9250435161009574,0.9230769230769231,0.01823060468877881,0.6635580596634671,0.7734375,384,1.0,0.9849047366488516,False,,,calibrated,-0.0575776989904509,False
71,output_affine,Gated-Transfer,0.436405158505002,0.9954261317517576,0.9655360957580279,0.9250435161009574,0.9230769230769231,0.01823060468877881,0.6635580596634671,0.7734375,384,1.0,0.9849047366488516,True,0.5143128658929427,1.0,calibrated,-0.0575776989904509,False
71,scale_0.7,Target-Only,0.4399522510630032,0.9918190169529023,0.9215773456308705,0.8789164490861618,0.8461538461538461,0.01713079511759272,-1.2275748002877591,0.9895833333333334,384,0.9323324630113142,0.9305889872574218,False,,,target_only,0.0,False
71,scale_0.7,Fixed-Transfer,0.4847861001240173,0.9858442033293275,0.936752102336306,0.8943646649260226,0.8461538461538461,0.018198512230380184,0.14209785635224928,0.6848958333333334,384,0.9323324630113142,0.9305889872574218,False,,,fixed,0.04483384906101412,True
71,scale_0.7,Calibrated-Transfer,0.45684536578007984,0.9892907406762104,0.9382656997049948,0.8959149260226283,0.8461538461538461,0.01900781491136111,-0.3576510237240394,0.7291666666666666,384,0.9323324630113142,0.9305889872574218,False,,,calibrated,0.016893114717076663,True
71,scale_0.7,Gated-Transfer,0.45684536578007984,0.9892907406762104,0.9382656997049948,0.8959149260226283,0.8461538461538461,0.01900781491136111,-0.3576510237240394,0.7291666666666666,384,0.9323324630113142,0.9305889872574218,True,0.5876798185807658,0.9285714285714286,calibrated,0.016893114717076663,True
71,scale_1.5,Target-Only,0.4453557920176505,0.9925656641623586,0.9489941846665084,0.9066715622280244,0.8717948717948718,0.0,0.2469503422232341,0.984375,384,0.9441634029590948,0.9436987475011219,False,,,target_only,0.0,False
71,scale_1.5,Fixed-Transfer,0.4157636276097808,0.9805318547497047,0.9510369689057679,0.9060052219321149,0.8461538461538461,0.009692597153178006,0.7434467736283793,0.734375,384,0.9441634029590948,0.9436987475011219,False,,,fixed,-0.029592164407869714,False
71,scale_1.5,Calibrated-Transfer,0.3961922076273265,0.9902962415544604,0.9566087959038351,0.9124102480417755,0.8974358974358975,0.009692597153178006,0.5135328024513096,0.7708333333333334,384,0.9441634029590948,0.9436987475011219,False,,,calibrated,-0.04916358439032403,False
71,scale_1.5,Gated-Transfer,0.3961922076273265,0.9902962415544604,0.9566087959038351,0.9124102480417755,0.8974358974358975,0.009692597153178006,0.5135328024513096,0.7708333333333334,384,0.9441634029590948,0.9436987475011219,True,0.4730849343439025,0.9642857142857143,calibrated,-0.04916358439032403,False
71,rotate_45,Target-Only,0.5042181198125408,0.9812471171969007,0.8806667712183378,0.8514197127937336,0.7692307692307693,0.00013954187796065318,-0.4202635047882919,0.9713541666666666,384,0.7830314403829417,0.780017135163804,False,,,target_only,0.0,False
71,rotate_45,Fixed-Transfer,0.5647978856482287,0.9275890780048988,0.8269588603302702,0.8222095300261096,0.717948717948718,0.00013954187796065318,-0.2117891895143269,0.8046875,384,0.7830314403829417,0.780017135163804,False,,,fixed,0.060579765835687915,True
71,rotate_45,Calibrated-Transfer,0.5236192889717873,0.976895927455531,0.8486084737716592,0.8335237162750218,0.7692307692307693,0.00013954187796065318,-0.300386510322498,0.8072916666666666,384,0.7830314403829417,0.780017135163804,False,,,calibrated,0.0194011691592465,True
71,rotate_45,Gated-Transfer,0.5236192889717873,0.976895927455531,0.8486084737716592,0.8335237162750218,0.7692307692307693,0.00013954187796065318,-0.300386510322498,0.8072916666666666,384,0.7830314403829417,0.780017135163804,True,0.08556143176084886,0.8571428571428571,calibrated,0.0194011691592465,True
71,anisotropy_swap,Target-Only,0.6209034502825418,0.9754346219382968,0.8183564477298159,0.8145126196692777,0.6923076923076923,0.01851266838063927,-0.40684957745577544,0.9036458333333334,384,0.7216465404699739,0.7180857574150381,False,,,target_only,0.0,False
71,anisotropy_swap,Fixed-Transfer,0.6150469299537741,0.9808896158238609,0.8038905937404632,0.8117792645778938,0.6923076923076923,0.01851266838063927,0.5941310564905998,0.5572916666666666,384,0.7216465404699739,0.7180857574150381,False,,,fixed,-0.0058565203287677114,False
71,anisotropy_swap,Calibrated-Transfer,0.6056541410542836,0.9800167442306711,0.8104383540741243,0.813832680591819,0.6923076923076923,0.01851266838063927,0.6327035260145227,0.5520833333333334,384,0.7216465404699739,0.7180857574150381,False,,,calibrated,-0.015249309228258179,False
71,anisotropy_swap,Gated-Transfer,0.6056541410542836,0.9800167442306711,0.8104383540741243,0.813832680591819,0.6923076923076923,0.01851266838063927,0.6327035260145227,0.5520833333333334,384,0.7216465404699739,0.7180857574150381,True,0.2514627300874904,0.8571428571428571,calibrated,-0.015249309228258179,False
71,roughness,Target-Only,0.8046570210760234,0.802503266706357,0.5918068224203994,0.7076533942558747,0.3333333333333333,0.24332237971558712,1.1706656218178209,0.6979166666666666,384,0.7799717145343777,0.7790243836100799,False,,,target_only,0.0,False
71,roughness,Fixed-Transfer,0.7786279907473735,0.8029962879159452,0.6610290003729952,0.7317640339425587,0.3076923076923077,0.24332237971558712,8.168230047755463,0.3932291666666667,384,0.7799717145343777,0.7790243836100799,False,,,fixed,-0.026029030328649894,False
71,roughness,Calibrated-Transfer,0.7751993344641781,0.7991396693674495,0.6567340459801295,0.7305537423846823,0.3076923076923077,0.24332237971558712,8.100886734215317,0.3854166666666667,384,0.7799717145343777,0.7790243836100799,False,,,calibrated,-0.029457686611845335,False
71,roughness,Gated-Transfer,0.7751993344641781,0.7991396693674495,0.6567340459801295,0.7305537423846823,0.3076923076923077,0.24332237971558712,8.100886734215317,0.3854166666666667,384,0.7799717145343777,0.7790243836100799,True,0.3389911027720596,0.9285714285714286,calibrated,-0.029457686611845335,False
71,reversal,Target-Only,0.49398285749545284,0.9027739361932409,0.9286776050320437,0.8855390557006092,0.5128205128205128,0.06362019301944279,-0.4835287878658458,0.9765625,384,0.0,0.015095263351148464,False,,,target_only,0.0,False
71,reversal,Fixed-Transfer,0.7618829638899479,0.8736776345006012,0.6678109423213863,0.7486809181897301,0.358974358974359,0.06362019301944279,0.08620811143485696,1.0,384,0.0,0.015095263351148464,False,,,fixed,0.2679001063944951,True
71,reversal,Calibrated-Transfer,0.49398285749545284,0.9027739361932409,0.9286776050320437,0.8855390557006092,0.5128205128205128,0.06362019301944279,-0.4835287878658458,0.9765625,384,0.0,0.015095263351148464,False,,,target_only,0.0,False
71,reversal,Gated-Transfer,0.49398285749545284,0.9027739361932409,0.9286776050320437,0.8855390557006092,0.5128205128205128,0.06362019301944279,-0.4835287878658458,0.9765625,384,0.0,0.015095263351148464,False,0.0,0.0,target_only,0.0,False
71,independent_expert,Target-Only,0.49398285749545284,0.98776063881446,0.9286776050320437,0.8855390557006092,0.8205128205128205,0.015693789447120653,-0.4835287878658458,0.9765625,384,0.49830015230635333,0.4870306004225448,False,,,target_only,0.0,False
71,independent_expert,Fixed-Transfer,2.0724823398128853,0.4726717164628418,0.18680678003458684,0.561398498694517,0.07692307692307693,0.4380533185338327,3.6878318643342936,0.46875,384,0.49830015230635333,0.4870306004225448,False,,,fixed,1.5784994823174325,True
71,independent_expert,Calibrated-Transfer,0.5784354453068118,0.9513658367359957,0.863421467566376,0.8385688642297651,0.6666666666666666,0.049041979889372776,-0.35655510536399354,0.9739583333333334,384,0.49830015230635333,0.4870306004225448,False,,,calibrated,0.08445258781135895,True
71,independent_expert,Gated-Transfer,0.49398285749545284,0.98776063881446,0.9286776050320437,0.8855390557006092,0.8205128205128205,0.015693789447120653,-0.4835287878658458,0.9765625,384,0.49830015230635333,0.4870306004225448,False,-0.05564919206907604,0.5357142857142857,target_only,0.0,False
89,identity,Target-Only,0.6717740797133298,0.961478664001966,0.8338876691193923,0.8221823324630113,0.717948717948718,0.04847820313149341,0.4733557438086738,0.7682291666666666,384,1.0,0.982335182767624,False,,,target_only,0.0,False
89,identity,Fixed-Transfer,0.4446740006619026,0.9693905553694598,0.9774677020107829,0.9332571801566579,0.7948717948717948,0.10364428592333096,2.3922026687897326,0.7083333333333334,384,1.0,0.982335182767624,False,,,fixed,-0.2271000790514272,False
89,identity,Calibrated-Transfer,0.46161707092134957,0.9921601204834957,0.9814818503950358,0.943864229765013,0.8717948717948718,0.008590537202619245,2.4987083456450105,0.7838541666666666,384,1.0,0.982335182767624,False,,,calibrated,-0.21015700879198024,False
89,identity,Gated-Transfer,0.46161707092134957,0.9921601204834957,0.9814818503950358,0.943864229765013,0.8717948717948718,0.008590537202619245,2.4987083456450105,0.7838541666666666,384,1.0,0.982335182767624,True,0.4580448864565976,1.0,calibrated,-0.21015700879198024,False
89,output_affine,Target-Only,0.67177407971333,0.961478664001966,0.8338876691193923,0.8221823324630113,0.717948717948718,0.04847820313149358,1.389646475682829,0.7682291666666666,384,1.0,0.982335182767624,False,,,target_only,0.0,False
89,output_affine,Fixed-Transfer,0.4446740006619029,0.9693905553694598,0.9774677020107829,0.9332571801566579,0.7948717948717948,0.10364428592333093,3.3084934006638886,0.7083333333333334,384,1.0,0.982335182767624,False,,,fixed,-0.22710007905142715,False
89,output_affine,Calibrated-Transfer,0.46161707092134974,0.9921601204834957,0.9814818503950358,0.943864229765013,0.8717948717948718,0.008590537202619403,3.414999077519161,0.7838541666666666,384,1.0,0.982335182767624,False,,,calibrated,-0.2101570087919803,False
89,output_affine,Gated-Transfer,0.46161707092134974,0.9921601204834957,0.9814818503950358,0.943864229765013,0.8717948717948718,0.008590537202619403,3.414999077519161,0.7838541666666666,384,1.0,0.982335182767624,True,0.4109311249053401,1.0,calibrated,-0.2101570087919803,False
89,scale_0.7,Target-Only,0.7992432001823107,0.9125662979366941,0.6186550557797295,0.7232783942558747,0.46153846153846156,0.09721988332628598,1.887608465217269,0.4661458333333333,384,0.9231940818102699,0.9168978459530026,False,,,target_only,0.0,False
89,scale_0.7,Fixed-Transfer,0.5632296957009223,0.8978865613560475,0.9134545285002204,0.8682006092254134,0.5641025641025641,0.31554994043929574,5.197028963976826,0.3307291666666667,384,0.9231940818102699,0.9168978459530026,False,,,fixed,-0.23601350448138836,False
89,scale_0.7,Calibrated-Transfer,0.6062892353311627,0.912072001126276,0.8859327845783459,0.849638272410792,0.5641025641025641,0.31554994043929574,6.4381191568464615,0.3515625,384,0.9231940818102699,0.9168978459530026,False,,,calibrated,-0.1929539648511479,False
89,scale_0.7,Gated-Transfer,0.6062892353311627,0.912072001126276,0.8859327845783459,0.849638272410792,0.5641025641025641,0.31554994043929574,6.4381191568464615,0.3515625,384,0.9231940818102699,0.9168978459530026,True,0.5282571686890005,0.8571428571428571,calibrated,-0.1929539648511479,False
89,scale_1.5,Target-Only,0.6077209406747575,0.9593758860283971,0.9131737224916076,0.8707163838120104,0.6923076923076923,0.03137105861159155,0.7869997571372539,0.8359375,384,0.945115317667537,0.9393630330722367,False,,,target_only,0.0,False
89,scale_1.5,Fixed-Transfer,0.4435990912538675,0.9761624210426861,0.9630681818181818,0.9208142950391645,0.8205128205128205,0.07919373489655895,6.050939880447165,0.484375,384,0.945115317667537,0.9393630330722367,False,,,fixed,-0.16412184942088998,False
89,scale_1.5,Calibrated-Transfer,0.44089793554492446,0.9930445579221592,0.9714891831406192,0.9306462140992167,0.8974358974358975,0.0,5.036217160554188,0.5703125,384,0.945115317667537,0.9393630330722367,False,,,calibrated,-0.166823005129833,False
89,scale_1.5,Gated-Transfer,0.44089793554492446,0.9930445579221592,0.9714891831406192,0.9306462140992167,0.8974358974358975,0.0,5.036217160554188,0.5703125,384,0.945115317667537,0.9393630330722367,True,0.5795748684166983,0.8928571428571429,calibrated,-0.166823005129833,False
89,rotate_45,Target-Only,0.6016660171382613,0.9516186003429469,0.8610292123020583,0.8320414490861618,0.6153846153846154,0.04830082291425632,-0.4228460773095641,0.9192708333333334,384,0.7703437771975631,0.7701941906005222,False,,,target_only,0.0,False
89,rotate_45,Fixed-Transfer,0.5610694220033101,0.9428264121014993,0.8763321860906718,0.8482511966927764,0.717948717948718,0.025258160878430407,-0.001368094076921798,0.7526041666666666,384,0.7703437771975631,0.7701941906005222,False,,,fixed,-0.040596595134951174,False
89,rotate_45,Calibrated-Transfer,0.43430124230888034,0.9751561559621543,0.9230394442372248,0.8789844429939078,0.717948717948718,0.005731972508537258,-0.49716670893050113,0.859375,384,0.7703437771975631,0.7701941906005222,False,,,calibrated,-0.16736477482938095,False
89,rotate_45,Gated-Transfer,0.43430124230888034,0.9751561559621543,0.9230394442372248,0.8789844429939078,0.717948717948718,0.005731972508537258,-0.49716670893050113,0.859375,384,0.7703437771975631,0.7701941906005222,True,0.27802078274207065,0.8571428571428571,calibrated,-0.16736477482938095,False
89,anisotropy_swap,Target-Only,0.46566677772435805,0.9249355070781328,0.8944288087891221,0.8587358572671888,0.5128205128205128,0.14775555433314147,-0.4333421472874366,0.9921875,384,0.6725277415143603,0.6720517841601392,False,,,target_only,0.0,False
89,anisotropy_swap,Fixed-Transfer,0.8471336508758779,0.8775708089583103,0.7780725475568818,0.797350957354221,0.6153846153846154,0.22505082899085307,0.09172505867413877,0.8802083333333334,384,0.6725277415143603,0.6720517841601392,False,,,fixed,0.38146687315151984,True
89,anisotropy_swap,Calibrated-Transfer,0.40399656521339367,0.9692750197435385,0.9494392356990268,0.905774042645779,0.7692307692307693,0.14800601997104446,-0.5708496703345403,0.9921875,384,0.6725277415143603,0.6720517841601392,False,,,calibrated,-0.061670212510964384,False
89,anisotropy_swap,Gated-Transfer,0.46566677772435805,0.9249355070781328,0.8944288087891221,0.8587358572671888,0.5128205128205128,0.14775555433314147,-0.4333421472874366,0.9921875,384,0.6725277415143603,0.6720517841601392,False,-0.23301314850181262,0.6785714285714286,target_only,0.0,False
89,roughness,Target-Only,0.8191673144362568,0.7309786465610869,0.6232130141399072,0.7173493255004352,0.3076923076923077,0.4022940640661172,2.856859496313558,0.6067708333333334,384,0.7857511966927764,0.7832082245430809,False,,,target_only,0.0,False
89,roughness,Fixed-Transfer,0.8846735430877153,0.7445790176909816,0.6949524855040521,0.7477154046997389,0.3076923076923077,0.20181439221896716,5.557710051762387,0.4661458333333333,384,0.7857511966927764,0.7832082245430809,False,,,fixed,0.0655062286514585,True
89,roughness,Calibrated-Transfer,0.8005369654655266,0.7267683370960002,0.6889209843681123,0.7449820496083551,0.28205128205128205,0.36968841892394094,5.853205793453237,0.4869791666666667,384,0.7857511966927764,0.7832082245430809,False,,,calibrated,-0.018630348970730237,False
89,roughness,Gated-Transfer,0.8005369654655266,0.7267683370960002,0.6889209843681123,0.7449820496083551,0.28205128205128205,0.36968841892394094,5.853205793453237,0.4869791666666667,384,0.7857511966927764,0.7832082245430809,True,0.08740566227904613,0.7142857142857143,calibrated,-0.018630348970730237,False
89,reversal,Target-Only,0.6717740797133298,0.9240742594895263,0.8338876691193923,0.8221823324630113,0.48717948717948717,0.3406551041266939,0.4733557438086738,0.7682291666666666,384,0.0,0.01766481723237598,False,,,target_only,0.0,False
89,reversal,Fixed-Transfer,1.0667301588928262,0.748214635141746,0.14328672306805468,0.5466302219321149,0.4358974358974359,0.4399097960990462,0.5938556656440617,0.7421875,384,0.0,0.01766481723237598,False,,,fixed,0.3949560791794964,True
89,reversal,Calibrated-Transfer,0.6717740797133298,0.9240742594895263,0.8338876691193923,0.8221823324630113,0.48717948717948717,0.3406551041266939,0.4733557438086738,0.7682291666666666,384,0.0,0.01766481723237598,False,,,target_only,0.0,False
89,reversal,Gated-Transfer,0.6717740797133298,0.9240742594895263,0.8338876691193923,0.8221823324630113,0.48717948717948717,0.3406551041266939,0.4733557438086738,0.7682291666666666,384,0.0,0.01766481723237598,False,0.0,0.0,target_only,0.0,False
89,independent_expert,Target-Only,0.6717740797133298,0.961478664001966,0.8338876691193923,0.8221823324630113,0.717948717948718,0.04847820313149341,0.4733557438086738,0.7682291666666666,384,0.5006527415143603,0.5028022635760148,False,,,target_only,0.0,False
89,independent_expert,Fixed-Transfer,1.1126228850412376,0.5066176055019821,0.36002890712420743,0.6229329852045257,0.15384615384615385,0.29293075272362273,1.8273297317960298,0.6067708333333334,384,0.5006527415143603,0.5028022635760148,False,,,fixed,0.4408488053279078,True
89,independent_expert,Calibrated-Transfer,0.6717740797133298,0.961478664001966,0.8338876691193923,0.8221823324630113,0.717948717948718,0.04847820313149341,0.4733557438086738,0.7682291666666666,384,0.5006527415143603,0.5028022635760148,False,,,target_only,0.0,False
89,independent_expert,Gated-Transfer,0.6717740797133298,0.961478664001966,0.8338876691193923,0.8221823324630113,0.717948717948718,0.04847820313149341,0.4733557438086738,0.7682291666666666,384,0.5006527415143603,0.5028022635760148,False,-0.005498039133813473,0.5,target_only,0.0,False
107,identity,Target-Only,0.4743071868304056,0.9672281787358408,0.8880465650537452,0.8595925805047868,0.717948717948718,0.08317343329265232,-0.41794722369518905,0.9609375,384,1.0,0.9820342993920766,False,,,target_only,0.0,False
107,identity,Fixed-Transfer,0.43626229326388816,0.9996304046777834,0.9849973296938049,0.9492901436031331,0.9743589743589743,0.0,2.355554366695536,0.5338541666666666,384,1.0,0.9820342993920766,False,,,fixed,-0.03804489356651747,False
107,identity,Calibrated-Transfer,0.4091520361221107,0.999239546104454,0.9866652114204333,0.9534785683202786,0.9743589743589743,0.0014618476134265076,1.487142090380604,0.6197916666666666,384,1.0,0.9820342993920766,False,,,calibrated,-0.06515515070829492,False
107,identity,Gated-Transfer,0.4091520361221107,0.999239546104454,0.9866652114204333,0.9534785683202786,0.9743589743589743,0.0014618476134265076,1.487142090380604,0.6197916666666666,384,1.0,0.9820342993920766,True,0.4909112703453971,0.9642857142857143,calibrated,-0.06515515070829492,False
107,output_affine,Target-Only,0.47430718683040574,0.9672281787358408,0.8880465650537452,0.8595925805047868,0.717948717948718,0.08317343329265234,0.4983435081789662,0.9609375,384,1.0,0.9820342993920766,False,,,target_only,0.0,False
107,output_affine,Fixed-Transfer,0.436262293263888,0.9996304046777834,0.9849973296938049,0.9492901436031331,0.9743589743589743,0.0,3.2718450985696914,0.5338541666666666,384,1.0,0.9820342993920766,False,,,fixed,-0.038044893566517746,False
107,output_affine,Calibrated-Transfer,0.40915203612211065,0.999239546104454,0.9866652114204333,0.9534785683202786,0.9743589743589743,0.0014618476134262753,2.4034328222547576,0.6197916666666666,384,1.0,0.9820342993920766,False,,,calibrated,-0.06515515070829508,False
107,output_affine,Gated-Transfer,0.40915203612211065,0.999239546104454,0.9866652114204333,0.9534785683202786,0.9743589743589743,0.0014618476134262753,2.4034328222547576,0.6197916666666666,384,1.0,0.9820342993920766,True,0.5573169835015739,0.9642857142857143,calibrated,-0.06515515070829508,False
107,scale_0.7,Target-Only,0.5800031723054015,0.9678681297991739,0.8817393442067071,0.8508621627502175,0.717948717948718,0.030659864146050275,-1.0565045268869528,0.9453125,384,0.9259002393385553,0.9229691686273443,False,,,target_only,0.0,False
107,scale_0.7,Fixed-Transfer,0.5078346608932596,0.9920482491697705,0.9204831558780645,0.8844103568320278,0.8461538461538461,0.0016207097756665398,3.8311342081775677,0.5677083333333334,384,0.9259002393385553,0.9229691686273443,False,,,fixed,-0.07216851141214198,False
107,scale_0.7,Calibrated-Transfer,0.4947080593784267,0.9910204684746724,0.9275013987318165,0.8883404046997389,0.8461538461538461,0.0016207097756665398,2.670796266739154,0.609375,384,0.9259002393385553,0.9229691686273443,False,,,calibrated,-0.08529511292697484,False
107,scale_0.7,Gated-Transfer,0.4947080593784267,0.9910204684746724,0.9275013987318165,0.8883404046997389,0.8461538461538461,0.0016207097756665398,2.670796266739154,0.609375,384,0.9259002393385553,0.9229691686273443,True,0.6737915341467869,0.9285714285714286,calibrated,-0.08529511292697484,False
107,scale_1.5,Target-Only,0.4633780250505276,0.984551532016242,0.9135251008782339,0.8748232158398608,0.8717948717948718,0.028405331185870714,0.34004790129600804,0.9453125,384,0.9423955613577023,0.9380516530892573,False,,,target_only,0.0,False
107,scale_1.5,Fixed-Transfer,0.48213730083949197,0.9959901365940189,0.9596005984876742,0.9137021322889469,0.9230769230769231,0.00146480951770072,3.707541367781078,0.5234375,384,0.9423955613577023,0.9380516530892573,False,,,fixed,0.018759275788964358,True
107,scale_1.5,Calibrated-Transfer,0.4523074133244744,0.9975487532321519,0.968489327252382,0.924309181897302,0.9487179487179487,0.00146480951770072,2.7723840222285374,0.5963541666666666,384,0.9423955613577023,0.9380516530892573,False,,,calibrated,-0.011070611726053226,False
107,scale_1.5,Gated-Transfer,0.4523074133244744,0.9975487532321519,0.968489327252382,0.924309181897302,0.9487179487179487,0.00146480951770072,2.7723840222285374,0.5963541666666666,384,0.9423955613577023,0.9380516530892573,True,0.5713869213801506,0.9642857142857143,calibrated,-0.011070611726053226,False
107,rotate_45,Target-Only,0.640545603429644,0.9687095849058392,0.8806093384422368,0.8473808746736292,0.717948717948718,0.050226963559164645,-0.385649617769729,0.8828125,384,0.7673248476936466,0.7664730922493166,False,,,target_only,0.0,False
107,rotate_45,Fixed-Transfer,0.4760962216753306,0.9640051721871267,0.9218890932826964,0.8771622062663186,0.7435897435897436,0.03847453300617224,-0.5240026585801437,0.8411458333333334,384,0.7673248476936466,0.7664730922493166,False,,,fixed,-0.16444938175431334,False
107,rotate_45,Calibrated-Transfer,0.5098118466563883,0.9701859752448097,0.9308700111898545,0.8838392080069626,0.7435897435897436,0.03847453300617224,-0.39174844951610294,0.828125,384,0.7673248476936466,0.7664730922493166,False,,,calibrated,-0.1307337567732556,False
107,rotate_45,Gated-Transfer,0.5098118466563883,0.9701859752448097,0.9308700111898545,0.8838392080069626,0.7435897435897436,0.03847453300617224,-0.39174844951610294,0.828125,384,0.7673248476936466,0.7664730922493166,True,0.21806752818848657,0.75,calibrated,-0.1307337567732556,False
107,anisotropy_swap,Target-Only,0.7297825017784324,0.9535758103197414,0.8551127886473839,0.8289681244560487,0.6410256410256411,0.04900862983197303,0.5070442525653883,0.7239583333333334,384,0.6738196257615318,0.6738701736729725,False,,,target_only,0.0,False
107,anisotropy_swap,Fixed-Transfer,0.5424919482277315,0.9721781504547673,0.9501979417449391,0.9024423411662315,0.6923076923076923,0.0035746810015396774,-0.3812826816176977,0.8333333333333334,384,0.6738196257615318,0.6738701736729725,False,,,fixed,-0.1872905535507009,False
107,anisotropy_swap,Calibrated-Transfer,0.6408246623041222,0.9625462081835816,0.9247711166118476,0.8778829416884247,0.6410256410256411,0.04900862983197303,0.40219511847815986,0.7135416666666666,384,0.6738196257615318,0.6738701736729725,False,,,calibrated,-0.08895783947431024,False
107,anisotropy_swap,Gated-Transfer,0.7297825017784324,0.9535758103197414,0.8551127886473839,0.8289681244560487,0.6410256410256411,0.04900862983197303,0.5070442525653883,0.7239583333333334,384,0.6738196257615318,0.6738701736729725,False,-0.07083023168675895,0.6785714285714286,target_only,0.0,False
107,roughness,Target-Only,0.7999999406242478,0.7165333691419867,0.5889930402495677,0.706103133159269,0.358974358974359,0.5655376392358695,1.243914894433881,0.7473958333333334,384,0.7798221279373369,0.7748235390118184,False,,,target_only,0.0,False
107,roughness,Fixed-Transfer,0.791861885630563,0.7635266113458,0.6499853768946459,0.7311792863359443,0.358974358974359,0.5983290473620821,6.077419226098889,0.46875,384,0.7798221279373369,0.7748235390118184,False,,,fixed,-0.008138054993684807,False
107,roughness,Calibrated-Transfer,0.7708155363627844,0.7578334022278062,0.6532486606083212,0.7329743255004352,0.38461538461538464,0.5983290473620821,6.116564285975247,0.4869791666666667,384,0.7798221279373369,0.7748235390118184,False,,,calibrated,-0.029184404261463404,False
107,roughness,Gated-Transfer,0.7708155363627844,0.7578334022278062,0.6532486606083212,0.7329743255004352,0.38461538461538464,0.5983290473620821,6.116564285975247,0.4869791666666667,384,0.7798221279373369,0.7748235390118184,True,0.3306063896521923,0.8571428571428571,calibrated,-0.029184404261463404,False
107,reversal,Target-Only,0.4743071868304056,0.9633968022747132,0.8880465650537452,0.8595925805047868,0.7435897435897436,0.19056962882331432,-0.41794722369518905,0.9609375,384,0.0,0.017965700607923404,False,,,target_only,0.0,False
107,reversal,Fixed-Transfer,0.8520198852459692,0.9154373411677919,0.5008500474721101,0.6718478024369017,0.5897435897435898,0.2660084702353909,0.15204808534915745,1.0,384,0.0,0.017965700607923404,False,,,fixed,0.37771269841556354,True
107,reversal,Calibrated-Transfer,0.4743071868304056,0.9633968022747132,0.8880465650537452,0.8595925805047868,0.7435897435897436,0.19056962882331432,-0.41794722369518905,0.9609375,384,0.0,0.017965700607923404,False,,,target_only,0.0,False
107,reversal,Gated-Transfer,0.4743071868304056,0.9633968022747132,0.8880465650537452,0.8595925805047868,0.7435897435897436,0.19056962882331432,-0.41794722369518905,0.9609375,384,0.0,0.017965700607923404,False,0.0,0.03571428571428571,target_only,0.0,False
107,independent_expert,Target-Only,0.4743071868304056,0.9672281787358408,0.8880465650537452,0.8595925805047868,0.717948717948718,0.08317343329265232,-0.41794722369518905,0.9609375,384,0.5027605526544822,0.5089082767350384,False,,,target_only,0.0,False
107,independent_expert,Fixed-Transfer,1.899429911106281,0.7194342865119072,0.29629738733851,0.6022084421235857,0.1794871794871795,0.11793989999055494,3.9337069125287267,0.5182291666666666,384,0.5027605526544822,0.5089082767350384,False,,,fixed,1.4251227242758753,True
107,independent_expert,Calibrated-Transfer,0.4811912090341949,0.9627574542757131,0.8722881557085213,0.8458034160139252,0.717948717948718,0.026820110198906868,-0.3910024132309431,0.9479166666666666,384,0.5027605526544822,0.5089082767350384,False,,,calibrated,0.006884022203789253,False
107,independent_expert,Gated-Transfer,0.4743071868304056,0.9672281787358408,0.8880465650537452,0.8595925805047868,0.717948717948718,0.08317343329265232,-0.41794722369518905,0.9609375,384,0.5027605526544822,0.5089082767350384,False,-0.06356270188968005,0.5,target_only,0.0,False
131,identity,Target-Only,0.6913433320411859,0.9336113372392264,0.8230871282764234,0.812187228024369,0.5641025641025641,0.09887782433477112,-0.13537970177153733,0.8177083333333334,384,1.0,0.9859926835570424,False,,,target_only,0.0,False
131,identity,Fixed-Transfer,0.32464246206829284,0.990915982625511,0.9857795598657216,0.946611183637946,0.8717948717948718,0.030058467279261408,2.201796526005772,0.4661458333333333,384,1.0,0.9859926835570424,False,,,fixed,-0.3667008699728931,False
131,identity,Calibrated-Transfer,0.33896901724884027,0.9932443795816143,0.9844672951069818,0.945985639686684,0.8974358974358975,0.030058467279261408,1.4535343654577728,0.6536458333333334,384,1.0,0.9859926835570424,False,,,calibrated,-0.35237431479234566,False
131,identity,Gated-Transfer,0.33896901724884027,0.9932443795816143,0.9844672951069818,0.945985639686684,0.8974358974358975,0.030058467279261408,1.4535343654577728,0.6536458333333334,384,1.0,0.9859926835570424,True,0.6675913240455779,0.9642857142857143,calibrated,-0.35237431479234566,False
131,output_affine,Target-Only,0.691343332041186,0.9336113372392264,0.8230871282764234,0.812187228024369,0.5641025641025641,0.0988778243347711,0.7809110301026179,0.8177083333333334,384,1.0,0.9859926835570424,False,,,target_only,0.0,False
131,output_affine,Fixed-Transfer,0.32464246206829284,0.990915982625511,0.9857795598657216,0.946611183637946,0.8717948717948718,0.030058467279261408,3.1180872578799215,0.4661458333333333,384,1.0,0.9859926835570424,False,,,fixed,-0.3667008699728932,False
131,output_affine,Calibrated-Transfer,0.33896901724884015,0.9932443795816143,0.9844672951069818,0.945985639686684,0.8974358974358975,0.030058467279261408,2.369825097331926,0.6536458333333334,384,1.0,0.9859926835570424,False,,,calibrated,-0.3523743147923459,False
131,output_affine,Gated-Transfer,0.33896901724884015,0.9932443795816143,0.9844672951069818,0.945985639686684,0.8974358974358975,0.030058467279261408,2.369825097331926,0.6536458333333334,384,1.0,0.9859926835570424,True,0.5892770787786311,0.9642857142857143,calibrated,-0.3523743147923459,False
131,scale_0.7,Target-Only,0.6722641104037012,0.9120967339507884,0.7967547302566885,0.7941552436901653,0.5128205128205128,0.16892884894238455,-0.7292919115022561,0.7447916666666666,384,0.9318429068755439,0.9265227856880585,False,,,target_only,0.0,False
131,scale_0.7,Fixed-Transfer,0.35782997100201785,0.9934216748014331,0.9529951934488488,0.905542863359443,0.8974358974358975,0.02078498240509223,1.6881480111052578,0.4322916666666667,384,0.9318429068755439,0.9265227856880585,False,,,fixed,-0.3144341394016833,False
131,scale_0.7,Calibrated-Transfer,0.38474797824635487,0.9848204245126587,0.9490410209894544,0.9003073324630113,0.8205128205128205,0.02078498240509223,1.5057300253987957,0.4036458333333333,384,0.9318429068755439,0.9265227856880585,False,,,calibrated,-0.2875161321573463,False
131,scale_0.7,Gated-Transfer,0.38474797824635487,0.9848204245126587,0.9490410209894544,0.9003073324630113,0.8205128205128205,0.02078498240509223,1.5057300253987957,0.4036458333333333,384,0.9318429068755439,0.9265227856880585,True,0.5905695242552222,0.9642857142857143,calibrated,-0.2875161321573463,False
131,scale_1.5,Target-Only,0.6375681360207061,0.9087860843079133,0.859969143128412,0.8307223672758921,0.5384615384615384,0.10646159532979663,0.4116063666626107,0.890625,384,0.9465839860748477,0.9422300191750642,False,,,target_only,0.0,False
131,scale_1.5,Fixed-Transfer,0.3522191371541775,0.9418387779045327,0.9613295157844766,0.9155787641427328,0.6923076923076923,0.0829879954956608,4.906528755892938,0.4791666666666667,384,0.9465839860748477,0.9422300191750642,False,,,fixed,-0.28534899886652854,False
131,scale_1.5,Calibrated-Transfer,0.3530621150862744,0.9491945798867778,0.9637745413855074,0.9178361618798956,0.717948717948718,0.0829879954956608,3.233673688984698,0.5260416666666666,384,0.9465839860748477,0.9422300191750642,False,,,calibrated,-0.28450602093443167,False
131,scale_1.5,Gated-Transfer,0.3530621150862744,0.9491945798867778,0.9637745413855074,0.9178361618798956,0.717948717948718,0.0829879954956608,3.233673688984698,0.5260416666666666,384,0.9465839860748477,0.9422300191750642,True,0.7640303611182646,0.9285714285714286,calibrated,-0.28450602093443167,False
131,rotate_45,Target-Only,0.6918915317117613,0.8517360213666825,0.8039647689125495,0.8025592906875544,0.38461538461538464,0.2157343041011703,0.45348142371758104,0.7317708333333334,384,0.7801348999129678,0.7803027212272041,False,,,target_only,0.0,False
131,rotate_45,Fixed-Transfer,0.5122853421359123,0.9221714886327487,0.8806127293072463,0.8506309834638817,0.5897435897435898,0.05482402705549586,-0.2803475937837758,0.8177083333333334,384,0.7801348999129678,0.7803027212272041,False,,,fixed,-0.17960618957584906,False
131,rotate_45,Calibrated-Transfer,0.6107191278167731,0.9603374596821361,0.8795257451425859,0.851528503046127,0.6153846153846154,0.05482402705549586,0.23256133803239706,0.734375,384,0.7801348999129678,0.7803027212272041,False,,,calibrated,-0.08117240389498825,False
131,rotate_45,Gated-Transfer,0.6107191278167731,0.9603374596821361,0.8795257451425859,0.851528503046127,0.6153846153846154,0.05482402705549586,0.23256133803239706,0.734375,384,0.7801348999129678,0.7803027212272041,True,0.06194529485713406,0.6785714285714286,calibrated,-0.08117240389498825,False
131,anisotropy_swap,Target-Only,0.7255109987812158,0.8642216636676096,0.7598987826794615,0.7717580504786771,0.3333333333333333,0.15545131250140556,0.2400939060462622,0.671875,384,0.7221360966057441,0.7216351842030109,False,,,target_only,0.0,False
131,anisotropy_swap,Fixed-Transfer,0.47428992042248336,0.9571973864598264,0.9402425740056288,0.8917129025239339,0.7692307692307693,0.15545131250140556,-0.7774698250504345,0.9427083333333334,384,0.7221360966057441,0.7216351842030109,False,,,fixed,-0.2512210783587325,False
131,anisotropy_swap,Calibrated-Transfer,0.6712257304586516,0.8801020176810174,0.8262342748635177,0.8051838555265448,0.38461538461538464,0.15545131250140556,-0.006418551875868268,0.7239583333333334,384,0.7221360966057441,0.7216351842030109,False,,,calibrated,-0.054285268322564195,False
131,anisotropy_swap,Gated-Transfer,0.6712257304586516,0.8801020176810174,0.8262342748635177,0.8051838555265448,0.38461538461538464,0.15545131250140556,-0.006418551875868268,0.7239583333333334,384,0.7221360966057441,0.7216351842030109,True,0.062384331242172665,0.5714285714285714,calibrated,-0.054285268322564195,False
131,roughness,Target-Only,0.9728082114938671,0.6232380682117928,0.39456889389983385,0.6285084856396866,0.10256410256410256,0.4312738319189509,2.9031582811069505,0.5651041666666666,384,0.7942232375979112,0.7932220907619708,False,,,target_only,0.0,False
131,roughness,Fixed-Transfer,0.8251489018115701,0.6964945529863676,0.6717668102132853,0.7344157963446475,0.1282051282051282,0.34026967321237733,5.078089557882331,0.515625,384,0.7942232375979112,0.7932220907619708,False,,,fixed,-0.147659309682297,False
131,roughness,Calibrated-Transfer,0.836325943261055,0.6616717554295081,0.6302134549523584,0.714901544821584,0.1282051282051282,0.3987765329700204,5.734268412261482,0.484375,384,0.7942232375979112,0.7932220907619708,False,,,calibrated,-0.13648226823281207,False
131,roughness,Gated-Transfer,0.9728082114938671,0.6232380682117928,0.39456889389983385,0.6285084856396866,0.10256410256410256,0.4312738319189509,2.9031582811069505,0.5651041666666666,384,0.7942232375979112,0.7932220907619708,False,-0.7115488228746053,0.75,target_only,0.0,False
131,reversal,Target-Only,0.6913433320411859,0.8662295816825704,0.8230871282764234,0.812187228024369,0.3333333333333333,0.33290257393411327,-0.13537970177153733,0.8177083333333334,384,0.0,0.014007316442957584,False,,,target_only,0.0,False
131,reversal,Fixed-Transfer,1.2431925283703855,0.667974026899549,-0.0013010325183954426,0.4978105961705831,0.15384615384615385,0.7654093001615209,0.43120067109820054,0.8255208333333334,384,0.0,0.014007316442957584,False,,,fixed,0.5518491963291996,True
131,reversal,Calibrated-Transfer,0.6913433320411859,0.8662295816825704,0.8230871282764234,0.812187228024369,0.3333333333333333,0.33290257393411327,-0.13537970177153733,0.8177083333333334,384,0.0,0.014007316442957584,False,,,target_only,0.0,False
131,reversal,Gated-Transfer,0.6913433320411859,0.8662295816825704,0.8230871282764234,0.812187228024369,0.3333333333333333,0.33290257393411327,-0.13537970177153733,0.8177083333333334,384,0.0,0.014007316442957584,False,0.0,0.03571428571428571,target_only,0.0,False
131,independent_expert,Target-Only,0.6913433320411859,0.9336113372392264,0.8230871282764234,0.812187228024369,0.5641025641025641,0.09887782433477112,-0.13537970177153733,0.8177083333333334,384,0.4941661227154047,0.4961618031358885,False,,,target_only,0.0,False
131,independent_expert,Fixed-Transfer,1.5306134992280322,0.7119420623519805,0.4270506256145942,0.6447318320278503,0.20512820512820512,0.15374125717180948,3.9439434049438216,0.5390625,384,0.4941661227154047,0.4961618031358885,False,,,fixed,0.8392701671868463,True
131,independent_expert,Calibrated-Transfer,0.6913433320411859,0.9336113372392264,0.8230871282764234,0.812187228024369,0.5641025641025641,0.09887782433477112,-0.13537970177153733,0.8177083333333334,384,0.4941661227154047,0.4961618031358885,False,,,target_only,0.0,False
131,independent_expert,Gated-Transfer,0.6913433320411859,0.9336113372392264,0.8230871282764234,0.812187228024369,0.5641025641025641,0.09887782433477112,-0.13537970177153733,0.8177083333333334,384,0.4941661227154047,0.4961618031358885,False,0.009050203169927844,0.39285714285714285,target_only,0.0,False
