problem,dim,seed,relation,source_task_id,source_region_id,source_chart_anchor,oracle_source_anchor,target_anchor,extracted_center,normalized_anchor_error,chart_radius,source_oof_spearman,source_oof_ndcg,source_reliability,source_context_count,source_core_count,source_fidelity_ndcg,source_fidelity_spearman,source_fidelity_pairwise,source_membership_mean,source_membership_min,source_membership_below_0_05,matching_source_data_hash,wrong_source_data_hash,target_context_design_hash,target_test_design_hash,target_test_truth_hash
GMM,2,42,matching,matching_GMM_2_42,matching_GMM_2_42::region_1,"[2.1158979362532513, -0.49230184395182197]","[1.7182244591326157, 1.4235679276309967]","[1.5, 1.5]","[2.1158979362532513, -0.49230184395182197]",4.891766792319276,0.4,0.9611336032388664,0.9831593294495914,0.9449474688717935,39,13,0.9743895363281806,0.779076304646372,0.8005208333333333,0.9136796673075795,0.7388604544139821,0.0,f53fa3b3177bd7a1794f7ba795b8f30e4adc7626060c6285b6c794a83877bd4e,9bbb6b78bd36c501474723ea267b7b3c91ad8a3b291c615555163ec2722cee41,a3cfde69c8d04c4363210a06c1c143f0f454fe8abda8162be796dbda0cb8e246,6d7b610c4991f6d294eaa880fdbb7136e38a7d84a6679d5347e3da2d626d262f,faa8c680ab8182914b4de235aa3025a2c0448adbbebcd3b6f16df1e8894be422
GMM,2,42,wrong,wrong_GMM_2_42,wrong_GMM_2_42::region_1,"[2.7482959574961523, -2.4195412295812906]","[2.5, -2.5]","[1.5, 1.5]","[2.7482959574961523, -2.4195412295812906]",0.6525167442593985,0.4,0.5907148322700365,0.9905081816325516,0.5851078743751716,27,9,0.4693109463580401,0.214818198830702,1.0,0.8712939233709478,0.5907857137975094,0.0,f53fa3b3177bd7a1794f7ba795b8f30e4adc7626060c6285b6c794a83877bd4e,9bbb6b78bd36c501474723ea267b7b3c91ad8a3b291c615555163ec2722cee41,a3cfde69c8d04c4363210a06c1c143f0f454fe8abda8162be796dbda0cb8e246,6d7b610c4991f6d294eaa880fdbb7136e38a7d84a6679d5347e3da2d626d262f,faa8c680ab8182914b4de235aa3025a2c0448adbbebcd3b6f16df1e8894be422
GMM,2,42,reversed,matching_GMM_2_42,matching_GMM_2_42::region_1,"[2.1158979362532513, -0.49230184395182197]","[1.7182244591326157, 1.4235679276309967]","[1.5, 1.5]","[2.1158979362532513, -0.49230184395182197]",4.891766792319276,0.4,0.9611336032388664,0.9831593294495914,0.9449474688717935,39,13,0.05562641733121482,-0.779076304646372,0.19947916666666668,0.9136796673075795,0.7388604544139821,0.0,f53fa3b3177bd7a1794f7ba795b8f30e4adc7626060c6285b6c794a83877bd4e,9bbb6b78bd36c501474723ea267b7b3c91ad8a3b291c615555163ec2722cee41,a3cfde69c8d04c4363210a06c1c143f0f454fe8abda8162be796dbda0cb8e246,6d7b610c4991f6d294eaa880fdbb7136e38a7d84a6679d5347e3da2d626d262f,faa8c680ab8182914b4de235aa3025a2c0448adbbebcd3b6f16df1e8894be422
GMM,2,101,matching,matching_GMM_2_101,matching_GMM_2_101::region_1,"[-0.6702791008322713, -0.8395892438291415]","[1.4350974048268594, 1.2244112575706718]","[1.5, 1.5]","[-0.6702791008322713, -0.8395892438291415]",7.3708498069931405,0.4,0.9176821363754214,0.9367228456044977,0.8596138221459995,57,19,0.9716737571022128,0.8887324044403753,0.8606311274509804,0.945275765296688,0.7515618661661911,0.0,3d25ec54b6d4d70cbdb7eaba31407e9ced420c865b54f25f52c69e126449ff62,c04232b5a43dc7ee1338c157bb5c61f5fb4a61d5969b2d35fea57e364cad53b0,d9e4996458f2bdf140c96399a7827b1d8dcaa39fcfcf02fd9ba733b8adbda901,4b2662ae282f52b508cb33fff4ea7f838fcd3cdba40587c53b117f4616c7de68,1724ef014e19c1517aa2b08ed6d2299bdb156cb9b7e440973d24b3c1f8a56545
GMM,2,101,wrong,wrong_GMM_2_101,wrong_GMM_2_101::region_1,"[2.7582525310014088, -2.420734342082223]","[2.5, -2.5]","[1.5, 1.5]","[2.7582525310014088, -2.420734342082223]",0.6753583044103868,0.4,0.9862967914438503,0.9826098807763763,0.9691449726507643,33,11,0.9830131674654937,0.989675841153582,0.9564031862745098,0.8867106536332304,0.6992614840102653,0.0,3d25ec54b6d4d70cbdb7eaba31407e9ced420c865b54f25f52c69e126449ff62,c04232b5a43dc7ee1338c157bb5c61f5fb4a61d5969b2d35fea57e364cad53b0,d9e4996458f2bdf140c96399a7827b1d8dcaa39fcfcf02fd9ba733b8adbda901,4b2662ae282f52b508cb33fff4ea7f838fcd3cdba40587c53b117f4616c7de68,1724ef014e19c1517aa2b08ed6d2299bdb156cb9b7e440973d24b3c1f8a56545
GMM,2,101,reversed,matching_GMM_2_101,matching_GMM_2_101::region_1,"[-0.6702791008322713, -0.8395892438291415]","[1.4350974048268594, 1.2244112575706718]","[1.5, 1.5]","[-0.6702791008322713, -0.8395892438291415]",7.3708498069931405,0.4,0.9176821363754214,0.9367228456044977,0.8596138221459995,57,19,0.03484295358665595,-0.8887324044403753,0.1393688725490196,0.945275765296688,0.7515618661661911,0.0,3d25ec54b6d4d70cbdb7eaba31407e9ced420c865b54f25f52c69e126449ff62,c04232b5a43dc7ee1338c157bb5c61f5fb4a61d5969b2d35fea57e364cad53b0,d9e4996458f2bdf140c96399a7827b1d8dcaa39fcfcf02fd9ba733b8adbda901,4b2662ae282f52b508cb33fff4ea7f838fcd3cdba40587c53b117f4616c7de68,1724ef014e19c1517aa2b08ed6d2299bdb156cb9b7e440973d24b3c1f8a56545
GMM,2,2026,matching,matching_GMM_2_2026,matching_GMM_2_2026::region_1,"[-0.0734725657397859, 1.7663362242694252]","[1.5383681700587084, 1.4517745923680523]","[1.5, 1.5]","[-0.0734725657397859, 1.7663362242694252]",4.105620825347159,0.4,0.9492769744160177,0.9678918445525994,0.91879744175883,30,10,0.9953298432005595,0.8351245994506752,0.8318627450980393,0.9258727174611721,0.7398432473182518,0.0,02597df9d2f38524fe824a38b0d717215bdb176255db2ff3b9d9e560eb23a588,e6673f75c18acade3166d0c4dc89731df39f57e1fee1c997decf236c3abe1a17,b739d247ad06f88240d65383a92e979027de9f8d129ad4c66d03053d8acd890f,d27383259bbae150bca705dea3532774178a3fce280fcc761b1910f79cf139d3,6aea34b11b93ea15b2c90bcb7087c3b3ba9d4fce21b66beecd50f75ed67c60f4
GMM,2,2026,wrong,wrong_GMM_2_2026,wrong_GMM_2_2026::region_0,"[2.3750373946938663, -2.8075995489383936]","[2.5, -2.5]","[1.5, 1.5]","[2.3750373946938663, -2.8075995489383936]",0.830034393986176,0.4,0.9629295999449812,0.9862358560261679,0.9496756982946739,36,12,0.5123899759191575,0.6151523807833785,0.9323254139668826,0.9106638502390043,0.7660731305229219,0.0,02597df9d2f38524fe824a38b0d717215bdb176255db2ff3b9d9e560eb23a588,e6673f75c18acade3166d0c4dc89731df39f57e1fee1c997decf236c3abe1a17,b739d247ad06f88240d65383a92e979027de9f8d129ad4c66d03053d8acd890f,d27383259bbae150bca705dea3532774178a3fce280fcc761b1910f79cf139d3,6aea34b11b93ea15b2c90bcb7087c3b3ba9d4fce21b66beecd50f75ed67c60f4
GMM,2,2026,reversed,matching_GMM_2_2026,matching_GMM_2_2026::region_1,"[-0.0734725657397859, 1.7663362242694252]","[1.5383681700587084, 1.4517745923680523]","[1.5, 1.5]","[-0.0734725657397859, 1.7663362242694252]",4.105620825347159,0.4,0.9492769744160177,0.9678918445525994,0.91879744175883,30,10,0.22784276446698712,-0.8351245994506752,0.1681372549019608,0.9258727174611721,0.7398432473182518,0.0,02597df9d2f38524fe824a38b0d717215bdb176255db2ff3b9d9e560eb23a588,e6673f75c18acade3166d0c4dc89731df39f57e1fee1c997decf236c3abe1a17,b739d247ad06f88240d65383a92e979027de9f8d129ad4c66d03053d8acd890f,d27383259bbae150bca705dea3532774178a3fce280fcc761b1910f79cf139d3,6aea34b11b93ea15b2c90bcb7087c3b3ba9d4fce21b66beecd50f75ed67c60f4
GMM,2,777,matching,matching_GMM_2_777,matching_GMM_2_777::region_2,"[1.7956325572800085, 0.5836356487695894]","[1.516668387692883, 1.4767617887592857]","[1.5, 1.5]","[1.7956325572800085, 0.5836356487695894]",2.3391976587153884,0.4,0.9494368365610567,0.9846344670772129,0.934848233590771,42,14,0.992965093844812,0.9895120450904095,0.9620098039215687,0.9054865028488227,0.6752420198351698,0.0,25d25d9f41eebf673351ba7ac43fc103778455f300d00eeceb8ca67d053efa5b,60d6a783878ad792597ddee979176377c79fdda92e8eaf2ac2d4730ffc82301e,649ff6487eff90f0e70fbd181012ae3e332cc8ba7c45650b886e20dd515fcce4,8c32ab104b935f050f656a93832cbec44eb9e7eadc2252fca5b170395e239751,b56d66e4c9af59d8e2f98126439ce032f18b6f76b81816fe439700b01145c6b4
GMM,2,777,wrong,wrong_GMM_2_777,wrong_GMM_2_777::region_0,"[1.700743548569729, -2.4028644438052416]","[2.5, -2.5]","[1.5, 1.5]","[1.700743548569729, -2.4028644438052416]",2.012843435649824,0.4,0.9237950499348674,0.9830589765974926,0.9081450163748004,48,16,0.7520219589911349,0.9331758189496903,0.9447145279819107,0.9482599012895325,0.8349591527789813,0.0,25d25d9f41eebf673351ba7ac43fc103778455f300d00eeceb8ca67d053efa5b,60d6a783878ad792597ddee979176377c79fdda92e8eaf2ac2d4730ffc82301e,649ff6487eff90f0e70fbd181012ae3e332cc8ba7c45650b886e20dd515fcce4,8c32ab104b935f050f656a93832cbec44eb9e7eadc2252fca5b170395e239751,b56d66e4c9af59d8e2f98126439ce032f18b6f76b81816fe439700b01145c6b4
GMM,2,777,reversed,matching_GMM_2_777,matching_GMM_2_777::region_2,"[1.7956325572800085, 0.5836356487695894]","[1.516668387692883, 1.4767617887592857]","[1.5, 1.5]","[1.7956325572800085, 0.5836356487695894]",2.3391976587153884,0.4,0.9494368365610567,0.9846344670772129,0.934848233590771,42,14,0.02918888639640612,-0.9895120450904095,0.03799019607843137,0.9054865028488227,0.6752420198351698,0.0,25d25d9f41eebf673351ba7ac43fc103778455f300d00eeceb8ca67d053efa5b,60d6a783878ad792597ddee979176377c79fdda92e8eaf2ac2d4730ffc82301e,649ff6487eff90f0e70fbd181012ae3e332cc8ba7c45650b886e20dd515fcce4,8c32ab104b935f050f656a93832cbec44eb9e7eadc2252fca5b170395e239751,b56d66e4c9af59d8e2f98126439ce032f18b6f76b81816fe439700b01145c6b4
Rastrigin,2,42,matching,matching_Rastrigin_2_42,matching_Rastrigin_2_42::region_0,"[-0.19685734068469712, -1.4861900180741727]","[0.15297443671960634, -1.5001811347214087]","[0.19716064475910078, -1.4101074905476865]","[-0.19685734068469712, -1.4861900180741727]",0.8547642696949368,0.4096,0.14542897327707457,0.5590534944813459,0.0813025757093828,80,32,0.8752138883101632,0.6049989986266879,0.7089767156862745,0.9752452922939101,0.9237045519124648,0.0,7e23b477209ef39f8d30f1b0e617a2fcaca5a693561464513b6910405c5ab75f,6c37826beb391d18b820a04bce2da2f6ba2fcac6dec72641c0d260d5ae1f9a48,7ce467ad8a76320b0abcbbef2acb1844f23d83e511b1ea9f29604167710cfd3b,dd751eed3e689953190c5e9424ba417ae3bf2c5a0d6d23cd4bcad08e47827e64,0753bbd8c6cb422e703797f9b9a26f3e45fcc3881a643768524cbb4d216f7022
Rastrigin,2,42,wrong,wrong_Rastrigin_2_42,wrong_Rastrigin_2_42::region_0,"[-0.6634023405936635, 1.0956441917412663]","[-0.19716064475910078, 1.4101074905476865]","[0.19716064475910078, -1.4101074905476865]","[-0.6634023405936635, 1.0956441917412663]",1.3729920143918886,0.4096,-0.16462728551336148,0.36338823424694444,0.0,80,32,0.960595348994085,0.3477197299153124,0.6407781862745098,0.9835773617020959,0.9506987055701493,0.0,7e23b477209ef39f8d30f1b0e617a2fcaca5a693561464513b6910405c5ab75f,6c37826beb391d18b820a04bce2da2f6ba2fcac6dec72641c0d260d5ae1f9a48,7ce467ad8a76320b0abcbbef2acb1844f23d83e511b1ea9f29604167710cfd3b,dd751eed3e689953190c5e9424ba417ae3bf2c5a0d6d23cd4bcad08e47827e64,0753bbd8c6cb422e703797f9b9a26f3e45fcc3881a643768524cbb4d216f7022
Rastrigin,2,42,reversed,matching_Rastrigin_2_42,matching_Rastrigin_2_42::region_0,"[-0.19685734068469712, -1.4861900180741727]","[0.15297443671960634, -1.5001811347214087]","[0.19716064475910078, -1.4101074905476865]","[-0.19685734068469712, -1.4861900180741727]",0.8547642696949368,0.4096,0.14542897327707457,0.5590534944813459,0.0813025757093828,80,32,0.22450107189299437,-0.6049989986266879,0.2910232843137255,0.9752452922939101,0.9237045519124648,0.0,7e23b477209ef39f8d30f1b0e617a2fcaca5a693561464513b6910405c5ab75f,6c37826beb391d18b820a04bce2da2f6ba2fcac6dec72641c0d260d5ae1f9a48,7ce467ad8a76320b0abcbbef2acb1844f23d83e511b1ea9f29604167710cfd3b,dd751eed3e689953190c5e9424ba417ae3bf2c5a0d6d23cd4bcad08e47827e64,0753bbd8c6cb422e703797f9b9a26f3e45fcc3881a643768524cbb4d216f7022
Rastrigin,2,101,matching,matching_Rastrigin_2_101,matching_Rastrigin_2_101::region_0,"[0.6443322186154539, 1.0130211108125136]","[0.9230620144212968, 1.457268611920807]","[0.6578458863889685, 1.1682629069045558]","[0.6443322186154539, 1.0130211108125136]",1.2803916412441887,0.4096,0.06856540084388185,0.7260382745006849,0.04978110531913978,80,32,0.2102448533014629,-0.5590631437399862,0.3084558823529412,0.9836852799397079,0.9513875899741063,0.0,6382e69f0df190c5d2f091f993ef805c68c6aadbc297246f17698cefedf75331,48e91d821880c8cae072e98c652e28de971d88228187e2a3b1332d8cced2fa34,7a45be677e75ac7e589573b897e3ec12cfe9b39259b299712aab779a1ee98107,6ab781dabe800b05bd1ba00cd64f8c686f6771feced1fe2bf9600d1b4bd8df8d,4f1eda2e5eaff81e09dc8a555b82afa208b50f19fe086a9545588ebbf06a8d5a
Rastrigin,2,101,wrong,wrong_Rastrigin_2_101,wrong_Rastrigin_2_101::region_0,"[-1.0898101286938982, -1.2307162472077597]","[-0.6578458863889685, -1.1682629069045558]","[0.6578458863889685, 1.1682629069045558]","[-1.0898101286938982, -1.2307162472077597]",1.0655655291820954,0.4096,0.11193155180496953,0.8194938441533965,0.09172721767070953,80,32,0.6379932609114853,-0.25711833371480886,0.42668504901960785,0.9813988525286608,0.9477125018218333,0.0,6382e69f0df190c5d2f091f993ef805c68c6aadbc297246f17698cefedf75331,48e91d821880c8cae072e98c652e28de971d88228187e2a3b1332d8cced2fa34,7a45be677e75ac7e589573b897e3ec12cfe9b39259b299712aab779a1ee98107,6ab781dabe800b05bd1ba00cd64f8c686f6771feced1fe2bf9600d1b4bd8df8d,4f1eda2e5eaff81e09dc8a555b82afa208b50f19fe086a9545588ebbf06a8d5a
Rastrigin,2,101,reversed,matching_Rastrigin_2_101,matching_Rastrigin_2_101::region_0,"[0.6443322186154539, 1.0130211108125136]","[0.9230620144212968, 1.457268611920807]","[0.6578458863889685, 1.1682629069045558]","[0.6443322186154539, 1.0130211108125136]",1.2803916412441887,0.4096,0.06856540084388185,0.7260382745006849,0.04978110531913978,80,32,0.5194892439623569,0.5590631437399862,0.6915441176470588,0.9836852799397079,0.9513875899741063,0.0,6382e69f0df190c5d2f091f993ef805c68c6aadbc297246f17698cefedf75331,48e91d821880c8cae072e98c652e28de971d88228187e2a3b1332d8cced2fa34,7a45be677e75ac7e589573b897e3ec12cfe9b39259b299712aab779a1ee98107,6ab781dabe800b05bd1ba00cd64f8c686f6771feced1fe2bf9600d1b4bd8df8d,4f1eda2e5eaff81e09dc8a555b82afa208b50f19fe086a9545588ebbf06a8d5a
Rastrigin,2,2026,matching,matching_Rastrigin_2_2026,matching_Rastrigin_2_2026::region_0,"[-1.2130484752365984, -0.379358500902083]","[-1.242130903538928, -0.6174906376822564]","[-1.1576212751154464, -0.6558899556804636]","[-1.2130484752365984, -0.379358500902083]",0.5856968815608087,0.4096,-0.07407407407407408,0.49741887399401025,0.0,80,32,0.7253094319089048,0.3918259327077133,0.6420036764705882,0.9846261895642466,0.9539121784107363,0.0,e37a663d2344da54557ba57ec9654ba66e315cc2bbe7bdc7a807da9b87166264,1e0a38b35231da3c13f1bbccf56ff261a2e3d6bc05defe1841b3c8e139c408db,4df340b3a3950b2640ccc981d082620bb2471479d6a89fb1084d6c9b956b0db7,7ff0495efdad2442bf13da0556935647354895fff46ae029cf759f73dec6d54f,73cb3561f84846c9d3a4fe1038390193668e4ad90c671e79467a7e3e484c0849
Rastrigin,2,2026,wrong,wrong_Rastrigin_2_2026,wrong_Rastrigin_2_2026::region_0,"[0.8362944104525823, 0.9284167035883176]","[1.1576212751154464, 0.6558899556804636]","[-1.1576212751154464, -0.6558899556804636]","[0.8362944104525823, 0.9284167035883176]",1.0286458463753094,0.4096,-0.1257149554617909,0.58545525911661,0.0,80,32,0.7978186548835547,0.6104693579766536,0.7222732843137255,0.9858686850235742,0.9597574068261685,0.0,e37a663d2344da54557ba57ec9654ba66e315cc2bbe7bdc7a807da9b87166264,1e0a38b35231da3c13f1bbccf56ff261a2e3d6bc05defe1841b3c8e139c408db,4df340b3a3950b2640ccc981d082620bb2471479d6a89fb1084d6c9b956b0db7,7ff0495efdad2442bf13da0556935647354895fff46ae029cf759f73dec6d54f,73cb3561f84846c9d3a4fe1038390193668e4ad90c671e79467a7e3e484c0849
Rastrigin,2,2026,reversed,matching_Rastrigin_2_2026,matching_Rastrigin_2_2026::region_0,"[-1.2130484752365984, -0.379358500902083]","[-1.242130903538928, -0.6174906376822564]","[-1.1576212751154464, -0.6558899556804636]","[-1.2130484752365984, -0.379358500902083]",0.5856968815608087,0.4096,-0.07407407407407408,0.49741887399401025,0.0,80,32,0.2481613510435897,-0.3918259327077133,0.35799632352941174,0.9846261895642466,0.9539121784107363,0.0,e37a663d2344da54557ba57ec9654ba66e315cc2bbe7bdc7a807da9b87166264,1e0a38b35231da3c13f1bbccf56ff261a2e3d6bc05defe1841b3c8e139c408db,4df340b3a3950b2640ccc981d082620bb2471479d6a89fb1084d6c9b956b0db7,7ff0495efdad2442bf13da0556935647354895fff46ae029cf759f73dec6d54f,73cb3561f84846c9d3a4fe1038390193668e4ad90c671e79467a7e3e484c0849
Rastrigin,2,777,matching,matching_Rastrigin_2_777,matching_Rastrigin_2_777::region_0,"[0.10664547820753625, -0.3370143795198237]","[-0.34422012524780493, -0.4444428045733176]","[-0.42949265280792837, -0.8002631867346877]","[0.10664547820753625, -0.3370143795198237]",1.1315612693739452,0.4096,0.07416783872480076,0.5080822187772682,0.03768336006121137,80,32,0.8644684805710026,0.5238803437357644,0.6862342596280523,0.9848036258157664,0.9575220274795384,0.0,bb48864f5f0eba852ac30ea7708a6805eac770fa4b23545521f3c3ffbd3d153a,892fc06e893f91c248515eeaff7ec522b0b0ae7aeddc76e3cd4a0a970c6b3acc,d76910ebb10b62fe53d34e01a200cd8e9498388a9dd5103e7d22477a9c8a8fa6,871b1c0321ac2d2c5147463b935b07d53a89da1dd5f34f0cafa970fe82dacde6,f3d6161df54ea28af79babf9408e9c887c603baebdaed07c080393dbec1faa6e
Rastrigin,2,777,wrong,wrong_Rastrigin_2_777,wrong_Rastrigin_2_777::region_0,"[0.359933776895652, 1.0120608425802804]","[0.42949265280792837, 0.8002631867346877]","[-0.42949265280792837, -0.8002631867346877]","[0.359933776895652, 1.0120608425802804]",0.5442566683681571,0.4096,0.007650577270830435,0.627141147141952,0.0047979918059267435,78,26,0.4546285404433731,0.2202062829022659,0.5720281862745098,0.9738292044259981,0.9235291220033364,0.0,bb48864f5f0eba852ac30ea7708a6805eac770fa4b23545521f3c3ffbd3d153a,892fc06e893f91c248515eeaff7ec522b0b0ae7aeddc76e3cd4a0a970c6b3acc,d76910ebb10b62fe53d34e01a200cd8e9498388a9dd5103e7d22477a9c8a8fa6,871b1c0321ac2d2c5147463b935b07d53a89da1dd5f34f0cafa970fe82dacde6,f3d6161df54ea28af79babf9408e9c887c603baebdaed07c080393dbec1faa6e
Rastrigin,2,777,reversed,matching_Rastrigin_2_777,matching_Rastrigin_2_777::region_0,"[0.10664547820753625, -0.3370143795198237]","[-0.34422012524780493, -0.4444428045733176]","[-0.42949265280792837, -0.8002631867346877]","[0.10664547820753625, -0.3370143795198237]",1.1315612693739452,0.4096,0.07416783872480076,0.5080822187772682,0.03768336006121137,80,32,0.1540045867616683,-0.5238803437357644,0.31376574037194765,0.9848036258157664,0.9575220274795384,0.0,bb48864f5f0eba852ac30ea7708a6805eac770fa4b23545521f3c3ffbd3d153a,892fc06e893f91c248515eeaff7ec522b0b0ae7aeddc76e3cd4a0a970c6b3acc,d76910ebb10b62fe53d34e01a200cd8e9498388a9dd5103e7d22477a9c8a8fa6,871b1c0321ac2d2c5147463b935b07d53a89da1dd5f34f0cafa970fe82dacde6,f3d6161df54ea28af79babf9408e9c887c603baebdaed07c080393dbec1faa6e
