dim,seed,sample_size,noise_level,task_id,region_id,center,covariance,region_quality,core_count,context_count,bic,model_type,oof_spearman,oof_ndcg,oof_precision_at_top,geometry_spearman,geometry_ndcg,reliability,boundary_fraction,center_true_y
2,42,120,0.0,controlled_d2_s42,controlled_d2_s42::region_0,"[3.307148827386922, 2.7106854494229546]","[[0.5159865595978603, -0.18614310643310328], [-0.18614310643310328, 0.23826695752097912]]",0.9051620648259303,7,21,195.65080822217493,gp,0.961038961038961,0.9690830915412106,0.6666666666666666,0.8701298701298701,0.9073070887047594,0.9313266074551895,0.6666666666666667,-0.9134200399848441
2,42,120,0.0,controlled_d2_s42,controlled_d2_s42::region_1,"[-2.583396244269889, -0.8410469009744194]","[[0.3270156575448095, -0.19669153568766423], [-0.19669153568766423, 0.5011458071167301]]",0.8907563025210085,7,21,195.65080822217493,gp,0.922077922077922,0.9957366944667474,1.0,0.9337662337662337,0.9957366944667474,0.9181468221706371,0.6666666666666667,-0.6915589455326691
2,42,120,0.0,controlled_d2_s42,controlled_d2_s42::region_2,"[2.687732158292322, -1.0499686060668068]","[[0.46617508056011, 0.11191881198373071], [0.11191881198373071, 0.503617210579978]]",0.9109243697478993,10,30,195.65080822217493,gp,0.9283648498331479,0.8779594960531748,0.3333333333333333,0.8402669632925472,0.9832313421735352,0.8150667357129918,0.6666666666666667,-0.8122924131202054
2,42,120,0.02,controlled_d2_s42,controlled_d2_s42::region_0,"[-2.583396244269889, -0.8410469009744194]","[[0.3270156575448095, -0.19669153568766423], [-0.19669153568766423, 0.5011458071167301]]",0.8931572629051621,7,21,195.65080822217496,gp,0.8792207792207792,0.9875586175104039,1.0,0.9324675324675323,1.0,0.8682820572136928,0.6666666666666667,-0.6915589455326691
2,42,120,0.02,controlled_d2_s42,controlled_d2_s42::region_1,"[2.687732158292322, -1.0499686060668068]","[[0.4661750805601099, 0.11191881198373077], [0.11191881198373077, 0.5036172105799781]]",0.9109243697478993,10,30,195.65080822217496,gp,0.8100111234705227,0.9377897782809592,0.6666666666666666,0.846496106785317,1.0,0.7596201518845322,0.6666666666666667,-0.8122924131202054
2,42,120,0.02,controlled_d2_s42,controlled_d2_s42::region_2,"[3.3071488273869214, 2.7106854494229546]","[[0.5159865595978602, -0.1861431064331031], [-0.1861431064331031, 0.23826695752097904]]",0.9027611044417767,7,21,195.65080822217496,gp,0.7831168831168831,0.9690830915412106,0.6666666666666666,0.7714285714285715,0.9073070887047594,0.758905330129026,0.6666666666666667,-0.9134200399848442
2,42,240,0.0,controlled_d2_s42,controlled_d2_s42::region_0,"[-2.41705946395761, -1.280459183784544]","[[0.5446108477761766, 0.24625408384126266], [0.24625408384126266, 0.44097792487259285]]",0.8878138075313807,16,48,374.381366737529,gp,0.9869735128093791,1.0,1.0,0.874945722970039,0.9824773586202146,0.9869735128093791,0.6666666666666667,-0.6151417829441294
2,42,240,0.0,controlled_d2_s42,controlled_d2_s42::region_1,"[2.80780968299103, 2.929706823740211]","[[0.6432901347219253, -0.35936377916760653], [-0.35936377916760653, 0.41519323942778386]]",0.9166168559473997,14,42,374.381366737529,gp,0.9714725794200297,0.9863535522413295,0.8,0.9131350781946359,0.9896971223570893,0.9582154296159934,0.6666666666666667,-0.9927702988946794
2,42,240,0.0,controlled_d2_s42,controlled_d2_s42::region_2,"[2.2827468651426384, -1.3743460423658522]","[[0.5801622466866138, -0.049222953724526716], [-0.049222953724526716, 0.8157909550656431]]",0.9023709902370991,18,54,374.381366737529,gp,0.997636744806556,0.992872318854243,1.0,0.9156851534210023,0.9036417920185876,0.9905259081902839,0.6666666666666667,-0.7910059623611788
2,42,240,0.02,controlled_d2_s42,controlled_d2_s42::region_0,"[-2.404131060160717, -1.2181455636801504]","[[0.5782425929220666, 0.24978493895570592], [0.24978493895570592, 0.40824427518093576]]",0.8923291492329148,15,45,375.39510773260406,gp,0.9263504611330698,0.9970605783077218,1.0,0.8708827404479577,0.9762080816231349,0.9236275264929633,0.6666666666666667,-0.6348591899233059
2,42,240,0.02,controlled_d2_s42,controlled_d2_s42::region_1,"[2.8078162483600337, 2.929743075332737]","[[0.6433137345087648, -0.3593836566317185], [-0.3593836566317185, 0.41518696669880367]]",0.9178123132098027,14,42,375.39510773260406,gp,0.8356697188234341,0.9955533565293336,1.0,0.8933635847986389,0.9896971223570893,0.8319537935245943,0.6666666666666667,-0.9927696420957919
2,42,240,0.02,controlled_d2_s42,controlled_d2_s42::region_2,"[2.2983039809278742, -1.4582822593219475]","[[0.5539630935839479, -0.07009456569599834], [-0.07009456569599834, 0.9006030487707888]]",0.897159216031711,19,57,375.39510773260406,gp,0.9503978222310511,0.9881658735691745,0.8333333333333334,0.8646616541353385,0.8807586806125388,0.9391506942431876,0.6666666666666667,-0.7901751240988459
2,101,120,0.0,controlled_d2_s101,controlled_d2_s101::region_0,"[-2.015682667542212, -3.370668523794254]","[[0.28466102528913145, -0.014452354186976648], [-0.014452354186976648, 0.32745158515767103]]",0.9131652661064426,6,18,193.70554898174643,gp,0.8823529411764706,1.0,1.0,0.9298245614035088,0.9813407834866544,0.8823529411764706,0.6666666666666667,-0.9921160220966339
2,101,120,0.0,controlled_d2_s101,controlled_d2_s101::region_1,"[0.3268675277822382, -0.1995614137019575]","[[0.7456916900142903, -0.2851202247994411], [-0.2851202247994411, 0.4278571167348751]]",0.9094304388422036,9,27,193.70554898174643,gp,0.9470309986691203,1.0,1.0,0.8962148962148961,1.0,0.9470309986691203,0.6666666666666667,-0.6919973211209144
2,101,120,0.0,controlled_d2_s101,controlled_d2_s101::region_2,"[-2.5661560214671004, 2.8805568498755942]","[[0.653838324125146, 0.12269462539922829], [0.12269462539922829, 0.16673458115258144]]",0.8907563025210083,9,27,193.70554898174643,gp,0.956043956043956,0.9370487791280183,0.6666666666666666,0.8754578754578756,0.915927886654202,0.8958598218037097,0.6666666666666667,-0.757416926488442
2,101,120,0.02,controlled_d2_s101,controlled_d2_s101::region_0,"[-2.5661560214671004, 2.8805568498755942]","[[0.653838324125146, 0.12269462539922828], [0.12269462539922828, 0.16673458115258144]]",0.8860877684407096,9,27,193.70554898174643,gp,0.7619047619047619,0.9305776480429179,0.6666666666666666,0.8424908424908425,0.915927886654202,0.7090115413660326,0.6666666666666667,-0.757416926488442
2,101,120,0.02,controlled_d2_s101,controlled_d2_s101::region_1,"[0.32686752778223815, -0.1995614137019575]","[[0.7456916900142903, -0.2851202247994411], [-0.2851202247994411, 0.4278571167348751]]",0.9103641456582634,9,27,193.70554898174643,gp,0.9133089133089132,0.9967213077206802,1.0,0.8809523809523808,1.0,0.9103144544262133,0.6666666666666667,-0.6919973211209144
2,101,120,0.02,controlled_d2_s101,controlled_d2_s101::region_2,"[-2.015682667542212, -3.370668523794254]","[[0.28466102528913145, -0.014452354186976648], [-0.014452354186976648, 0.32745158515767103]]",0.9187675070028011,6,18,193.70554898174643,gp,0.632610939112487,0.9399761086940098,0.5,0.8596491228070176,0.9813407834866544,0.5946391688642187,0.6666666666666667,-0.9921160220966339
2,101,240,0.0,controlled_d2_s101,controlled_d2_s101::region_0,"[-2.0967528610216317, -3.3149892722132943]","[[0.28793034769454756, 0.06455633706323022], [0.06455633706323022, 0.42707758848630895]]",0.9043634190077705,7,21,371.6504850288735,gp,0.3974025974025974,0.7890427985097803,0.3333333333333333,0.8844155844155844,1.0,0.31356765758960103,0.6666666666666667,-0.9817068759904594
2,101,240,0.0,controlled_d2_s101,controlled_d2_s101::region_1,"[-2.4930460114772597, 3.172654999597516]","[[0.3246716951427795, 0.02010834233595607], [0.02010834233595607, 0.32796128869753244]]",0.9082486551105797,14,42,371.6504850288735,gp,0.9667355463548726,0.9991977524895572,1.0,0.8225427436998622,0.9792599309102799,0.9659599851695528,0.6666666666666667,-0.8451624029270031
2,101,240,0.0,controlled_d2_s101,controlled_d2_s101::region_2,"[0.1752369209999828, -0.2550008661121905]","[[0.7940911352793235, -0.24145495913068515], [-0.24145495913068515, 0.8751996873435949]]",0.8975670230900354,27,64,371.6504850288735,gp,0.9031091176645689,0.9934777954498676,0.8571428571428571,0.880540293040293,0.9868054250357661,0.897218855268071,0.578125,-0.6745109091900794
2,101,240,0.02,controlled_d2_s101,controlled_d2_s101::region_0,"[0.17523692099998284, -0.2550008661121906]","[[0.7940911352793237, -0.2414549591306852], [-0.2414549591306852, 0.875199687343595]]",0.897876956454362,27,64,371.6504850288735,gp,0.9437728937728936,0.9974893380607571,1.0,0.8287087912087912,0.9844508362255301,0.9414033990892089,0.578125,-0.6745109091900794
2,101,240,0.02,controlled_d2_s101,controlled_d2_s101::region_1,"[-2.49304601147726, 3.172654999597516]","[[0.32467169514277944, 0.02010834233595598], [0.02010834233595598, 0.3279612886975323]]",0.9082486551105797,14,42,371.6504850288735,gp,0.9069767441860466,0.9947797934456117,1.0,0.7698727817842964,0.9693754490648095,0.9022421382413689,0.6666666666666667,-0.8451624029270031
2,101,240,0.02,controlled_d2_s101,controlled_d2_s101::region_2,"[-2.0967528610216313, -3.314989272213294]","[[0.28793034769454756, 0.06455633706323025], [0.06455633706323025, 0.427077588486309]]",0.9031679617453676,7,21,371.6504850288735,gp,0.5514777816026932,1.0,1.0,0.8233766233766234,1.0,0.5514777816026932,0.6666666666666667,-0.9817068759904592
