problem,dim,seed,method,initial_best_y,final_best_y,known_optimum_y,final_normalized_regret,auc_normalized_regret,total_improvement,trace_points
GMM,2,42,Target-Only,-0.39708442492990237,-0.9957073029412875,-1.0001911515148465,0.007434585581474967,7.040633913080269,0.5986228780113851,21
GMM,2,42,Geometry-Only,-0.39708442492990237,-0.998836227194424,-1.0001911515148465,0.0022465747117341563,2.427211438329175,0.6017518022645216,21
GMM,2,42,Local-Rank-No-Reliability,-0.39708442492990237,-0.9957073029412875,-1.0001911515148465,0.007434585581474967,3.0458913083141317,0.5986228780113851,21
GMM,2,42,Local-Rank+Reliability,-0.39708442492990237,-0.9957073029412875,-1.0001911515148465,0.007434585581474967,3.0458913083141317,0.5986228780113851,21
GMM,2,101,Target-Only,-0.3573922175677191,-0.7981775657373232,-1.0001911515148465,0.31427181208446064,10.18830830689414,0.44078534816960413,21
GMM,2,101,Geometry-Only,-0.3573922175677191,-0.9973819225347985,-1.0001911515148465,0.004370307465816447,4.7556933681040485,0.6399897049670794,21
GMM,2,101,Local-Rank-No-Reliability,-0.3573922175677191,-0.9886775590694086,-1.0001911515148465,0.01791165454295069,7.388499033177081,0.6312853415016895,21
GMM,2,101,Local-Rank+Reliability,-0.3573922175677191,-0.9886775590694086,-1.0001911515148465,0.01791165454295069,7.388499033177081,0.6312853415016895,21
GMM,2,2026,Target-Only,-0.24301790076342059,-0.7943568818742516,-1.0001911515148465,0.2718456699788629,12.022607499559262,0.551338981110831,21
GMM,2,2026,Geometry-Only,-0.24301790076342059,-0.5719697571776675,-1.0001911515148465,0.565552723781787,14.98960139928864,0.32895185641424696,21
GMM,2,2026,Local-Rank-No-Reliability,-0.24301790076342059,-0.7996479716630789,-1.0001911515148465,0.26485771869614605,7.146504966337706,0.5566300708996583,21
GMM,2,2026,Local-Rank+Reliability,-0.24301790076342059,-0.7996479716630789,-1.0001911515148465,0.26485771869614605,7.146504966337706,0.5566300708996583,21
GMM,2,777,Target-Only,-0.7228031416625589,-0.9920349999120694,-1.0001911515148465,0.029403403583018232,5.239968004991791,0.26923185824951057,21
GMM,2,777,Geometry-Only,-0.7228031416625589,-0.9984301010432616,-1.0001911515148465,0.006348689954272732,2.455463197008817,0.2756269593807027,21
GMM,2,777,Local-Rank-No-Reliability,-0.7228031416625589,-0.9995392418718488,-1.0001911515148465,0.0023501723933374435,2.288495575189843,0.27673610020928996,21
GMM,2,777,Local-Rank+Reliability,-0.7228031416625589,-0.9995392418718488,-1.0001911515148465,0.0023501723933374435,2.288495575189843,0.27673610020928996,21
GMM,2,999,Target-Only,-0.5623986688590951,-0.7995158388571248,-1.0001911515148465,0.4583799873409848,12.306965756028632,0.2371171699980298,21
GMM,2,999,Geometry-Only,-0.5623986688590951,-0.7967467652924007,-1.0001911515148465,0.46470506982738624,11.127440175625507,0.23434809643330567,21
GMM,2,999,Local-Rank-No-Reliability,-0.5623986688590951,-0.9458131615977748,-1.0001911515148465,0.12420951037624509,10.765415427265628,0.3834144927386798,21
GMM,2,999,Local-Rank+Reliability,-0.5623986688590951,-0.9458131615977748,-1.0001911515148465,0.12420951037624509,10.765415427265628,0.3834144927386798,21
GMM,2,1234,Target-Only,-0.7486492999397235,-0.999339689850707,-1.0001911515148465,0.0033849701702033863,2.8016714155447664,0.25069038991098347,21
GMM,2,1234,Geometry-Only,-0.7486492999397235,-0.9981070664531622,-1.0001911515148465,0.008285241794294122,4.7924487209300235,0.24945776651343865,21
GMM,2,1234,Local-Rank-No-Reliability,-0.7486492999397235,-0.999339689850707,-1.0001911515148465,0.0033849701702033863,4.770397498621616,0.25069038991098347,21
GMM,2,1234,Local-Rank+Reliability,-0.7486492999397235,-0.999339689850707,-1.0001911515148465,0.0033849701702033863,4.770397498621616,0.25069038991098347,21
GMM,2,5678,Target-Only,-0.39385326876263715,-0.8918663754023507,-1.0001911515148465,0.1786541451456112,14.189220532580945,0.49801310663971354,21
GMM,2,5678,Geometry-Only,-0.39385326876263715,-0.9958656887862154,-1.0001911515148465,0.007133749765060909,11.08756274417129,0.6020124200235782,21
GMM,2,5678,Local-Rank-No-Reliability,-0.39385326876263715,-0.7967878496207839,-1.0001911515148465,0.33546197207867184,9.83489197361775,0.4029345808581467,21
GMM,2,5678,Local-Rank+Reliability,-0.39385326876263715,-0.7967878496207839,-1.0001911515148465,0.33546197207867184,9.83489197361775,0.4029345808581467,21
GMM,2,8888,Target-Only,-0.6799410767470953,-0.9958808590963305,-1.0001911515148465,0.013459145705561077,3.0969303459030604,0.31593978234923525,21
GMM,2,8888,Geometry-Only,-0.6799410767470953,-0.9967396263209295,-1.0001911515148465,0.010777593717722274,4.389137049070092,0.31679854957383424,21
GMM,2,8888,Local-Rank-No-Reliability,-0.6799410767470953,-0.9985780653188672,-1.0001911515148465,0.005036958062068079,1.283642088118851,0.3186369885717719,21
GMM,2,8888,Local-Rank+Reliability,-0.6799410767470953,-0.9985780653188672,-1.0001911515148465,0.005036958062068079,1.283642088118851,0.3186369885717719,21
Rastrigin,2,42,Target-Only,15.894310576330017,1.2780621510433647,0.0,0.08041004011502512,14.395317344974092,14.616248425286653,21
Rastrigin,2,42,Geometry-Only,15.894310576330017,2.111046462141175,0.0,0.13281774330526602,9.42266793958083,13.783264114188842,21
Rastrigin,2,42,Local-Rank-No-Reliability,15.894310576330017,1.6996571741844022,0.0,0.10693494165865554,10.266411368523539,14.194653402145615,21
Rastrigin,2,42,Local-Rank+Reliability,15.894310576330017,1.6996571741844022,0.0,0.10693494165865554,10.266411368523539,14.194653402145615,21
Rastrigin,2,101,Target-Only,4.798737415535577,1.13629611549689,0.0,0.23679064243403083,19.618395321217015,3.6624413000386866,21
Rastrigin,2,101,Geometry-Only,4.798737415535577,2.3745803848320435,0.0,0.49483440730566036,10.654436535154716,2.424157030703533,21
Rastrigin,2,101,Local-Rank-No-Reliability,4.798737415535577,4.185269091894767,0.0,0.8721604725328899,18.657684961595344,0.6134683236408094,21
Rastrigin,2,101,Local-Rank+Reliability,4.798737415535577,4.185269091894767,0.0,0.8721604725328899,18.657684961595344,0.6134683236408094,21
Rastrigin,2,2026,Target-Only,19.743045218375087,2.0052028313079973,0.0,0.10156502247392571,14.727904338556916,17.73784238706709,21
Rastrigin,2,2026,Geometry-Only,19.743045218375087,1.0952449000588302,0.0,0.05547497298134498,4.911004721711444,18.647800318316257,21
Rastrigin,2,2026,Local-Rank-No-Reliability,19.743045218375087,1.5323399396817408,0.0,0.07761416350581894,6.51259749994528,18.210705278693347,21
Rastrigin,2,2026,Local-Rank+Reliability,19.743045218375087,1.5323399396817408,0.0,0.07761416350581894,6.51259749994528,18.210705278693347,21
Rastrigin,2,777,Target-Only,16.69705749331775,4.0529667232789315,0.0,0.24273538765144398,16.69834982367131,12.644090770038819,21
Rastrigin,2,777,Geometry-Only,16.69705749331775,1.0531765607624664,0.0,0.06307557850740786,8.24051749638195,15.643880932555284,21
Rastrigin,2,777,Local-Rank-No-Reliability,16.69705749331775,5.949203306279609,0.0,0.3563024987283245,18.265031209379213,10.747854187038142,21
Rastrigin,2,777,Local-Rank+Reliability,16.69705749331775,5.949203306279609,0.0,0.3563024987283245,18.265031209379213,10.747854187038142,21
Rastrigin,2,999,Target-Only,25.917956496102637,8.266514355958929,0.0,0.318949310575546,12.475655802091694,17.651442140143708,21
Rastrigin,2,999,Geometry-Only,25.917956496102637,7.091504509315683,0.0,0.2736135663466391,11.560105450680147,18.826451986786953,21
Rastrigin,2,999,Local-Rank-No-Reliability,25.917956496102637,3.6067595960124166,0.0,0.1391606470423228,5.8432645618424575,22.31119690009022,21
Rastrigin,2,999,Local-Rank+Reliability,25.917956496102637,3.6067595960124166,0.0,0.1391606470423228,5.8432645618424575,22.31119690009022,21
Rastrigin,2,1234,Target-Only,23.924378891254843,6.450352235741951,0.0,0.26961419834810296,12.274547550588654,17.474026655512894,21
Rastrigin,2,1234,Geometry-Only,23.924378891254843,12.678711307566184,0.0,0.5299494446729681,11.304064726449912,11.24566758368866,21
Rastrigin,2,1234,Local-Rank-No-Reliability,23.924378891254843,4.039570248231016,0.0,0.16884744496784462,9.285574775585967,19.884808643023828,21
Rastrigin,2,1234,Local-Rank+Reliability,23.924378891254843,4.039570248231016,0.0,0.16884744496784462,9.285574775585967,19.884808643023828,21
Rastrigin,2,5678,Target-Only,11.357445118110606,0.5078313521239437,0.0,0.044713520236532314,5.916583097521638,10.849613765986662,21
Rastrigin,2,5678,Geometry-Only,11.357445118110606,0.1052171569140512,0.0,0.009264157195553752,4.562853153208302,11.252227961196555,21
Rastrigin,2,5678,Local-Rank-No-Reliability,11.357445118110606,0.1052171569140512,0.0,0.009264157195553752,4.562853153208302,11.252227961196555,21
Rastrigin,2,5678,Local-Rank+Reliability,11.357445118110606,0.1052171569140512,0.0,0.009264157195553752,4.562853153208302,11.252227961196555,21
Rastrigin,2,8888,Target-Only,22.767326168350742,12.149255134109236,0.0,0.5336267879799661,13.237588425709507,10.618071034241506,21
Rastrigin,2,8888,Geometry-Only,22.767326168350742,1.311086712964162,0.0,0.05758632802418083,8.857798452803326,21.45623945538658,21
Rastrigin,2,8888,Local-Rank-No-Reliability,22.767326168350742,6.167331507784212,0.0,0.2708851914441111,10.62017669617493,16.59999466056653,21
Rastrigin,2,8888,Local-Rank+Reliability,22.767326168350742,6.167331507784212,0.0,0.2708851914441111,10.62017669617493,16.59999466056653,21
Lunacek,2,42,Target-Only,10.107676724756756,2.6343294993072255,0.0,0.26062660797757375,12.388943902964158,7.47334722544953,21
Lunacek,2,42,Geometry-Only,10.107676724756756,5.420897147760189,0.0,0.536314852104715,13.276565355518366,4.6867795769965666,21
Lunacek,2,42,Local-Rank-No-Reliability,10.107676724756756,2.9509595451215267,0.0,0.29195230768448843,12.95755448214847,7.156717179635229,21
Lunacek,2,42,Local-Rank+Reliability,10.107676724756756,2.9509595451215267,0.0,0.29195230768448843,12.95755448214847,7.156717179635229,21
Lunacek,2,101,Target-Only,12.526545196985627,2.59164978284866,0.0,0.20689262219500965,8.99032803813256,9.934895414136967,21
Lunacek,2,101,Geometry-Only,12.526545196985627,3.023497994868915,0.0,0.24136726825497634,11.010847994726063,9.503047202116711,21
Lunacek,2,101,Local-Rank-No-Reliability,12.526545196985627,3.0417902645133648,0.0,0.2428275487518568,9.129876488488307,9.484754932472262,21
Lunacek,2,101,Local-Rank+Reliability,12.526545196985627,3.0417902645133648,0.0,0.2428275487518568,9.129876488488307,9.484754932472262,21
Lunacek,2,2026,Target-Only,7.1683617992737645,3.9919581341259316,0.0,0.5568856938178486,14.622125566835898,3.176403665147833,21
Lunacek,2,2026,Geometry-Only,7.1683617992737645,3.973036757584069,0.0,0.5542461260795433,19.77712306303977,3.1953250416896957,21
Lunacek,2,2026,Local-Rank-No-Reliability,7.1683617992737645,5.135118398409517,0.0,0.7163587081960292,17.87269031147022,2.0332434008642473,21
Lunacek,2,2026,Local-Rank+Reliability,7.1683617992737645,5.135118398409517,0.0,0.7163587081960292,17.87269031147022,2.0332434008642473,21
Lunacek,2,777,Target-Only,18.95350865376016,3.208963912210264,0.0,0.16930711726420333,7.454464729893861,15.744544741549896,21
Lunacek,2,777,Geometry-Only,18.95350865376016,3.723207049072438,0.0,0.1964389347158578,7.723051932295579,15.230301604687721,21
Lunacek,2,777,Local-Rank-No-Reliability,18.95350865376016,3.6486229403085932,0.0,0.19250382643979472,7.962413875503884,15.304885713451567,21
Lunacek,2,777,Local-Rank+Reliability,18.95350865376016,3.6486229403085932,0.0,0.19250382643979472,7.962413875503884,15.304885713451567,21
Lunacek,2,999,Target-Only,10.317418332055588,1.9929033509494252,0.0,0.1931591108172474,10.996547068287093,8.324514981106162,21
Lunacek,2,999,Geometry-Only,10.317418332055588,2.447113580712542,0.0,0.2371827430035971,11.491699952427995,7.870304751343046,21
Lunacek,2,999,Local-Rank-No-Reliability,10.317418332055588,3.238214353919624,0.0,0.3138589761218356,9.638817475045403,7.079203978135965,21
Lunacek,2,999,Local-Rank+Reliability,10.317418332055588,3.238214353919624,0.0,0.3138589761218356,9.638817475045403,7.079203978135965,21
Lunacek,2,1234,Target-Only,12.782586065821645,8.057679387577112,0.0,0.6303637891492011,17.171538655756333,4.724906678244533,21
Lunacek,2,1234,Geometry-Only,12.782586065821645,1.8720710521065498,0.0,0.14645479736781383,6.5333198245147805,10.910515013715095,21
Lunacek,2,1234,Local-Rank-No-Reliability,12.782586065821645,1.3499541692783321,0.0,0.10560884646713772,7.027091981305777,11.432631896543313,21
Lunacek,2,1234,Local-Rank+Reliability,12.782586065821645,1.3499541692783321,0.0,0.10560884646713772,7.027091981305777,11.432631896543313,21
Lunacek,2,5678,Target-Only,2.4278016634527115,2.4278016634527115,0.0,1.0,20.0,0.0,21
Lunacek,2,5678,Geometry-Only,2.4278016634527115,1.3697925169074916,0.0,0.5642110463667093,18.038949708650186,1.05800914654522,21
Lunacek,2,5678,Local-Rank-No-Reliability,2.4278016634527115,2.4278016634527115,0.0,1.0,20.0,0.0,21
Lunacek,2,5678,Local-Rank+Reliability,2.4278016634527115,2.4278016634527115,0.0,1.0,20.0,0.0,21
Lunacek,2,8888,Target-Only,17.164536935166232,2.9665652003216487,0.0,0.17283106509234347,4.668343741643309,14.197971734844584,21
Lunacek,2,8888,Geometry-Only,17.164536935166232,2.4197405457967878,0.0,0.1409732493767012,8.066835136132944,14.744796389369444,21
Lunacek,2,8888,Local-Rank-No-Reliability,17.164536935166232,6.108993502871071,0.0,0.35590785384691226,7.44020315001479,11.055543432295162,21
Lunacek,2,8888,Local-Rank+Reliability,17.164536935166232,6.108993502871071,0.0,0.35590785384691226,7.44020315001479,11.055543432295162,21
Ackley,2,42,Target-Only,8.110079754966062,0.37082906096162604,4.440892098500626e-16,0.04572446537711976,10.037711452430145,7.739250694004436,21
Ackley,2,42,Geometry-Only,8.110079754966062,0.03197045243007368,4.440892098500626e-16,0.00394206387557369,4.9926693473365376,8.078109302535989,21
Ackley,2,42,Local-Rank-No-Reliability,8.110079754966062,0.5801114863165258,4.440892098500626e-16,0.07152968945358452,6.072377612111543,7.529968268649537,21
Ackley,2,42,Local-Rank+Reliability,8.110079754966062,0.5801114863165258,4.440892098500626e-16,0.07152968945358452,6.072377612111543,7.529968268649537,21
Ackley,2,101,Target-Only,7.644197546020068,0.3102865594293829,4.440892098500626e-16,0.040591122555556185,5.728305567119952,7.333910986590686,21
Ackley,2,101,Geometry-Only,7.644197546020068,0.12276699748432351,4.440892098500626e-16,0.016060155005837257,3.9998683159281754,7.521430548535745,21
Ackley,2,101,Local-Rank-No-Reliability,7.644197546020068,0.12276699748432351,4.440892098500626e-16,0.016060155005837257,3.9998683159281754,7.521430548535745,21
Ackley,2,101,Local-Rank+Reliability,7.644197546020068,0.12276699748432351,4.440892098500626e-16,0.016060155005837257,3.9998683159281754,7.521430548535745,21
Ackley,2,2026,Target-Only,6.955717380797958,0.6961212455004007,4.440892098500626e-16,0.10007900082630174,12.116520041308137,6.259596135297558,21
Ackley,2,2026,Geometry-Only,6.955717380797958,0.3144216140563221,4.440892098500626e-16,0.04520333372432841,8.885570521195717,6.641295766741637,21
Ackley,2,2026,Local-Rank-No-Reliability,6.955717380797958,0.3144216140563221,4.440892098500626e-16,0.04520333372432841,8.885570521195717,6.641295766741637,21
Ackley,2,2026,Local-Rank+Reliability,6.955717380797958,0.3144216140563221,4.440892098500626e-16,0.04520333372432841,8.885570521195717,6.641295766741637,21
Ackley,2,777,Target-Only,5.059346614360837,0.4035370464914796,4.440892098500626e-16,0.07976070375294088,7.256959584819402,4.655809567869358,21
Ackley,2,777,Geometry-Only,5.059346614360837,0.575806016941613,4.440892098500626e-16,0.11381035157923369,13.011206729104188,4.483540597419225,21
Ackley,2,777,Local-Rank-No-Reliability,5.059346614360837,0.13562332768849972,4.440892098500626e-16,0.026806490645162682,11.856470078554755,4.923723286672338,21
Ackley,2,777,Local-Rank+Reliability,5.059346614360837,0.13562332768849972,4.440892098500626e-16,0.026806490645162682,11.856470078554755,4.923723286672338,21
Ackley,2,999,Target-Only,4.369844848220058,0.14200558930948093,4.440892098500626e-16,0.03249671195244443,4.466709821159478,4.227839258910578,21
Ackley,2,999,Geometry-Only,4.369844848220058,0.5253549255155225,4.440892098500626e-16,0.12022278679516772,4.938609843245197,3.8444899227045357,21
Ackley,2,999,Local-Rank-No-Reliability,4.369844848220058,0.29203199520585743,4.440892098500626e-16,0.06682891620850305,4.805125166778535,4.077812853014201,21
Ackley,2,999,Local-Rank+Reliability,4.369844848220058,0.29203199520585743,4.440892098500626e-16,0.06682891620850305,4.805125166778535,4.077812853014201,21
Ackley,2,1234,Target-Only,7.33139659766344,0.3643256101138381,4.440892098500626e-16,0.04969388918749129,4.987219489034314,6.967070987549603,21
Ackley,2,1234,Geometry-Only,7.33139659766344,0.3240590256950715,4.440892098500626e-16,0.04420154078124086,4.606160549828065,7.007337571968369,21
Ackley,2,1234,Local-Rank-No-Reliability,7.33139659766344,0.3240590256950715,4.440892098500626e-16,0.04420154078124086,4.703327988784002,7.007337571968369,21
Ackley,2,1234,Local-Rank+Reliability,7.33139659766344,0.3240590256950715,4.440892098500626e-16,0.04420154078124086,4.703327988784002,7.007337571968369,21
Ackley,2,5678,Target-Only,3.3193480776744733,0.36675103858031166,4.440892098500626e-16,0.11048887612812697,7.127378361621678,2.9525970390941616,21
Ackley,2,5678,Geometry-Only,3.3193480776744733,0.36675103858031166,4.440892098500626e-16,0.11048887612812697,10.482518769764708,2.9525970390941616,21
Ackley,2,5678,Local-Rank-No-Reliability,3.3193480776744733,0.25447420522328246,4.440892098500626e-16,0.07666391088504525,8.366695288754531,3.064873872451191,21
Ackley,2,5678,Local-Rank+Reliability,3.3193480776744733,0.25447420522328246,4.440892098500626e-16,0.07666391088504525,8.366695288754531,3.064873872451191,21
Ackley,2,8888,Target-Only,6.504181791861232,0.3718088117402414,4.440892098500626e-16,0.05716457867236894,3.5645065233908153,6.132372980120991,21
Ackley,2,8888,Geometry-Only,6.504181791861232,0.47434403138160564,4.440892098500626e-16,0.07292908571146614,3.6354468050667528,6.0298377604796265,21
Ackley,2,8888,Local-Rank-No-Reliability,6.504181791861232,0.47434403138160564,4.440892098500626e-16,0.07292908571146614,3.6354468050667528,6.0298377604796265,21
Ackley,2,8888,Local-Rank+Reliability,6.504181791861232,0.47434403138160564,4.440892098500626e-16,0.07292908571146614,3.6354468050667528,6.0298377604796265,21
GMM,5,42,Target-Only,-0.0011763333128723245,-0.0011763333128723245,-1.0000051084774053,1.0,20.0,0.0,21
GMM,5,42,Geometry-Only,-0.0011763333128723245,-0.32690120373944864,-1.0000051084774053,0.6738931851728831,18.25063280155927,0.32572487042657633,21
GMM,5,42,Local-Rank-No-Reliability,-0.0011763333128723245,-0.17331068308425304,-1.0000051084774053,0.82766380579792,18.671038394482355,0.17213434977138073,21
GMM,5,42,Local-Rank+Reliability,-0.0011763333128723245,-0.17331068308425304,-1.0000051084774053,0.82766380579792,18.671038394482355,0.17213434977138073,21
GMM,5,101,Target-Only,-0.13573747028536348,-0.28464691677050613,-1.0000051084774053,0.8277044749741577,18.880079087332028,0.14890944648514265,21
GMM,5,101,Geometry-Only,-0.13573747028536348,-0.28464691677050613,-1.0000051084774053,0.8277044749741577,17.91861467436673,0.14890944648514265,21
GMM,5,101,Local-Rank-No-Reliability,-0.13573747028536348,-0.28464691677050613,-1.0000051084774053,0.8277044749741577,17.91861467436673,0.14890944648514265,21
GMM,5,101,Local-Rank+Reliability,-0.13573747028536348,-0.28464691677050613,-1.0000051084774053,0.8277044749741577,17.91861467436673,0.14890944648514265,21
GMM,5,2026,Target-Only,-0.001039508181756879,-0.001039508181756879,-1.0000051084774053,1.0,20.0,0.0,21
GMM,5,2026,Geometry-Only,-0.001039508181756879,-0.15493721427508053,-1.0000051084774053,0.8459429373265938,18.924301915474214,0.15389770609332365,21
GMM,5,2026,Local-Rank-No-Reliability,-0.001039508181756879,-0.06026660372613143,-1.0000051084774053,0.9407115765279145,19.38377848974151,0.059227095544374546,21
GMM,5,2026,Local-Rank+Reliability,-0.001039508181756879,-0.06026660372613143,-1.0000051084774053,0.9407115765279145,19.38377848974151,0.059227095544374546,21
GMM,5,777,Target-Only,-0.004589046040649432,-0.0714068150739329,-1.0000051084774053,0.9328745320125587,19.89931179801884,0.06681776903328347,21
GMM,5,777,Geometry-Only,-0.004589046040649432,-0.1397881094206854,-1.0000051084774053,0.8641783386043905,17.969771541246786,0.13519906338003596,21
GMM,5,777,Local-Rank-No-Reliability,-0.004589046040649432,-0.1397881094206854,-1.0000051084774053,0.8641783386043905,17.969771541246786,0.13519906338003596,21
GMM,5,777,Local-Rank+Reliability,-0.004589046040649432,-0.1397881094206854,-1.0000051084774053,0.8641783386043905,17.969771541246786,0.13519906338003596,21
GMM,5,999,Target-Only,-0.00029393690763455753,-0.00979445618850628,-1.0000051084774053,0.9904967359062781,19.861922922435642,0.009500519280871722,21
GMM,5,999,Geometry-Only,-0.00029393690763455753,-0.5042378415792669,-1.0000051084774053,0.49591049994937303,12.279953125367076,0.5039439046716323,21
GMM,5,999,Local-Rank-No-Reliability,-0.00029393690763455753,-0.5042378415792669,-1.0000051084774053,0.49591049994937303,12.279953125367076,0.5039439046716323,21
GMM,5,999,Local-Rank+Reliability,-0.00029393690763455753,-0.5042378415792669,-1.0000051084774053,0.49591049994937303,12.279953125367076,0.5039439046716323,21
GMM,5,1234,Target-Only,-0.003730505253722019,-0.02010417188043105,-1.0000051084774053,0.9835651068754255,19.778128942818242,0.016373666626709034,21
GMM,5,1234,Geometry-Only,-0.003730505253722019,-0.38614135345232176,-1.0000051084774053,0.6161591924945005,15.6559920526484,0.3824108481985997,21
GMM,5,1234,Local-Rank-No-Reliability,-0.003730505253722019,-0.20981131781736548,-1.0000051084774053,0.7931485838374078,17.246138182256516,0.20608081256364347,21
GMM,5,1234,Local-Rank+Reliability,-0.003730505253722019,-0.20981131781736548,-1.0000051084774053,0.7931485838374078,17.246138182256516,0.20608081256364347,21
GMM,5,5678,Target-Only,-0.0006449063329358549,-0.019219856417937137,-1.0000051084774053,0.9814131580934059,19.699012507466637,0.018574950085001284,21
GMM,5,5678,Geometry-Only,-0.0006449063329358549,-0.330494109941679,-1.0000051084774053,0.6699396244707978,15.459176267356241,0.32984920360874315,21
GMM,5,5678,Local-Rank-No-Reliability,-0.0006449063329358549,-0.330494109941679,-1.0000051084774053,0.6699396244707978,15.459176267356241,0.32984920360874315,21
GMM,5,5678,Local-Rank+Reliability,-0.0006449063329358549,-0.330494109941679,-1.0000051084774053,0.6699396244707978,15.459176267356241,0.32984920360874315,21
GMM,5,8888,Target-Only,-0.024016917385832903,-0.024016917385832903,-1.0000051084774053,1.0,20.0,0.0,21
GMM,5,8888,Geometry-Only,-0.024016917385832903,-0.21332070925948637,-1.0000051084774053,0.8060388500582872,18.90940076761236,0.18930379187365348,21
GMM,5,8888,Local-Rank-No-Reliability,-0.024016917385832903,-0.21332070925948637,-1.0000051084774053,0.8060388500582872,18.90940076761236,0.18930379187365348,21
GMM,5,8888,Local-Rank+Reliability,-0.024016917385832903,-0.21332070925948637,-1.0000051084774053,0.8060388500582872,18.90940076761236,0.18930379187365348,21
Rastrigin,5,42,Target-Only,66.25077896196984,45.70038559627416,0.0,0.6898090303588386,17.23849651518413,20.550393365695683,21
Rastrigin,5,42,Geometry-Only,66.25077896196984,32.72894282909181,0.0,0.494015969953792,11.213710006342772,33.521836132878036,21
Rastrigin,5,42,Local-Rank-No-Reliability,66.25077896196984,30.18313909272982,0.0,0.4555891955633601,10.92550919841454,36.067639869240026,21
Rastrigin,5,42,Local-Rank+Reliability,66.25077896196984,30.18313909272982,0.0,0.4555891955633601,10.92550919841454,36.067639869240026,21
Rastrigin,5,101,Target-Only,56.41148467007489,24.19310693200931,0.0,0.42886846665184913,13.604581423444365,32.218377738065584,21
Rastrigin,5,101,Geometry-Only,56.41148467007489,42.26260996156064,0.0,0.7491845004387923,15.676652701396286,14.14887470851425,21
Rastrigin,5,101,Local-Rank-No-Reliability,56.41148467007489,34.36709691946947,0.0,0.6092216349288976,14.467544562926808,22.044387750605424,21
Rastrigin,5,101,Local-Rank+Reliability,56.41148467007489,34.36709691946947,0.0,0.6092216349288976,14.467544562926808,22.044387750605424,21
Rastrigin,5,2026,Target-Only,54.15455316601155,54.15455316601155,0.0,1.0,20.0,0.0,21
Rastrigin,5,2026,Geometry-Only,54.15455316601155,23.851784735423507,0.0,0.440439138373195,17.51927396405208,30.302768430588046,21
Rastrigin,5,2026,Local-Rank-No-Reliability,54.15455316601155,48.81223807741783,0.0,0.9013505831685698,18.838072528343666,5.342315088593722,21
Rastrigin,5,2026,Local-Rank+Reliability,54.15455316601155,48.81223807741783,0.0,0.9013505831685698,18.838072528343666,5.342315088593722,21
Rastrigin,5,777,Target-Only,63.6571306526055,47.230842132648526,0.0,0.7419568184811886,17.54858977557129,16.426288519956977,21
Rastrigin,5,777,Geometry-Only,63.6571306526055,36.081287042112194,0.0,0.5668066824911999,13.093954710187962,27.57584361049331,21
Rastrigin,5,777,Local-Rank-No-Reliability,63.6571306526055,36.081287042112194,0.0,0.5668066824911999,13.093954710187962,27.57584361049331,21
Rastrigin,5,777,Local-Rank+Reliability,63.6571306526055,36.081287042112194,0.0,0.5668066824911999,13.093954710187962,27.57584361049331,21
Rastrigin,5,999,Target-Only,21.745809244088903,20.127773591737103,0.0,0.9255932196318872,19.73957626871161,1.6180356523518,21
Rastrigin,5,999,Geometry-Only,21.745809244088903,21.745809244088903,0.0,1.0,20.0,0.0,21
Rastrigin,5,999,Local-Rank-No-Reliability,21.745809244088903,21.745809244088903,0.0,1.0,20.0,0.0,21
Rastrigin,5,999,Local-Rank+Reliability,21.745809244088903,21.745809244088903,0.0,1.0,20.0,0.0,21
Rastrigin,5,1234,Target-Only,57.49961531302244,45.22569042048621,0.0,0.786539008553046,18.399042564147845,12.273924892536229,21
Rastrigin,5,1234,Geometry-Only,57.49961531302244,35.460987435747484,0.0,0.6167169509343887,13.9864390192984,22.038627877274955,21
Rastrigin,5,1234,Local-Rank-No-Reliability,57.49961531302244,41.900506062153305,0.0,0.7287093284720416,15.1578259102189,15.599109250869134,21
Rastrigin,5,1234,Local-Rank+Reliability,57.49961531302244,41.900506062153305,0.0,0.7287093284720416,15.1578259102189,15.599109250869134,21
Rastrigin,5,5678,Target-Only,45.592182940643674,26.921665849276348,0.0,0.5904886345171404,19.79524431725857,18.670517091367326,21
Rastrigin,5,5678,Geometry-Only,45.592182940643674,21.624488423640305,0.0,0.47430254549980994,12.815650562425233,23.96769451700337,21
Rastrigin,5,5678,Local-Rank-No-Reliability,45.592182940643674,29.866143362166245,0.0,0.6550715810438137,14.116149358663758,15.72603957847743,21
Rastrigin,5,5678,Local-Rank+Reliability,45.592182940643674,29.866143362166245,0.0,0.6550715810438137,14.116149358663758,15.72603957847743,21
Rastrigin,5,8888,Target-Only,39.93180495902935,38.60762617309343,0.0,0.9668389949491503,19.751292462118627,1.3241787859359206,21
Rastrigin,5,8888,Geometry-Only,39.93180495902935,32.944283672628565,0.0,0.825013637786469,19.374102611715205,6.987521286400785,21
Rastrigin,5,8888,Local-Rank-No-Reliability,39.93180495902935,27.82417777848389,0.0,0.6967923891001653,18.938773361850576,12.10762718054546,21
Rastrigin,5,8888,Local-Rank+Reliability,39.93180495902935,27.82417777848389,0.0,0.6967923891001653,18.938773361850576,12.10762718054546,21
Lunacek,5,42,Target-Only,69.85020654772956,38.888780588732445,0.0,0.5567453914708074,15.485275341762932,30.96142595899711,21
Lunacek,5,42,Geometry-Only,69.85020654772956,47.707813831962646,0.0,0.6830017574731618,14.815748229730428,22.14239271576691,21
Lunacek,5,42,Local-Rank-No-Reliability,69.85020654772956,21.395443530138497,0.0,0.30630465660139045,10.713548377936807,48.45476301759106,21
Lunacek,5,42,Local-Rank+Reliability,69.85020654772956,21.395443530138497,0.0,0.30630465660139045,10.713548377936807,48.45476301759106,21
Lunacek,5,101,Target-Only,34.99793631083121,34.99793631083121,0.0,1.0,20.0,0.0,21
Lunacek,5,101,Geometry-Only,34.99793631083121,23.22833253229728,0.0,0.6637057775634773,19.83185288878174,11.769603778533927,21
Lunacek,5,101,Local-Rank-No-Reliability,34.99793631083121,34.99793631083121,0.0,1.0,20.0,0.0,21
Lunacek,5,101,Local-Rank+Reliability,34.99793631083121,34.99793631083121,0.0,1.0,20.0,0.0,21
Lunacek,5,2026,Target-Only,37.731964054311526,25.34105650592844,0.0,0.6716071410820924,19.17901785270523,12.390907548383087,21
Lunacek,5,2026,Geometry-Only,37.731964054311526,24.047231620145794,0.0,0.6373172513768995,12.927686401849538,13.684732434165731,21
Lunacek,5,2026,Local-Rank-No-Reliability,37.731964054311526,34.74814723744806,0.0,0.9209207129380133,19.88138106940702,2.9838168168634667,21
Lunacek,5,2026,Local-Rank+Reliability,37.731964054311526,34.74814723744806,0.0,0.9209207129380133,19.88138106940702,2.9838168168634667,21
Lunacek,5,777,Target-Only,47.29003078711963,33.78366327535943,0.0,0.7143929219974429,17.912352008943483,13.506367511760203,21
Lunacek,5,777,Geometry-Only,47.29003078711963,37.750226623575216,0.0,0.7982702906985045,18.189980339686265,9.539804163544417,21
Lunacek,5,777,Local-Rank-No-Reliability,47.29003078711963,37.750226623575216,0.0,0.7982702906985045,18.189980339686265,9.539804163544417,21
Lunacek,5,777,Local-Rank+Reliability,47.29003078711963,37.750226623575216,0.0,0.7982702906985045,18.189980339686265,9.539804163544417,21
Lunacek,5,999,Target-Only,35.85389638383859,21.602207552856648,0.0,0.602506553864924,19.403759830797387,14.25168883098194,21
Lunacek,5,999,Geometry-Only,35.85389638383859,27.785185192740663,0.0,0.7749558066237131,16.09576190785213,8.068711191097925,21
Lunacek,5,999,Local-Rank-No-Reliability,35.85389638383859,30.039572556267217,0.0,0.837832860191111,18.297245032006664,5.814323827571371,21
Lunacek,5,999,Local-Rank+Reliability,35.85389638383859,30.039572556267217,0.0,0.837832860191111,18.297245032006664,5.814323827571371,21
Lunacek,5,1234,Target-Only,52.63395863414675,26.73050447309497,0.0,0.5078566227346867,17.51108087423263,25.90345416105178,21
Lunacek,5,1234,Geometry-Only,52.63395863414675,28.958688055067576,0.0,0.5501901967198867,16.72050705093825,23.675270579079175,21
Lunacek,5,1234,Local-Rank-No-Reliability,52.63395863414675,42.23693485684184,0.0,0.8024654795666509,17.098919975208396,10.39702377730491,21
Lunacek,5,1234,Local-Rank+Reliability,52.63395863414675,42.23693485684184,0.0,0.8024654795666509,17.098919975208396,10.39702377730491,21
Lunacek,5,5678,Target-Only,41.87587592758641,41.87587592758641,0.0,1.0,20.0,0.0,21
Lunacek,5,5678,Geometry-Only,41.87587592758641,22.388508074682264,0.0,0.5346397556769308,13.756347077590254,19.487367852904143,21
Lunacek,5,5678,Local-Rank-No-Reliability,41.87587592758641,22.388508074682264,0.0,0.5346397556769308,13.756347077590254,19.487367852904143,21
Lunacek,5,5678,Local-Rank+Reliability,41.87587592758641,22.388508074682264,0.0,0.5346397556769308,13.756347077590254,19.487367852904143,21
Lunacek,5,8888,Target-Only,56.012970131756504,25.47494626367942,0.0,0.45480441768676044,17.215173859108056,30.538023868077083,21
Lunacek,5,8888,Geometry-Only,56.012970131756504,30.903993721589163,0.0,0.5517292450104904,16.581589792382918,25.10897641016734,21
Lunacek,5,8888,Local-Rank-No-Reliability,56.012970131756504,36.7219214112338,0.0,0.6555967541955848,17.18957707363079,19.291048720522703,21
Lunacek,5,8888,Local-Rank+Reliability,56.012970131756504,36.7219214112338,0.0,0.6555967541955848,17.18957707363079,19.291048720522703,21
Ackley,5,42,Target-Only,8.236370981515325,4.0542333766875345,4.440892098500626e-16,0.49223540146338063,16.772219250987057,4.1821376048277905,21
Ackley,5,42,Geometry-Only,8.236370981515325,4.0542333766875345,4.440892098500626e-16,0.49223540146338063,14.453113330082747,4.1821376048277905,21
Ackley,5,42,Local-Rank-No-Reliability,8.236370981515325,4.0542333766875345,4.440892098500626e-16,0.49223540146338063,14.623584102196764,4.1821376048277905,21
Ackley,5,42,Local-Rank+Reliability,8.236370981515325,4.0542333766875345,4.440892098500626e-16,0.49223540146338063,14.623584102196764,4.1821376048277905,21
Ackley,5,101,Target-Only,7.777208563191051,3.523230711126154,4.440892098500626e-16,0.45301995986083515,14.856596642431727,4.253977852064898,21
Ackley,5,101,Geometry-Only,7.777208563191051,3.523230711126154,4.440892098500626e-16,0.45301995986083515,13.822972706045892,4.253977852064898,21
Ackley,5,101,Local-Rank-No-Reliability,7.777208563191051,3.523230711126154,4.440892098500626e-16,0.45301995986083515,13.822972706045892,4.253977852064898,21
Ackley,5,101,Local-Rank+Reliability,7.777208563191051,3.523230711126154,4.440892098500626e-16,0.45301995986083515,13.822972706045892,4.253977852064898,21
Ackley,5,2026,Target-Only,6.27783637408508,5.279797328884261,4.440892098500626e-16,0.8410218129735387,17.85379447514277,0.9980390452008194,21
Ackley,5,2026,Geometry-Only,6.27783637408508,4.085199113722904,4.440892098500626e-16,0.6507336079332385,16.140547148602366,2.1926372603621758,21
Ackley,5,2026,Local-Rank-No-Reliability,6.27783637408508,4.085199113722904,4.440892098500626e-16,0.6507336079332385,16.052007061791056,2.1926372603621758,21
Ackley,5,2026,Local-Rank+Reliability,6.27783637408508,4.085199113722904,4.440892098500626e-16,0.6507336079332385,16.052007061791056,2.1926372603621758,21
Ackley,5,777,Target-Only,8.646491193424229,3.707370483242564,4.440892098500626e-16,0.4287716716882876,14.445818764762125,4.939120710181665,21
Ackley,5,777,Geometry-Only,8.646491193424229,2.515477951551326,4.440892098500626e-16,0.2909247109930997,10.104792030975304,6.131013241872903,21
Ackley,5,777,Local-Rank-No-Reliability,8.646491193424229,3.4858041470876135,4.440892098500626e-16,0.4031466717665327,10.104903628615752,5.160687046336616,21
Ackley,5,777,Local-Rank+Reliability,8.646491193424229,3.4858041470876135,4.440892098500626e-16,0.4031466717665327,10.104903628615752,5.160687046336616,21
Ackley,5,999,Target-Only,6.971950581827125,3.1291944263609968,4.440892098500626e-16,0.44882624878573574,13.666067199295693,3.842756155466128,21
Ackley,5,999,Geometry-Only,6.971950581827125,3.4489537400503285,4.440892098500626e-16,0.49468992924881977,11.65971271076867,3.5229968417767963,21
Ackley,5,999,Local-Rank-No-Reliability,6.971950581827125,3.4489537400503285,4.440892098500626e-16,0.49468992924881977,11.65971271076867,3.5229968417767963,21
Ackley,5,999,Local-Rank+Reliability,6.971950581827125,3.4489537400503285,4.440892098500626e-16,0.49468992924881977,11.65971271076867,3.5229968417767963,21
Ackley,5,1234,Target-Only,5.51954003697589,3.769545705589597,4.440892098500626e-16,0.6829456223411868,18.57325530053534,1.7499943313862931,21
Ackley,5,1234,Geometry-Only,5.51954003697589,3.769545705589597,4.440892098500626e-16,0.6829456223411868,17.703470124034112,1.7499943313862931,21
Ackley,5,1234,Local-Rank-No-Reliability,5.51954003697589,3.769545705589597,4.440892098500626e-16,0.6829456223411868,17.703470124034112,1.7499943313862931,21
Ackley,5,1234,Local-Rank+Reliability,5.51954003697589,3.769545705589597,4.440892098500626e-16,0.6829456223411868,17.703470124034112,1.7499943313862931,21
Ackley,5,5678,Target-Only,7.680070944182386,3.6524047197092355,4.440892098500626e-16,0.4755691381309326,12.048778260926381,4.027666224473151,21
Ackley,5,5678,Geometry-Only,7.680070944182386,3.6608365566468177,4.440892098500626e-16,0.47666702342377215,11.777140724141255,4.019234387535569,21
Ackley,5,5678,Local-Rank-No-Reliability,7.680070944182386,3.6608365566468177,4.440892098500626e-16,0.47666702342377215,11.777140724141255,4.019234387535569,21
Ackley,5,5678,Local-Rank+Reliability,7.680070944182386,3.6608365566468177,4.440892098500626e-16,0.47666702342377215,11.777140724141255,4.019234387535569,21
Ackley,5,8888,Target-Only,9.599581072484632,3.2479356875859193,4.440892098500626e-16,0.3383413987611925,10.123719252336596,6.351645384898713,21
Ackley,5,8888,Geometry-Only,9.599581072484632,3.6501953263600275,4.440892098500626e-16,0.3802452730799488,8.570455177439825,5.949385746124605,21
Ackley,5,8888,Local-Rank-No-Reliability,9.599581072484632,3.6501953263600275,4.440892098500626e-16,0.3802452730799488,8.570455177439825,5.949385746124605,21
Ackley,5,8888,Local-Rank+Reliability,9.599581072484632,3.6501953263600275,4.440892098500626e-16,0.3802452730799488,8.570455177439825,5.949385746124605,21
