problem,relation,context_size,method,method_key,pairwise_accuracy_mean,pairwise_accuracy_std,pairwise_accuracy_count,ndcg_at_top_mean,ndcg_at_top_std,ndcg_at_top_count,normalized_top1_regret_mean,normalized_top1_regret_std,normalized_top1_regret_count,standardized_rmse_mean,standardized_rmse_std,standardized_rmse_count,spearman_mean,spearman_std,spearman_count,precision_at_top_mean,precision_at_top_std,precision_at_top_count
Ackley,label_permutation,6,Geometry-Prior+Residual,geometry,0.5039953974253808,0.012465202634016946,16,0.5364290625221626,0.1658249367363472,16,0.42133126083285,0.25551452116101636,16,12.84870158941622,3.7049864930969982,16,0.009113942177219978,0.03737953173292074,16,0.12520424836601307,0.07761667236607422,16
Ackley,label_permutation,6,Oracle-Rank+Residual,rank,0.4926453201786614,0.027398018627756947,16,0.5019038828495836,0.20809336469214973,16,0.48080980355862624,0.32581639523391837,16,40.22243885155479,17.803929303192028,16,-0.020500104638216155,0.07269627565530444,16,0.11873638344226578,0.10405872844751968,16
Ackley,label_permutation,6,Oracle-Rank+Value+Residual,dual,0.4908562800531126,0.027345113896211762,16,0.49487057740857493,0.2109430472625323,16,0.4845561818710351,0.33802067723769685,16,42.71208346309575,18.198224239749784,16,-0.025340202603822953,0.07365923304490701,16,0.10273692810457515,0.10534973878929764,16
Ackley,label_permutation,6,Oracle-Value+Residual,value,0.4884911632738496,0.02890178990555431,16,0.49855029436764886,0.2079525833231301,16,0.47275269049995305,0.31830851543639066,16,42.580229565971486,18.044260347312246,16,-0.031625556167148294,0.0777441574796268,16,0.10763888888888888,0.10413640918814812,16
Ackley,label_permutation,6,Target-Only,target_only,0.48818751106795877,0.02625226046757284,16,0.5188010007610306,0.21684281476630635,16,0.45256538858290385,0.3380349637469639,16,35.29038387877502,13.801476900793038,16,-0.034794338509197255,0.06848044453967604,16,0.12384259259259259,0.10144470153561501,16
Ackley,label_permutation,12,Geometry-Prior+Residual,geometry,0.5796197999252298,0.06883410581053735,16,0.7081069420693837,0.08640786089559213,16,0.19329027528733994,0.11770624385799033,16,8.698152713702635,2.7749658952424334,16,0.2162325553466578,0.18648040011249695,16,0.2395152505446623,0.06887756867482535,16
Ackley,label_permutation,12,Oracle-Rank+Residual,rank,0.5084669121463596,0.04192342386270071,16,0.5403587561543618,0.14630521522785156,16,0.4113114085071468,0.21364555188882822,16,17.962038894244365,9.32804207147421,16,0.020807394191734028,0.11781539118322479,16,0.11546840958605663,0.06378148357176881,16
Ackley,label_permutation,12,Oracle-Rank+Value+Residual,dual,0.5060765044451636,0.04240108865192582,16,0.544922528602399,0.1408839790591024,16,0.40784451232109026,0.21233379539845226,16,18.62269577261392,9.882327698309142,16,0.014217758743137143,0.12003341732115888,16,0.11996187363834422,0.06622505396607664,16
Ackley,label_permutation,12,Oracle-Value+Residual,value,0.5090950972589459,0.043966458244525206,16,0.5451308310316478,0.137589544254173,16,0.41710009123077035,0.21938266495280725,16,17.223513013954484,7.567532482134213,16,0.02518604880746752,0.12387957834158883,16,0.12214052287581698,0.06552493581246442,16
Ackley,label_permutation,12,Target-Only,target_only,0.5137237515512105,0.045223572517700684,16,0.5621192158140677,0.14685055365683408,16,0.3801550610736853,0.22394802885068918,16,14.023121495371614,4.764767322294399,16,0.03840825397657173,0.12629963162839405,16,0.13194444444444442,0.07638630792911547,16
Ackley,label_permutation,20,Geometry-Prior+Residual,geometry,0.6350077585967083,0.09498936546851698,16,0.7644560531374239,0.1292984087529749,16,0.1369885790562375,0.17920549558187646,16,3.2857378674990967,1.2198341310320193,16,0.3508952023058372,0.24483760557823298,16,0.2847222222222222,0.08926160609326006,16
Ackley,label_permutation,20,Oracle-Rank+Residual,rank,0.5739082836844208,0.06881224657526833,16,0.5748395144051757,0.1701563962032421,16,0.4127225005509227,0.27434157784445184,16,14.010956892358463,14.42227367478449,16,0.20331023683171479,0.1852304667845607,16,0.17613017429193897,0.09703163245214225,16
Ackley,label_permutation,20,Oracle-Rank+Value+Residual,dual,0.5686013204202058,0.07105166571296734,16,0.5694374834491699,0.16851495460421964,16,0.4187853663397928,0.2652423498422543,16,14.508468367589357,13.89916405559572,16,0.18778587759463605,0.1920822039470922,16,0.16693899782135074,0.09806140312157208,16
Ackley,label_permutation,20,Oracle-Value+Residual,value,0.5896560553353838,0.07606060059368554,16,0.5999494891878723,0.1548235580435556,16,0.36935059503858514,0.2313828514131123,16,10.849660161959306,9.806972312591355,16,0.23970068150697396,0.20316045048015585,16,0.1670751633986928,0.09728091716902287,16
Ackley,label_permutation,20,Target-Only,target_only,0.6467249867523742,0.07491052561009771,16,0.6998077393710821,0.14883839106743546,16,0.2336039964595453,0.20135698718465853,16,2.983680814221158,0.885364758300627,16,0.38597280659624544,0.19310016788678452,16,0.2454384531590414,0.1302264498078891,16
Ackley,matching,6,Geometry-Prior+Residual,geometry,0.5039953974253808,0.012465202634016946,16,0.5364290625221626,0.1658249367363472,16,0.42133126083285,0.25551452116101636,16,12.84870158941622,3.7049864930969982,16,0.009113942177219978,0.03737953173292074,16,0.12520424836601307,0.07761667236607422,16
Ackley,matching,6,Oracle-Rank+Residual,rank,0.6067233142608232,0.021136945363969206,16,0.7442781667765275,0.08074952099619277,16,0.15359115032476273,0.13338869948728932,16,11.769886413370056,3.8432420941552503,16,0.29604149231894905,0.05334856157074503,16,0.2697440087145969,0.07300032892824049,16
Ackley,matching,6,Oracle-Rank+Value+Residual,dual,0.6826192676454643,0.018257208634672395,16,0.8144904784107764,0.04410170295739543,16,0.06967461940424996,0.07187562703094609,16,5.641953153175023,1.8417637338644923,16,0.483437060610024,0.04451264255820214,16,0.3348992374727669,0.06717399997265616,16
Ackley,matching,6,Oracle-Value+Residual,value,0.6815710174515842,0.01909648569476198,16,0.8146053619331973,0.04809397519116769,16,0.048062979726976346,0.047148853362956614,16,4.876329625233837,1.9699845580078768,16,0.4899199682142188,0.053136938779235,16,0.275599128540305,0.07893006951254673,16
Ackley,matching,6,Target-Only,target_only,0.48818751106795877,0.02625226046757284,16,0.5188010007610306,0.21684281476630635,16,0.45256538858290385,0.3380349637469639,16,35.29038387877502,13.801476900793038,16,-0.034794338509197255,0.06848044453967604,16,0.12384259259259259,0.10144470153561501,16
Ackley,matching,12,Geometry-Prior+Residual,geometry,0.5796197999252298,0.06883410581053735,16,0.7081069420693837,0.08640786089559213,16,0.19329027528733994,0.11770624385799033,16,8.698152713702635,2.7749658952424334,16,0.2162325553466578,0.18648040011249695,16,0.2395152505446623,0.06887756867482535,16
Ackley,matching,12,Oracle-Rank+Residual,rank,0.6471978896752653,0.05239600553213469,16,0.7869456971898392,0.05138963503019615,16,0.10452632884707912,0.07498768233620808,16,7.88395427025373,2.2730241841160757,16,0.4014602019278521,0.13397686965961625,16,0.3033769063180828,0.07523335655874937,16
Ackley,matching,12,Oracle-Rank+Value+Residual,dual,0.7358101389626752,0.03369368046890165,16,0.8564950068271315,0.03361873169263207,16,0.039676826784947876,0.03217931863647938,16,3.2880133695962446,0.8993789716352364,16,0.6057910649140843,0.07575697300145896,16,0.3898420479302832,0.06506454273689834,16
Ackley,matching,12,Oracle-Value+Residual,value,0.8232047940460657,0.0328284886316003,16,0.9023705154861593,0.027790125637780064,16,0.011537706516667919,0.014226940773883775,16,1.0260738180279079,0.3646369048163439,16,0.7943369275531004,0.0693715914298813,16,0.47147331154684097,0.08997866958971877,16
Ackley,matching,12,Target-Only,target_only,0.5137237515512105,0.045223572517700684,16,0.5621192158140677,0.14685055365683408,16,0.3801550610736853,0.22394802885068918,16,14.023121495371614,4.764767322294399,16,0.03840825397657173,0.12629963162839405,16,0.13194444444444442,0.07638630792911547,16
Ackley,matching,20,Geometry-Prior+Residual,geometry,0.6350077585967083,0.09498936546851698,16,0.7644560531374239,0.1292984087529749,16,0.1369885790562375,0.17920549558187646,16,3.2857378674990967,1.2198341310320193,16,0.3508952023058372,0.24483760557823298,16,0.2847222222222222,0.08926160609326006,16
Ackley,matching,20,Oracle-Rank+Residual,rank,0.680235297170877,0.05977413290789654,16,0.7629127234444367,0.1111577483044413,16,0.169052989666458,0.1256809292354837,16,3.281376282473434,0.9066204583812174,16,0.48800970598152377,0.1527507371788574,16,0.3159722222222222,0.09350565975507501,16
Ackley,matching,20,Oracle-Rank+Value+Residual,dual,0.7986817764235006,0.032938128392261755,16,0.8738198369893283,0.059527621748879496,16,0.04658124780082678,0.058516281511672256,16,1.2072880803025123,0.2983144860691852,16,0.7420455006182436,0.07000849567529957,16,0.4585375816993464,0.09337612752991077,16
Ackley,matching,20,Oracle-Value+Residual,value,0.915172746665364,0.019153392744711846,16,0.9378338991310539,0.019749566367818185,16,0.007301815991642445,0.007133441086700816,16,0.342473478319958,0.11940643290980503,16,0.9485562781178225,0.027885485140429933,16,0.6243872549019608,0.08746602334797221,16
Ackley,matching,20,Target-Only,target_only,0.6467249867523742,0.07491052561009771,16,0.6998077393710821,0.14883839106743546,16,0.2336039964595453,0.20135698718465853,16,2.983680814221158,0.885364758300627,16,0.38597280659624544,0.19310016788678452,16,0.2454384531590414,0.1302264498078891,16
Ackley,reversed,6,Geometry-Prior+Residual,geometry,0.5039953974253808,0.012465202634016946,16,0.5364290625221626,0.1658249367363472,16,0.42133126083285,0.25551452116101636,16,12.84870158941622,3.7049864930969982,16,0.009113942177219978,0.03737953173292074,16,0.12520424836601307,0.07761667236607422,16
Ackley,reversed,6,Oracle-Rank+Residual,rank,0.48818751106795877,0.02625226046757284,16,0.5188010007610306,0.21684281476630635,16,0.45256538858290385,0.3380349637469639,16,35.29038387877502,13.801476900793038,16,-0.034794338509197255,0.06848044453967604,16,0.12384259259259259,0.10144470153561501,16
Ackley,reversed,6,Oracle-Rank+Value+Residual,dual,0.48818751106795877,0.02625226046757284,16,0.5188010007610306,0.21684281476630635,16,0.45256538858290385,0.3380349637469639,16,35.29038387877502,13.801476900793038,16,-0.034794338509197255,0.06848044453967604,16,0.12384259259259259,0.10144470153561501,16
Ackley,reversed,6,Oracle-Value+Residual,value,0.48818751106795877,0.02625226046757284,16,0.5188010007610306,0.21684281476630635,16,0.45256538858290385,0.3380349637469639,16,35.29038387877502,13.801476900793038,16,-0.034794338509197255,0.06848044453967604,16,0.12384259259259259,0.10144470153561501,16
Ackley,reversed,6,Target-Only,target_only,0.48818751106795877,0.02625226046757284,16,0.5188010007610306,0.21684281476630635,16,0.45256538858290385,0.3380349637469639,16,35.29038387877502,13.801476900793038,16,-0.034794338509197255,0.06848044453967604,16,0.12384259259259259,0.10144470153561501,16
Ackley,reversed,12,Geometry-Prior+Residual,geometry,0.5796197999252298,0.06883410581053735,16,0.7081069420693837,0.08640786089559213,16,0.19329027528733994,0.11770624385799033,16,8.698152713702635,2.7749658952424334,16,0.2162325553466578,0.18648040011249695,16,0.2395152505446623,0.06887756867482535,16
Ackley,reversed,12,Oracle-Rank+Residual,rank,0.5137237515512105,0.045223572517700684,16,0.5621192158140677,0.14685055365683408,16,0.3801550610736853,0.22394802885068918,16,14.023121495371614,4.764767322294399,16,0.03840825397657173,0.12629963162839405,16,0.13194444444444442,0.07638630792911547,16
Ackley,reversed,12,Oracle-Rank+Value+Residual,dual,0.5137237515512105,0.045223572517700684,16,0.5621192158140677,0.14685055365683408,16,0.3801550610736853,0.22394802885068918,16,14.023121495371614,4.764767322294399,16,0.03840825397657173,0.12629963162839405,16,0.13194444444444442,0.07638630792911547,16
Ackley,reversed,12,Oracle-Value+Residual,value,0.5137237515512105,0.045223572517700684,16,0.5621192158140677,0.14685055365683408,16,0.3801550610736853,0.22394802885068918,16,14.023121495371614,4.764767322294399,16,0.03840825397657173,0.12629963162839405,16,0.13194444444444442,0.07638630792911547,16
Ackley,reversed,12,Target-Only,target_only,0.5137237515512105,0.045223572517700684,16,0.5621192158140677,0.14685055365683408,16,0.3801550610736853,0.22394802885068918,16,14.023121495371614,4.764767322294399,16,0.03840825397657173,0.12629963162839405,16,0.13194444444444442,0.07638630792911547,16
Ackley,reversed,20,Geometry-Prior+Residual,geometry,0.6350077585967083,0.09498936546851698,16,0.7644560531374239,0.1292984087529749,16,0.1369885790562375,0.17920549558187646,16,3.2857378674990967,1.2198341310320193,16,0.3508952023058372,0.24483760557823298,16,0.2847222222222222,0.08926160609326006,16
Ackley,reversed,20,Oracle-Rank+Residual,rank,0.6467249867523742,0.07491052561009771,16,0.6998077393710821,0.14883839106743546,16,0.2336039964595453,0.20135698718465853,16,2.983680814221158,0.885364758300627,16,0.38597280659624544,0.19310016788678452,16,0.2454384531590414,0.1302264498078891,16
Ackley,reversed,20,Oracle-Rank+Value+Residual,dual,0.6467249867523742,0.07491052561009771,16,0.6998077393710821,0.14883839106743546,16,0.2336039964595453,0.20135698718465853,16,2.983680814221158,0.885364758300627,16,0.38597280659624544,0.19310016788678452,16,0.2454384531590414,0.1302264498078891,16
Ackley,reversed,20,Oracle-Value+Residual,value,0.6467249867523742,0.07491052561009771,16,0.6998077393710821,0.14883839106743546,16,0.2336039964595453,0.20135698718465853,16,2.983680814221158,0.885364758300627,16,0.38597280659624544,0.19310016788678452,16,0.2454384531590414,0.1302264498078891,16
Ackley,reversed,20,Target-Only,target_only,0.6467249867523742,0.07491052561009771,16,0.6998077393710821,0.14883839106743546,16,0.2336039964595453,0.20135698718465853,16,2.983680814221158,0.885364758300627,16,0.38597280659624544,0.19310016788678452,16,0.2454384531590414,0.1302264498078891,16
GMM,label_permutation,6,Geometry-Prior+Residual,geometry,0.6008595605791367,0.24548394950802846,16,0.5955847790994445,0.28604396747135624,16,0.3953705497676485,0.33468466416260995,16,31.739704724778985,6.559972781111063,16,0.28334240042055997,0.6421993464179433,16,0.16843681917211328,0.2751122698596614,16
GMM,label_permutation,6,Oracle-Rank+Residual,rank,0.5755192526507125,0.2270365432849139,16,0.5726464511950828,0.274489071952545,16,0.4240030244722913,0.3384124833826374,16,235.93879381863522,49.494783188794074,16,0.23203520969465383,0.6016016344903349,16,0.17061546840958605,0.2605078697666341,16
GMM,label_permutation,6,Oracle-Rank+Value+Residual,dual,0.5755844645550527,0.22382477900941286,16,0.5784181626728753,0.25867019203576164,16,0.4140771958611993,0.3137617548688781,16,239.76441452246132,51.541134506071266,16,0.23128456155782706,0.5946646549400629,16,0.16979847494553377,0.25300139803793137,16
GMM,label_permutation,6,Oracle-Value+Residual,value,0.5772317839208766,0.22554253579973407,16,0.580912771608857,0.2539235875065613,16,0.41784055955889066,0.2930649185703145,16,239.14181966667195,50.3666541430333,16,0.23501948227017738,0.5987805022604958,16,0.173338779956427,0.2516306466248162,16
GMM,label_permutation,6,Target-Only,target_only,0.5926358297220408,0.24799234534921816,16,0.5939075412850721,0.2875315765117666,16,0.3984934245962345,0.3370303347031606,16,223.37141994020692,40.87303580607926,16,0.26492294363420243,0.6453805476286069,16,0.1696623093681917,0.27517771565104693,16
GMM,label_permutation,12,Geometry-Prior+Residual,geometry,0.6115249340332694,0.11339836898586861,16,0.6793002735324936,0.2553901147094425,16,0.32964527173713914,0.31108575110904996,16,6.150857355446206,2.00365097390722,16,0.3151227710296661,0.31404587286296415,16,0.3031045751633987,0.2442755504903819,16
GMM,label_permutation,12,Oracle-Rank+Residual,rank,0.5398999490449836,0.09448432781879335,16,0.538419689953371,0.18858438163286773,16,0.4335104153334225,0.24832574644136723,16,113.3481646354853,53.894244260533554,16,0.1107527849836373,0.2694981998176019,16,0.17796840958605664,0.19980002240331604,16
GMM,label_permutation,12,Oracle-Rank+Value+Residual,dual,0.539675299165654,0.087572274040062,16,0.5469794794326557,0.16732039624041312,16,0.41078431112361036,0.2004694211705584,16,117.38606214937869,56.993805713280125,16,0.1098341506167359,0.24916996374275707,16,0.17374727668845316,0.19173557415737208,16
GMM,label_permutation,12,Oracle-Value+Residual,value,0.5422508089363293,0.0877768229394888,16,0.5520133172894263,0.1624986219243712,16,0.4164290505586814,0.20475996548374645,16,116.41743143996177,57.328103580652936,16,0.11672486028395798,0.24913443860854342,16,0.17851307189542484,0.18909406760789974,16
GMM,label_permutation,12,Target-Only,target_only,0.54402877262189,0.10165229270704206,16,0.5643490843594978,0.19097615991664119,16,0.40277542168504676,0.2440404586029595,16,81.21835550943955,19.345245800537313,16,0.12676169507803703,0.28465460999792597,16,0.19069989106753812,0.22800563316292133,16
GMM,label_permutation,20,Geometry-Prior+Residual,geometry,0.7888595609183844,0.043142482712006346,16,0.7980820627364856,0.13728382720645108,16,0.19728924935793093,0.15852352094601108,16,1.2100235545298295,0.4012947778481553,16,0.7339615200238162,0.09375106862267227,16,0.39052287581699346,0.21732394709145525,16
GMM,label_permutation,20,Oracle-Rank+Residual,rank,0.5521773431335232,0.07397980930402193,16,0.5513154600327961,0.16485384411181866,16,0.4430509548919818,0.2218592488556617,16,73.89657095369874,44.526736027426644,16,0.15855544102392743,0.21395504810094382,16,0.19104030501089325,0.1866984499141478,16
GMM,label_permutation,20,Oracle-Rank+Value+Residual,dual,0.5472292531324444,0.06765669586036346,16,0.554700505754489,0.15586090234022712,16,0.4387745916746459,0.21774224219466823,16,77.9459467160525,47.20854878638361,16,0.14529031223371516,0.20076563430720076,16,0.19621459694989107,0.18060063723228356,16
GMM,label_permutation,20,Oracle-Value+Residual,value,0.5482492355051297,0.06785831213953016,16,0.5551921228971937,0.15409377815695277,16,0.44836525862507437,0.21960658779781203,16,77.60390488332868,46.59472747255128,16,0.14784319210653418,0.2017345711522717,16,0.19750816993464052,0.18036563167805003,16
GMM,label_permutation,20,Target-Only,target_only,0.5650171506714731,0.07606267069878153,16,0.5798735331772708,0.13699170648493297,16,0.43271650091883085,0.17687818490433177,16,48.48505587562165,6.770360224482699,16,0.18980074964134017,0.21767089799119355,16,0.22086056644880173,0.1756449390716663,16
GMM,matching,6,Geometry-Prior+Residual,geometry,0.6008595605791367,0.24548394950802846,16,0.5955847790994445,0.28604396747135624,16,0.3953705497676485,0.33468466416260995,16,31.739704724778985,6.559972781111063,16,0.28334240042055997,0.6421993464179433,16,0.16843681917211328,0.2751122698596614,16
GMM,matching,6,Oracle-Rank+Residual,rank,0.6033374263577883,0.24057234240486938,16,0.5891066258914779,0.27376623721984394,16,0.4083554941528036,0.3275391108615871,16,32.36889687943223,6.488876535157795,16,0.2771347270050242,0.6378585438284463,16,0.17538126361655773,0.2507788366021886,16
GMM,matching,6,Oracle-Rank+Value+Residual,dual,0.608402031008604,0.23114946509395892,16,0.6037219057230886,0.2604351167395208,16,0.39706372957940833,0.32788601192463873,16,18.150617950353755,3.274594144926571,16,0.2860200662773396,0.6136791989818547,16,0.19158496732026142,0.22511603329852906,16
GMM,matching,6,Oracle-Value+Residual,value,0.6043847351390814,0.24274318873571693,16,0.5983168682952419,0.28284255279860254,16,0.4036755617714533,0.34145306939835407,16,32.5446116216039,5.531243380992807,16,0.27904831672589225,0.6352936057041945,16,0.1915168845315904,0.2589503474284509,16
GMM,matching,6,Target-Only,target_only,0.5926358297220408,0.24799234534921816,16,0.5939075412850721,0.2875315765117666,16,0.3984934245962345,0.3370303347031606,16,223.37141994020692,40.87303580607926,16,0.26492294363420243,0.6453805476286069,16,0.1696623093681917,0.27517771565104693,16
GMM,matching,12,Geometry-Prior+Residual,geometry,0.6115249340332694,0.11339836898586861,16,0.6793002735324936,0.2553901147094425,16,0.32964527173713914,0.31108575110904996,16,6.150857355446206,2.00365097390722,16,0.3151227710296661,0.31404587286296415,16,0.3031045751633987,0.2442755504903819,16
GMM,matching,12,Oracle-Rank+Residual,rank,0.5657935870635322,0.0692829743622981,16,0.56448545041285,0.11406213616290349,16,0.43251462613749775,0.19229900998062674,16,8.910946097191498,2.5236847728527354,16,0.19554217264486737,0.19771674120603142,16,0.17687908496732024,0.1723906257698673,16
GMM,matching,12,Oracle-Rank+Value+Residual,dual,0.5818765100766767,0.06286231911268031,16,0.5928212650727149,0.10425611505879762,16,0.3871364999682293,0.1767859608316084,16,6.944871220226062,1.609735335931145,16,0.23458317984343702,0.17044132241338328,16,0.19315087145969498,0.17467175334580362,16
GMM,matching,12,Oracle-Value+Residual,value,0.5847718456911122,0.08252961106959998,16,0.588884811398272,0.13353686185792507,16,0.3871513343339912,0.18798466969825114,16,9.250918682064826,1.28242136493765,16,0.23441927523751407,0.2274407289938732,16,0.18654684095860566,0.208514488285782,16
GMM,matching,12,Target-Only,target_only,0.54402877262189,0.10165229270704206,16,0.5643490843594978,0.19097615991664119,16,0.40277542168504676,0.2440404586029595,16,81.21835550943955,19.345245800537313,16,0.12676169507803703,0.28465460999792597,16,0.19069989106753812,0.22800563316292133,16
GMM,matching,20,Geometry-Prior+Residual,geometry,0.7888595609183844,0.043142482712006346,16,0.7980820627364856,0.13728382720645108,16,0.19728924935793093,0.15852352094601108,16,1.2100235545298295,0.4012947778481553,16,0.7339615200238162,0.09375106862267227,16,0.39052287581699346,0.21732394709145525,16
GMM,matching,20,Oracle-Rank+Residual,rank,0.575276766819396,0.05664293723206058,16,0.5711531897294383,0.11233637969694794,16,0.43123045265166,0.18332007050767138,16,6.255177524262052,1.1547016947120847,16,0.21934995378025143,0.16067841589895895,16,0.16775599128540303,0.15063381024485517,16
GMM,matching,20,Oracle-Rank+Value+Residual,dual,0.5997391947886113,0.056070355492848285,16,0.5731792587327055,0.12985320793569813,16,0.46414621376193455,0.20886223139928917,16,5.127385285999715,0.8825876377384874,16,0.2857478196387447,0.15800556641505203,16,0.1949210239651416,0.16278581198339503,16
GMM,matching,20,Oracle-Value+Residual,value,0.6268096409469355,0.06682474804288577,16,0.5965777121827307,0.1445064666284376,16,0.39580373690224635,0.2004689233116456,16,5.653817849593681,1.0353521736827498,16,0.3395594983169129,0.18429009018658205,16,0.2332516339869281,0.18300604964143294,16
GMM,matching,20,Target-Only,target_only,0.5650171506714731,0.07606267069878153,16,0.5798735331772708,0.13699170648493297,16,0.43271650091883085,0.17687818490433177,16,48.48505587562165,6.770360224482699,16,0.18980074964134017,0.21767089799119355,16,0.22086056644880173,0.1756449390716663,16
GMM,reversed,6,Geometry-Prior+Residual,geometry,0.6008595605791367,0.24548394950802846,16,0.5955847790994445,0.28604396747135624,16,0.3953705497676485,0.33468466416260995,16,31.739704724778985,6.559972781111063,16,0.28334240042055997,0.6421993464179433,16,0.16843681917211328,0.2751122698596614,16
GMM,reversed,6,Oracle-Rank+Residual,rank,0.5926358297220408,0.24799234534921816,16,0.5939075412850721,0.2875315765117666,16,0.3984934245962345,0.3370303347031606,16,223.37141994020692,40.87303580607926,16,0.26492294363420243,0.6453805476286069,16,0.1696623093681917,0.27517771565104693,16
GMM,reversed,6,Oracle-Rank+Value+Residual,dual,0.5926358297220408,0.24799234534921816,16,0.5939075412850721,0.2875315765117666,16,0.3984934245962345,0.3370303347031606,16,223.37142159553346,40.87303612751811,16,0.26492294363420243,0.6453805476286069,16,0.1696623093681917,0.27517771565104693,16
GMM,reversed,6,Oracle-Value+Residual,value,0.5926358297220408,0.24799234534921816,16,0.5939075412850721,0.2875315765117666,16,0.3984934245962345,0.3370303347031606,16,223.37141994020692,40.87303580607926,16,0.26492294363420243,0.6453805476286069,16,0.1696623093681917,0.27517771565104693,16
GMM,reversed,6,Target-Only,target_only,0.5926358297220408,0.24799234534921816,16,0.5939075412850721,0.2875315765117666,16,0.3984934245962345,0.3370303347031606,16,223.37141994020692,40.87303580607926,16,0.26492294363420243,0.6453805476286069,16,0.1696623093681917,0.27517771565104693,16
GMM,reversed,12,Geometry-Prior+Residual,geometry,0.6115249340332694,0.11339836898586861,16,0.6793002735324936,0.2553901147094425,16,0.32964527173713914,0.31108575110904996,16,6.150857355446206,2.00365097390722,16,0.3151227710296661,0.31404587286296415,16,0.3031045751633987,0.2442755504903819,16
GMM,reversed,12,Oracle-Rank+Residual,rank,0.54402877262189,0.10165229270704206,16,0.5643490843594978,0.19097615991664119,16,0.40277542168504676,0.2440404586029595,16,81.21835550943955,19.345245800537313,16,0.12676169507803703,0.28465460999792597,16,0.19069989106753812,0.22800563316292133,16
GMM,reversed,12,Oracle-Rank+Value+Residual,dual,0.54402877262189,0.10165229270704206,16,0.5643490843594978,0.19097615991664119,16,0.40277542168504676,0.2440404586029595,16,81.21835582752749,19.345245879992273,16,0.12676169507803703,0.28465460999792597,16,0.19069989106753812,0.22800563316292133,16
GMM,reversed,12,Oracle-Value+Residual,value,0.54402877262189,0.10165229270704206,16,0.5643490843594978,0.19097615991664119,16,0.40277542168504676,0.2440404586029595,16,81.21835550943955,19.345245800537313,16,0.12676169507803703,0.28465460999792597,16,0.19069989106753812,0.22800563316292133,16
GMM,reversed,12,Target-Only,target_only,0.54402877262189,0.10165229270704206,16,0.5643490843594978,0.19097615991664119,16,0.40277542168504676,0.2440404586029595,16,81.21835550943955,19.345245800537313,16,0.12676169507803703,0.28465460999792597,16,0.19069989106753812,0.22800563316292133,16
GMM,reversed,20,Geometry-Prior+Residual,geometry,0.7888595609183844,0.043142482712006346,16,0.7980820627364856,0.13728382720645108,16,0.19728924935793093,0.15852352094601108,16,1.2100235545298295,0.4012947778481553,16,0.7339615200238162,0.09375106862267227,16,0.39052287581699346,0.21732394709145525,16
GMM,reversed,20,Oracle-Rank+Residual,rank,0.5650171506714731,0.07606267069878153,16,0.5798735331772708,0.13699170648493297,16,0.43271650091883085,0.17687818490433177,16,48.48505587562165,6.770360224482699,16,0.18980074964134017,0.21767089799119355,16,0.22086056644880173,0.1756449390716663,16
GMM,reversed,20,Oracle-Rank+Value+Residual,dual,0.5650171506714731,0.07606267069878153,16,0.5798735331772708,0.13699170648493297,16,0.43271650091883085,0.17687818490433177,16,48.48505607292017,6.770360251160956,16,0.18980074964134017,0.21767089799119355,16,0.22086056644880173,0.1756449390716663,16
GMM,reversed,20,Oracle-Value+Residual,value,0.5650171506714731,0.07606267069878153,16,0.5798735331772708,0.13699170648493297,16,0.43271650091883085,0.17687818490433177,16,48.48505587562165,6.770360224482699,16,0.18980074964134017,0.21767089799119355,16,0.22086056644880173,0.1756449390716663,16
GMM,reversed,20,Target-Only,target_only,0.5650171506714731,0.07606267069878153,16,0.5798735331772708,0.13699170648493297,16,0.43271650091883085,0.17687818490433177,16,48.48505587562165,6.770360224482699,16,0.18980074964134017,0.21767089799119355,16,0.22086056644880173,0.1756449390716663,16
Lunacek,label_permutation,6,Geometry-Prior+Residual,geometry,0.5175528581964638,0.02459139393488901,16,0.6235247576660741,0.14583749693949472,16,0.2870372076967734,0.24783475503609254,16,9.05281542739541,3.329662313617023,16,0.04983588888685339,0.06931704967778017,16,0.19873366013071891,0.0706175566359892,16
Lunacek,label_permutation,6,Oracle-Rank+Residual,rank,0.49825571513771083,0.033124642781451635,16,0.47125981996824073,0.14217457581325185,16,0.4723225778215803,0.2426814747619809,16,37.50607998647479,13.595013308860594,16,-0.006846842266681983,0.09561924544310783,16,0.09483932461873637,0.06954803102015675,16
Lunacek,label_permutation,6,Oracle-Rank+Value+Residual,dual,0.4995580025497863,0.03375558176814873,16,0.47128696971317585,0.13472909177648745,16,0.4687906951393188,0.24725428187854454,16,38.30885889782543,15.422305677941631,16,-0.002134779075613547,0.09767619785382983,16,0.09626906318082787,0.062249763275181585,16
Lunacek,label_permutation,6,Oracle-Value+Residual,value,0.4986938536444371,0.03304290746085302,16,0.46539350034090643,0.15045589875687182,16,0.4773119484659508,0.2852352438220884,16,38.135248640616574,14.68974387520603,16,-0.006523260239953585,0.09534080037209101,16,0.09409041394335511,0.06757076892888554,16
Lunacek,label_permutation,6,Target-Only,target_only,0.49110422777367285,0.02197044811494897,16,0.46514757002713053,0.1992888384255147,16,0.49991378976406864,0.3098192604227656,16,33.919964383655454,7.194694030627488,16,-0.029285679619888476,0.060184782109301185,16,0.09477124183006534,0.09320952998428539,16
Lunacek,label_permutation,12,Geometry-Prior+Residual,geometry,0.6333331382658604,0.0509232487099883,16,0.7428754540248842,0.08622896266021292,16,0.12977124071846638,0.09143588520038315,16,4.150898934840981,1.6866649481355263,16,0.3627456397508584,0.13806296734240495,16,0.24652777777777776,0.0807235052232652,16
Lunacek,label_permutation,12,Oracle-Rank+Residual,rank,0.5563094150079146,0.049333613833090484,16,0.5105600276153355,0.12539778306951663,16,0.42687435214384783,0.18627614114828964,16,13.148338044522756,7.600064214365224,16,0.1485944757412355,0.1293639597280955,16,0.1187363834422658,0.07593876647181762,16
Lunacek,label_permutation,12,Oracle-Rank+Value+Residual,dual,0.5538756344781589,0.04947061062848225,16,0.5147282792209082,0.12714992484375787,16,0.42593157407747195,0.1887999201353493,16,13.613356182063917,8.015352164505591,16,0.14289994674125447,0.13040038534785509,16,0.12254901960784313,0.08025594970106258,16
Lunacek,label_permutation,12,Oracle-Value+Residual,value,0.555003735118048,0.049385237592615844,16,0.5157811488480084,0.1432121360591669,16,0.4386608108245768,0.2144475520537916,16,12.336524176009027,7.000404365781601,16,0.14493835262335653,0.1298234613342914,16,0.12111928104575163,0.08704807387238538,16
Lunacek,label_permutation,12,Target-Only,target_only,0.5718056174682752,0.047513490913315186,16,0.5670228172460606,0.14584795145014728,16,0.3632941247801881,0.2160891249710501,16,7.27251883501709,3.0188306347414264,16,0.18779443492262712,0.12103613279578093,16,0.14045479302832242,0.09204500281104479,16
Lunacek,label_permutation,20,Geometry-Prior+Residual,geometry,0.7684897248632662,0.04320106707549772,16,0.8537640215990671,0.05755870456025289,16,0.043292284141468816,0.03982302968021887,16,1.4490932444751423,0.5314097775299046,16,0.6909227249850641,0.08991400993134606,16,0.38534858387799564,0.08894876377785942,16
Lunacek,label_permutation,20,Oracle-Rank+Residual,rank,0.6498039063024774,0.12122631306057212,16,0.6158280876965275,0.16659878533359446,16,0.2974385144310501,0.22076938994268247,16,8.57820439029405,9.846931428872027,16,0.39010600104548276,0.3013074313819795,16,0.19185729847494554,0.12393551188759117,16
Lunacek,label_permutation,20,Oracle-Rank+Value+Residual,dual,0.6390079054909967,0.1145293425647644,16,0.6084835632126143,0.16712464030360968,16,0.3036591098277006,0.21379235548632117,16,9.1136451426758,9.690485429767916,16,0.366777046848714,0.28989636190079254,16,0.19076797385620914,0.12397827088414505,16
Lunacek,label_permutation,20,Oracle-Value+Residual,value,0.6430562340511138,0.11335443967542111,16,0.6235057856301892,0.15623620536683364,16,0.2967591006337058,0.20069299627741957,16,7.989959331890586,9.030671165619118,16,0.3764695678292562,0.28809001932838335,16,0.198937908496732,0.12317101895065093,16
Lunacek,label_permutation,20,Target-Only,target_only,0.712815067893658,0.08896527228872064,16,0.7192659957710918,0.11743277911738452,16,0.1848303507663481,0.14220416512152323,16,1.91710424809958,0.6941815348835736,16,0.5532072062950124,0.21747109039958365,16,0.26872276688453156,0.11871454080771157,16
Lunacek,matching,6,Geometry-Prior+Residual,geometry,0.5175528581964638,0.02459139393488901,16,0.6235247576660741,0.14583749693949472,16,0.2870372076967734,0.24783475503609254,16,9.05281542739541,3.329662313617023,16,0.04983588888685339,0.06931704967778017,16,0.19873366013071891,0.0706175566359892,16
Lunacek,matching,6,Oracle-Rank+Residual,rank,0.6814535698704548,0.027696185231314535,16,0.7718916267874859,0.063741602116489,16,0.13732993874127586,0.10889215845530897,16,7.021170813418673,1.8957876755881733,16,0.4789666031784172,0.06316052923893806,16,0.32918028322440085,0.052685815168338083,16
Lunacek,matching,6,Oracle-Rank+Value+Residual,dual,0.7579827546783965,0.019080415326682195,16,0.8391761179881311,0.04544395552335268,16,0.05999843344531677,0.06289511807688813,16,3.5172776712851435,0.9637190604996382,16,0.6283453773789929,0.034565673498329084,16,0.4158496732026144,0.05644131345331343,16
Lunacek,matching,6,Oracle-Value+Residual,value,0.7330447182852518,0.01898069394268329,16,0.8401177502960876,0.03648470616345516,16,0.04011578969103255,0.033078993546761866,16,4.580765942832983,0.9573967850225311,16,0.5892990403414051,0.0423733150683113,16,0.36186002178649235,0.04888502262067364,16
Lunacek,matching,6,Target-Only,target_only,0.49110422777367285,0.02197044811494897,16,0.46514757002713053,0.1992888384255147,16,0.49991378976406864,0.3098192604227656,16,33.919964383655454,7.194694030627488,16,-0.029285679619888476,0.060184782109301185,16,0.09477124183006534,0.09320952998428539,16
Lunacek,matching,12,Geometry-Prior+Residual,geometry,0.6333331382658604,0.0509232487099883,16,0.7428754540248842,0.08622896266021292,16,0.12977124071846638,0.09143588520038315,16,4.150898934840981,1.6866649481355263,16,0.3627456397508584,0.13806296734240495,16,0.24652777777777776,0.0807235052232652,16
Lunacek,matching,12,Oracle-Rank+Residual,rank,0.72949521117835,0.035116867177963036,16,0.7907359098082797,0.06129114120192504,16,0.12572006413405734,0.09307819153085835,16,3.0917844982607856,1.867082695249396,16,0.5887368753120982,0.07516854311828804,16,0.3622685185185185,0.06417218478955404,16
Lunacek,matching,12,Oracle-Rank+Value+Residual,dual,0.8089177978883861,0.03275237976667583,16,0.8678632871397842,0.045704506371884314,16,0.06119833688287855,0.06660094448252273,16,1.4111017581729492,0.8435980865825309,16,0.7327976456070009,0.07305245446629191,16,0.4717456427015251,0.0585099751862736,16
Lunacek,matching,12,Oracle-Value+Residual,value,0.8844783793997892,0.03297250588784848,16,0.9307424718036453,0.018996212309459026,16,0.006326651215345895,0.006435206997858243,16,0.5579004480619401,0.252641918994316,16,0.8952682180317706,0.0665790294907415,16,0.599468954248366,0.07164932103165952,16
Lunacek,matching,12,Target-Only,target_only,0.5718056174682752,0.047513490913315186,16,0.5670228172460606,0.14584795145014728,16,0.3632941247801881,0.2160891249710501,16,7.27251883501709,3.0188306347414264,16,0.18779443492262712,0.12103613279578093,16,0.14045479302832242,0.09204500281104479,16
Lunacek,matching,20,Geometry-Prior+Residual,geometry,0.7684897248632662,0.04320106707549772,16,0.8537640215990671,0.05755870456025289,16,0.043292284141468816,0.03982302968021887,16,1.4490932444751423,0.5314097775299046,16,0.6909227249850641,0.08991400993134606,16,0.38534858387799564,0.08894876377785942,16
Lunacek,matching,20,Oracle-Rank+Residual,rank,0.7682103203923876,0.02803701230293151,16,0.8230287806385914,0.07762371257292378,16,0.103520943196554,0.11332612206723189,16,1.9850679495488124,0.6898168896720677,16,0.6789774598962972,0.053999311190642114,16,0.4155773420479303,0.07407941370818258,16
Lunacek,matching,20,Oracle-Rank+Value+Residual,dual,0.8444037092673673,0.018103216329994506,16,0.8953538684953956,0.04677201034636265,16,0.03906064968736089,0.04728648674563536,16,0.9064725234898543,0.30658012348439745,16,0.8059738678895303,0.039415343592045037,16,0.5246459694989107,0.07089472694814304,16
Lunacek,matching,20,Oracle-Value+Residual,value,0.9437680861472241,0.010256205462989568,16,0.952369476153683,0.017948739259586514,16,0.0024712292029405876,0.00177018229068239,16,0.22800427219651576,0.07478912606657788,16,0.9770918548627944,0.008440662218902715,16,0.6955337690631808,0.08427459079497934,16
Lunacek,matching,20,Target-Only,target_only,0.712815067893658,0.08896527228872064,16,0.7192659957710918,0.11743277911738452,16,0.1848303507663481,0.14220416512152323,16,1.91710424809958,0.6941815348835736,16,0.5532072062950124,0.21747109039958365,16,0.26872276688453156,0.11871454080771157,16
Lunacek,reversed,6,Geometry-Prior+Residual,geometry,0.5175528581964638,0.02459139393488901,16,0.6235247576660741,0.14583749693949472,16,0.2870372076967734,0.24783475503609254,16,9.05281542739541,3.329662313617023,16,0.04983588888685339,0.06931704967778017,16,0.19873366013071891,0.0706175566359892,16
Lunacek,reversed,6,Oracle-Rank+Residual,rank,0.49110422777367285,0.02197044811494897,16,0.46514757002713053,0.1992888384255147,16,0.49991378976406864,0.3098192604227656,16,33.919964383655454,7.194694030627488,16,-0.029285679619888476,0.060184782109301185,16,0.09477124183006534,0.09320952998428539,16
Lunacek,reversed,6,Oracle-Rank+Value+Residual,dual,0.49110422777367285,0.02197044811494897,16,0.46514757002713053,0.1992888384255147,16,0.49991378976406864,0.3098192604227656,16,33.919964383655454,7.194694030627488,16,-0.029285679619888476,0.060184782109301185,16,0.09477124183006534,0.09320952998428539,16
Lunacek,reversed,6,Oracle-Value+Residual,value,0.49110422777367285,0.02197044811494897,16,0.46514757002713053,0.1992888384255147,16,0.49991378976406864,0.3098192604227656,16,33.919964383655454,7.194694030627488,16,-0.029285679619888476,0.060184782109301185,16,0.09477124183006534,0.09320952998428539,16
Lunacek,reversed,6,Target-Only,target_only,0.49110422777367285,0.02197044811494897,16,0.46514757002713053,0.1992888384255147,16,0.49991378976406864,0.3098192604227656,16,33.919964383655454,7.194694030627488,16,-0.029285679619888476,0.060184782109301185,16,0.09477124183006534,0.09320952998428539,16
Lunacek,reversed,12,Geometry-Prior+Residual,geometry,0.6333331382658604,0.0509232487099883,16,0.7428754540248842,0.08622896266021292,16,0.12977124071846638,0.09143588520038315,16,4.150898934840981,1.6866649481355263,16,0.3627456397508584,0.13806296734240495,16,0.24652777777777776,0.0807235052232652,16
Lunacek,reversed,12,Oracle-Rank+Residual,rank,0.5718056174682752,0.047513490913315186,16,0.5670228172460606,0.14584795145014728,16,0.3632941247801881,0.2160891249710501,16,7.27251883501709,3.0188306347414264,16,0.18779443492262712,0.12103613279578093,16,0.14045479302832242,0.09204500281104479,16
Lunacek,reversed,12,Oracle-Rank+Value+Residual,dual,0.5718056174682752,0.047513490913315186,16,0.5670228172460606,0.14584795145014728,16,0.3632941247801881,0.2160891249710501,16,7.27251883501709,3.0188306347414264,16,0.18779443492262712,0.12103613279578093,16,0.14045479302832242,0.09204500281104479,16
Lunacek,reversed,12,Oracle-Value+Residual,value,0.5718056174682752,0.047513490913315186,16,0.5670228172460606,0.14584795145014728,16,0.3632941247801881,0.2160891249710501,16,7.27251883501709,3.0188306347414264,16,0.18779443492262712,0.12103613279578093,16,0.14045479302832242,0.09204500281104479,16
Lunacek,reversed,12,Target-Only,target_only,0.5718056174682752,0.047513490913315186,16,0.5670228172460606,0.14584795145014728,16,0.3632941247801881,0.2160891249710501,16,7.27251883501709,3.0188306347414264,16,0.18779443492262712,0.12103613279578093,16,0.14045479302832242,0.09204500281104479,16
Lunacek,reversed,20,Geometry-Prior+Residual,geometry,0.7684897248632662,0.04320106707549772,16,0.8537640215990671,0.05755870456025289,16,0.043292284141468816,0.03982302968021887,16,1.4490932444751423,0.5314097775299046,16,0.6909227249850641,0.08991400993134606,16,0.38534858387799564,0.08894876377785942,16
Lunacek,reversed,20,Oracle-Rank+Residual,rank,0.712815067893658,0.08896527228872064,16,0.7192659957710918,0.11743277911738452,16,0.1848303507663481,0.14220416512152323,16,1.91710424809958,0.6941815348835736,16,0.5532072062950124,0.21747109039958365,16,0.26872276688453156,0.11871454080771157,16
Lunacek,reversed,20,Oracle-Rank+Value+Residual,dual,0.712815067893658,0.08896527228872064,16,0.7192659957710918,0.11743277911738452,16,0.1848303507663481,0.14220416512152323,16,1.91710424809958,0.6941815348835736,16,0.5532072062950124,0.21747109039958365,16,0.26872276688453156,0.11871454080771157,16
Lunacek,reversed,20,Oracle-Value+Residual,value,0.712815067893658,0.08896527228872064,16,0.7192659957710918,0.11743277911738452,16,0.1848303507663481,0.14220416512152323,16,1.91710424809958,0.6941815348835736,16,0.5532072062950124,0.21747109039958365,16,0.26872276688453156,0.11871454080771157,16
Lunacek,reversed,20,Target-Only,target_only,0.712815067893658,0.08896527228872064,16,0.7192659957710918,0.11743277911738452,16,0.1848303507663481,0.14220416512152323,16,1.91710424809958,0.6941815348835736,16,0.5532072062950124,0.21747109039958365,16,0.26872276688453156,0.11871454080771157,16
Rastrigin,label_permutation,6,Geometry-Prior+Residual,geometry,0.5135585718075597,0.03102537152908097,16,0.4496075580476924,0.18968309517824028,16,0.5165551960289738,0.2791632243334804,16,8.814503796834472,3.9883315424726855,16,0.04138671801868188,0.08608713421648162,16,0.10280501089324617,0.09230539851181374,16
Rastrigin,label_permutation,6,Oracle-Rank+Residual,rank,0.507174861536019,0.025726204832508284,16,0.4431272282634933,0.17604730595577023,16,0.5482721958629412,0.2564430948573923,16,43.699558865940126,26.738284618663858,16,0.018917023220027245,0.07038554604991532,16,0.08789488017429194,0.07560647275337734,16
Rastrigin,label_permutation,6,Oracle-Rank+Value+Residual,dual,0.5074873087405833,0.02711768001494132,16,0.444986025115243,0.17227237668188033,16,0.5511086143297018,0.256579830749224,16,44.07868119349767,28.03702002312355,16,0.019791230131697396,0.07386837099690545,16,0.0949074074074074,0.07101402352330287,16
Rastrigin,label_permutation,6,Oracle-Value+Residual,value,0.5073739406139978,0.027531324558088956,16,0.43542965761310465,0.16925038385778565,16,0.5521721168227924,0.24954685451028638,16,42.35593319201969,24.791361280184994,16,0.019489071306364444,0.07432845658705005,16,0.09129901960784313,0.06883315616349256,16
Rastrigin,label_permutation,6,Target-Only,target_only,0.5088530185249642,0.024622919940076957,16,0.4174107006620524,0.20509697599953744,16,0.5883058749832806,0.30861827987736273,16,33.735367390978595,11.92871396170853,16,0.023716667367252767,0.06677520676152399,16,0.09061819172113289,0.09364578414319583,16
Rastrigin,label_permutation,12,Geometry-Prior+Residual,geometry,0.5967460370770683,0.05571743000335256,16,0.6293248492014145,0.16827542460122993,16,0.26651111132517885,0.22810713190179555,16,4.460954432248169,2.286949076018859,16,0.26811990504075967,0.15369394371596395,16,0.18321078431372548,0.11080969179671737,16
Rastrigin,label_permutation,12,Oracle-Rank+Residual,rank,0.5423188450784306,0.05776467438558478,16,0.44798104394589133,0.1834392638733674,16,0.5456181473940636,0.24777001568453244,16,11.701343885661512,6.474524753516541,16,0.11811792517494178,0.1613832951178219,16,0.10491557734204791,0.10476163382122035,16
Rastrigin,label_permutation,12,Oracle-Rank+Value+Residual,dual,0.5436411226658905,0.05732022530692201,16,0.4418871211663192,0.18052473957189263,16,0.5570709487166298,0.25179124464508873,16,12.465986552281993,6.825228123770543,16,0.12254440928969608,0.1612652609177762,16,0.0951797385620915,0.09634448644187457,16
Rastrigin,label_permutation,12,Oracle-Value+Residual,value,0.5444203663333218,0.05794137999679915,16,0.4484829628002063,0.1777162519827167,16,0.5514296067195714,0.2440552889702793,16,12.16059023576327,6.795198838210712,16,0.12487267172868534,0.16334221065344146,16,0.09749455337690631,0.09432905464103893,16
Rastrigin,label_permutation,12,Target-Only,target_only,0.5480540832201942,0.04699528178944948,16,0.4895789583759983,0.22081640176707154,16,0.48848390275080766,0.316868328594377,16,7.4148896765462595,3.2465958840722156,16,0.13317093699936788,0.13188267559253064,16,0.11444716775599127,0.10646179195271326,16
Rastrigin,label_permutation,20,Geometry-Prior+Residual,geometry,0.7445610099813481,0.04521279957207005,16,0.8037839621129158,0.07625935644938196,16,0.08679868869528147,0.07816486171600291,16,1.904077051023102,0.6791859974263666,16,0.6378014887123508,0.10571323569177934,16,0.3205337690631808,0.08566506795431031,16
Rastrigin,label_permutation,20,Oracle-Rank+Residual,rank,0.635587677231521,0.10869389376424554,16,0.591099262162114,0.2011667623352847,16,0.36056930045009666,0.28446190088525425,16,10.230708640804348,14.037264636629946,16,0.36309217662353377,0.28639545848304465,16,0.1685049019607843,0.12404961605477177,16
Rastrigin,label_permutation,20,Oracle-Rank+Value+Residual,dual,0.6348430198751703,0.10954712323500503,16,0.5920240954814162,0.20526319699717596,16,0.35865436521282285,0.2853944021427317,16,10.170362143607779,13.784061792595738,16,0.36160435598172025,0.28842974966865526,16,0.1650326797385621,0.1234059445042106,16
Rastrigin,label_permutation,20,Oracle-Value+Residual,value,0.6358164065653944,0.10791466701367641,16,0.594372191536823,0.20247388287702045,16,0.353051332533697,0.27654627321327496,16,10.260024051964765,14.045504644069915,16,0.3644792702605125,0.28337611764073817,16,0.16625816993464052,0.1219426619348702,16
Rastrigin,label_permutation,20,Target-Only,target_only,0.6911924237150482,0.07658950541074414,16,0.6802058167186532,0.15505493258722056,16,0.22583807075608353,0.19688330936696571,16,2.1432429328172637,1.1276225209429438,16,0.5102225516515395,0.19380538339673106,16,0.22691993464052287,0.10272796581090629,16
Rastrigin,matching,6,Geometry-Prior+Residual,geometry,0.5135585718075597,0.03102537152908097,16,0.4496075580476924,0.18968309517824028,16,0.5165551960289738,0.2791632243334804,16,8.814503796834472,3.9883315424726855,16,0.04138671801868188,0.08608713421648162,16,0.10280501089324617,0.09230539851181374,16
Rastrigin,matching,6,Oracle-Rank+Residual,rank,0.5549981375296926,0.09929646305245546,16,0.49272119903425066,0.20178416000898577,16,0.5034180830269815,0.28545022294887806,16,6.820629923163087,2.4755261488028957,16,0.14716981642845084,0.26969927600846677,16,0.1116557734204793,0.13260679875335776,16
Rastrigin,matching,6,Oracle-Rank+Value+Residual,dual,0.5678786548011363,0.13133992957718277,16,0.548130720839934,0.21423735539162625,16,0.39120655124231274,0.28908285569484854,16,4.2997369689374745,1.767775410199171,16,0.1692633991472447,0.34384525856808856,16,0.13813997821350762,0.15190889588181414,16
Rastrigin,matching,6,Oracle-Value+Residual,value,0.5559424846100245,0.12019273684429818,16,0.5480197888150914,0.22802054455796086,16,0.3987185057314255,0.2898925220860576,16,5.291328249852575,2.0397927614010496,16,0.14502785723276346,0.32326814634067114,16,0.13936546840958605,0.16618132624158652,16
Rastrigin,matching,6,Target-Only,target_only,0.5088530185249642,0.024622919940076957,16,0.4174107006620524,0.20509697599953744,16,0.5883058749832806,0.30861827987736273,16,33.735367390978595,11.92871396170853,16,0.023716667367252767,0.06677520676152399,16,0.09061819172113289,0.09364578414319583,16
Rastrigin,matching,12,Geometry-Prior+Residual,geometry,0.5967460370770683,0.05571743000335256,16,0.6293248492014145,0.16827542460122993,16,0.26651111132517885,0.22810713190179555,16,4.460954432248169,2.286949076018859,16,0.26811990504075967,0.15369394371596395,16,0.18321078431372548,0.11080969179671737,16
Rastrigin,matching,12,Oracle-Rank+Residual,rank,0.6085706541172128,0.10959314925667227,16,0.6004846780313048,0.16222197753549789,16,0.3787209032539451,0.24207507315227697,16,3.6080668709543238,1.2761390874274727,16,0.2860515527118387,0.28487257039108155,16,0.18770424836601307,0.1250265776445149,16
Rastrigin,matching,12,Oracle-Rank+Value+Residual,dual,0.625639363326908,0.13703577768590175,16,0.6320397444522182,0.1834484939288406,16,0.32155281935840935,0.23236416396823606,16,2.601011836212019,1.116985113702546,16,0.3195400788864695,0.343049450370138,16,0.21473311546840956,0.16351139903825376,16
Rastrigin,matching,12,Oracle-Value+Residual,value,0.6403471793921901,0.155186424959182,16,0.6461562391511879,0.18210593437458356,16,0.2818735901758972,0.22603425641617653,16,2.185200779658107,1.1914577424640709,16,0.3528116582759646,0.38886955934068806,16,0.22378812636165576,0.1485496762675379,16
Rastrigin,matching,12,Target-Only,target_only,0.5480540832201942,0.04699528178944948,16,0.4895789583759983,0.22081640176707154,16,0.48848390275080766,0.316868328594377,16,7.4148896765462595,3.2465958840722156,16,0.13317093699936788,0.13188267559253064,16,0.11444716775599127,0.10646179195271326,16
Rastrigin,matching,20,Geometry-Prior+Residual,geometry,0.7445610099813481,0.04521279957207005,16,0.8037839621129158,0.07625935644938196,16,0.08679868869528147,0.07816486171600291,16,1.904077051023102,0.6791859974263666,16,0.6378014887123508,0.10571323569177934,16,0.3205337690631808,0.08566506795431031,16
Rastrigin,matching,20,Oracle-Rank+Residual,rank,0.7333527213439097,0.05924168822703718,16,0.7381682031590541,0.10918566881369818,16,0.1816775569005913,0.14874284317697423,16,1.6251904388373437,0.5501788785722285,16,0.6192798780094967,0.14115131650623136,16,0.27199074074074076,0.09706016327126296,16
Rastrigin,matching,20,Oracle-Rank+Value+Residual,dual,0.7730079031162622,0.07926862188990186,16,0.7750145359511151,0.10772889793748061,16,0.14431706678047254,0.140821592553715,16,1.1541184841423124,0.5999787001304715,16,0.6962818122898804,0.17351894798000167,16,0.32849945533769065,0.12563458012433856,16
Rastrigin,matching,20,Oracle-Value+Residual,value,0.7949400430437582,0.08929953716254511,16,0.808340536609607,0.11462594973075525,16,0.10671156922767407,0.12434836422244304,16,0.970249014500207,0.6042494847120303,16,0.7285269821391726,0.17802549755919175,16,0.4014161220043573,0.17087148423245377,16
Rastrigin,matching,20,Target-Only,target_only,0.6911924237150482,0.07658950541074414,16,0.6802058167186532,0.15505493258722056,16,0.22583807075608353,0.19688330936696571,16,2.1432429328172637,1.1276225209429438,16,0.5102225516515395,0.19380538339673106,16,0.22691993464052287,0.10272796581090629,16
Rastrigin,reversed,6,Geometry-Prior+Residual,geometry,0.5135585718075597,0.03102537152908097,16,0.4496075580476924,0.18968309517824028,16,0.5165551960289738,0.2791632243334804,16,8.814503796834472,3.9883315424726855,16,0.04138671801868188,0.08608713421648162,16,0.10280501089324617,0.09230539851181374,16
Rastrigin,reversed,6,Oracle-Rank+Residual,rank,0.5088530185249642,0.024622919940076957,16,0.4174107006620524,0.20509697599953744,16,0.5883058749832806,0.30861827987736273,16,33.735367390978595,11.92871396170853,16,0.023716667367252767,0.06677520676152399,16,0.09061819172113289,0.09364578414319583,16
Rastrigin,reversed,6,Oracle-Rank+Value+Residual,dual,0.5088530185249642,0.024622919940076957,16,0.4174107006620524,0.20509697599953744,16,0.5883058749832806,0.30861827987736273,16,33.735367390978595,11.92871396170853,16,0.023716667367252767,0.06677520676152399,16,0.09061819172113289,0.09364578414319583,16
Rastrigin,reversed,6,Oracle-Value+Residual,value,0.5088530185249642,0.024622919940076957,16,0.4174107006620524,0.20509697599953744,16,0.5883058749832806,0.30861827987736273,16,33.735367390978595,11.92871396170853,16,0.023716667367252767,0.06677520676152399,16,0.09061819172113289,0.09364578414319583,16
Rastrigin,reversed,6,Target-Only,target_only,0.5088530185249642,0.024622919940076957,16,0.4174107006620524,0.20509697599953744,16,0.5883058749832806,0.30861827987736273,16,33.735367390978595,11.92871396170853,16,0.023716667367252767,0.06677520676152399,16,0.09061819172113289,0.09364578414319583,16
Rastrigin,reversed,12,Geometry-Prior+Residual,geometry,0.5967460370770683,0.05571743000335256,16,0.6293248492014145,0.16827542460122993,16,0.26651111132517885,0.22810713190179555,16,4.460954432248169,2.286949076018859,16,0.26811990504075967,0.15369394371596395,16,0.18321078431372548,0.11080969179671737,16
Rastrigin,reversed,12,Oracle-Rank+Residual,rank,0.5480540832201942,0.04699528178944948,16,0.4895789583759983,0.22081640176707154,16,0.48848390275080766,0.316868328594377,16,7.4148896765462595,3.2465958840722156,16,0.13317093699936788,0.13188267559253064,16,0.11444716775599127,0.10646179195271326,16
Rastrigin,reversed,12,Oracle-Rank+Value+Residual,dual,0.5480540832201942,0.04699528178944948,16,0.4895789583759983,0.22081640176707154,16,0.48848390275080766,0.316868328594377,16,7.4148896765462595,3.2465958840722156,16,0.13317093699936788,0.13188267559253064,16,0.11444716775599127,0.10646179195271326,16
Rastrigin,reversed,12,Oracle-Value+Residual,value,0.5480540832201942,0.04699528178944948,16,0.4895789583759983,0.22081640176707154,16,0.48848390275080766,0.316868328594377,16,7.4148896765462595,3.2465958840722156,16,0.13317093699936788,0.13188267559253064,16,0.11444716775599127,0.10646179195271326,16
Rastrigin,reversed,12,Target-Only,target_only,0.5480540832201942,0.04699528178944948,16,0.4895789583759983,0.22081640176707154,16,0.48848390275080766,0.316868328594377,16,7.4148896765462595,3.2465958840722156,16,0.13317093699936788,0.13188267559253064,16,0.11444716775599127,0.10646179195271326,16
Rastrigin,reversed,20,Geometry-Prior+Residual,geometry,0.7445610099813481,0.04521279957207005,16,0.8037839621129158,0.07625935644938196,16,0.08679868869528147,0.07816486171600291,16,1.904077051023102,0.6791859974263666,16,0.6378014887123508,0.10571323569177934,16,0.3205337690631808,0.08566506795431031,16
Rastrigin,reversed,20,Oracle-Rank+Residual,rank,0.6911924237150482,0.07658950541074414,16,0.6802058167186532,0.15505493258722056,16,0.22583807075608353,0.19688330936696571,16,2.1432429328172637,1.1276225209429438,16,0.5102225516515395,0.19380538339673106,16,0.22691993464052287,0.10272796581090629,16
Rastrigin,reversed,20,Oracle-Rank+Value+Residual,dual,0.6911924237150482,0.07658950541074414,16,0.6802058167186532,0.15505493258722056,16,0.22583807075608353,0.19688330936696571,16,2.1432429328172637,1.1276225209429438,16,0.5102225516515395,0.19380538339673106,16,0.22691993464052287,0.10272796581090629,16
Rastrigin,reversed,20,Oracle-Value+Residual,value,0.6911924237150482,0.07658950541074414,16,0.6802058167186532,0.15505493258722056,16,0.22583807075608353,0.19688330936696571,16,2.1432429328172637,1.1276225209429438,16,0.5102225516515395,0.19380538339673106,16,0.22691993464052287,0.10272796581090629,16
Rastrigin,reversed,20,Target-Only,target_only,0.6911924237150482,0.07658950541074414,16,0.6802058167186532,0.15505493258722056,16,0.22583807075608353,0.19688330936696571,16,2.1432429328172637,1.1276225209429438,16,0.5102225516515395,0.19380538339673106,16,0.22691993464052287,0.10272796581090629,16
