problem,dim,seed,method,mode,selected_index,selected_x,selected_y,truth_min,truth_q90,raw_regret,normalized_regret,top10_hit,true_rank,acquisition_rank,source_score,normalized_source_score,normalized_target_score,combined_score,target_top1_retained,best_region_id,fallback,fallback_reason,raw_pool_size,proposal_size,candidate_count,pool_duplicate_count,target_source_overlap_count,raw_pool_hash,proposal_hash,truth_hash,source_library_hash
GMM,2,42,Target-Only,target_only,0,"[-1.0334724467451806, 1.7147297150181595]",-0.1267874250073009,-0.9560363847019154,-0.005386343762630845,0.8292489596946145,0.8722967695612568,False,25,0,0.0,0.0,1.0,1.0,True,,False,,300,40,40,0,0,febd5a7ac6fa04136ddccd6db8328ba6215744b20513244ab624c67f6b0caf8a,dd202342becf150101bd1b6437762f54eae7712336c1b4d3eaa2f893d886463e,44b12aeda36f099e92d3cf0d039c1760a0147dbfdb4363737fb50aeaef37fa92,7b0e66f3e93284b196ecaadc05bc67b7f8e4ce6a0df6d312afe3fee24082a092
GMM,2,42,Geometry-Only,geometry_only,0,"[-1.0334724467451806, 1.7147297150181595]",-0.1267874250073009,-0.9560363847019154,-0.005386343762630845,0.8292489596946145,0.8722967695612568,False,25,0,0.8310212991411464,0.9743589743589743,1.0,1.9743589743589745,True,matching_GMM_2_42::region_0,False,,300,40,40,0,0,febd5a7ac6fa04136ddccd6db8328ba6215744b20513244ab624c67f6b0caf8a,dd202342becf150101bd1b6437762f54eae7712336c1b4d3eaa2f893d886463e,44b12aeda36f099e92d3cf0d039c1760a0147dbfdb4363737fb50aeaef37fa92,7b0e66f3e93284b196ecaadc05bc67b7f8e4ce6a0df6d312afe3fee24082a092
GMM,2,42,Local-Rank-No-Reliability,local_rank_no_reliability,0,"[-1.0334724467451806, 1.7147297150181595]",-0.1267874250073009,-0.9560363847019154,-0.005386343762630845,0.8292489596946145,0.8722967695612568,False,25,0,0.5018847425809441,0.8717948717948718,1.0,1.8717948717948718,True,matching_GMM_2_42::region_0,False,,300,40,40,0,0,febd5a7ac6fa04136ddccd6db8328ba6215744b20513244ab624c67f6b0caf8a,dd202342becf150101bd1b6437762f54eae7712336c1b4d3eaa2f893d886463e,44b12aeda36f099e92d3cf0d039c1760a0147dbfdb4363737fb50aeaef37fa92,7b0e66f3e93284b196ecaadc05bc67b7f8e4ce6a0df6d312afe3fee24082a092
GMM,2,42,Local-Rank+Reliability,local_rank_reliability,0,"[-1.0334724467451806, 1.7147297150181595]",-0.1267874250073009,-0.9560363847019154,-0.005386343762630845,0.8292489596946145,0.8722967695612568,False,25,0,0.26047919025129457,0.8717948717948718,1.0,1.8717948717948718,True,matching_GMM_2_42::region_0,False,,300,40,40,0,0,febd5a7ac6fa04136ddccd6db8328ba6215744b20513244ab624c67f6b0caf8a,dd202342becf150101bd1b6437762f54eae7712336c1b4d3eaa2f893d886463e,44b12aeda36f099e92d3cf0d039c1760a0147dbfdb4363737fb50aeaef37fa92,7b0e66f3e93284b196ecaadc05bc67b7f8e4ce6a0df6d312afe3fee24082a092
GMM,2,42,Reversed-Local-Rank,reversed_local_rank,0,"[-1.0334724467451806, 1.7147297150181595]",-0.1267874250073009,-0.9560363847019154,-0.005386343762630845,0.8292489596946145,0.8722967695612568,False,25,0,0.21395270693204863,0.9487179487179487,1.0,1.9487179487179487,True,matching_GMM_2_42::region_0,False,,300,40,40,0,0,febd5a7ac6fa04136ddccd6db8328ba6215744b20513244ab624c67f6b0caf8a,dd202342becf150101bd1b6437762f54eae7712336c1b4d3eaa2f893d886463e,44b12aeda36f099e92d3cf0d039c1760a0147dbfdb4363737fb50aeaef37fa92,7b0e66f3e93284b196ecaadc05bc67b7f8e4ce6a0df6d312afe3fee24082a092
GMM,2,101,Target-Only,target_only,0,"[0.03115695959081588, 1.404161635156246]",-0.26662717422706056,-0.6742631614422278,-0.0023010124001667702,0.4076359872151672,0.606635340690375,False,7,0,0.0,0.0,1.0,1.0,True,,False,,300,40,40,0,0,a71c6062bbd8bfbb107c28ab972d92001d94538f92b9a400c5ae52fc534f573f,6d1d3156127fc4fb3c33562b9655b9944c018bb254417bbac7d29177756305a1,1eb828047341abddec8b631511506e14888e529effa51c0aaf72ff115d5e2f8d,302150ed55d370cde71fc1f4454135b572f48795a92885c3196c8957dd07b50d
GMM,2,101,Geometry-Only,geometry_only,0,"[0.03115695959081588, 1.404161635156246]",-0.26662717422706056,-0.6742631614422278,-0.0023010124001667702,0.4076359872151672,0.606635340690375,False,7,0,0.003074007970286577,0.6153846153846154,1.0,1.6153846153846154,True,matching_GMM_2_101::region_0,False,,300,40,40,0,0,a71c6062bbd8bfbb107c28ab972d92001d94538f92b9a400c5ae52fc534f573f,6d1d3156127fc4fb3c33562b9655b9944c018bb254417bbac7d29177756305a1,1eb828047341abddec8b631511506e14888e529effa51c0aaf72ff115d5e2f8d,302150ed55d370cde71fc1f4454135b572f48795a92885c3196c8957dd07b50d
GMM,2,101,Local-Rank-No-Reliability,local_rank_no_reliability,0,"[0.03115695959081588, 1.404161635156246]",-0.26662717422706056,-0.6742631614422278,-0.0023010124001667702,0.4076359872151672,0.606635340690375,False,7,0,0.001967669786912229,0.6666666666666666,1.0,1.6666666666666665,True,matching_GMM_2_101::region_0,False,,300,40,40,0,0,a71c6062bbd8bfbb107c28ab972d92001d94538f92b9a400c5ae52fc534f573f,6d1d3156127fc4fb3c33562b9655b9944c018bb254417bbac7d29177756305a1,1eb828047341abddec8b631511506e14888e529effa51c0aaf72ff115d5e2f8d,302150ed55d370cde71fc1f4454135b572f48795a92885c3196c8957dd07b50d
GMM,2,101,Local-Rank+Reliability,local_rank_reliability,0,"[0.03115695959081588, 1.404161635156246]",-0.26662717422706056,-0.6742631614422278,-0.0023010124001667702,0.4076359872151672,0.606635340690375,False,7,0,0.0007622745190830511,0.6410256410256411,1.0,1.641025641025641,True,matching_GMM_2_101::region_0,False,,300,40,40,0,0,a71c6062bbd8bfbb107c28ab972d92001d94538f92b9a400c5ae52fc534f573f,6d1d3156127fc4fb3c33562b9655b9944c018bb254417bbac7d29177756305a1,1eb828047341abddec8b631511506e14888e529effa51c0aaf72ff115d5e2f8d,302150ed55d370cde71fc1f4454135b572f48795a92885c3196c8957dd07b50d
GMM,2,101,Reversed-Local-Rank,reversed_local_rank,0,"[0.03115695959081588, 1.404161635156246]",-0.26662717422706056,-0.6742631614422278,-0.0023010124001667702,0.4076359872151672,0.606635340690375,False,7,0,0.000547681937570826,0.6153846153846154,1.0,1.6153846153846154,True,matching_GMM_2_101::region_0,False,,300,40,40,0,0,a71c6062bbd8bfbb107c28ab972d92001d94538f92b9a400c5ae52fc534f573f,6d1d3156127fc4fb3c33562b9655b9944c018bb254417bbac7d29177756305a1,1eb828047341abddec8b631511506e14888e529effa51c0aaf72ff115d5e2f8d,302150ed55d370cde71fc1f4454135b572f48795a92885c3196c8957dd07b50d
Ackley,2,42,Target-Only,target_only,0,"[-1.356040824572149, 2.2701412160978895]",8.110839390550293,6.1127534068475065,11.507358826651187,1.9980859837027865,0.3703859371007529,False,14,0,0.0,0.0,1.0,1.0,True,,False,,300,40,40,0,0,faa0f2e0867f088b9243b67f390516760a91f020e2f97c4900e15e8730cc9150,95768cfff1429e8455c2fcb0d54c616dff0956151a26e971208651bd28c9e83c,c5742c9f50407c7ce11638edc82e7ea1a76352bfd87d2e260c88faa48fc062b9,7e5e3b01ad85b757b70285386b1baf2c7b952ba782c050095d1e298f4ab4da20
Ackley,2,42,Geometry-Only,geometry_only,11,"[-1.7545149848807373, 1.846576285956278]",7.043010277891023,6.1127534068475065,11.507358826651187,0.9302568710435164,0.17244205991943898,True,3,11,0.22106651397208427,0.9487179487179487,0.717948717948718,1.6666666666666665,True,matching_Ackley_2_42::region_0,False,,300,40,40,0,0,faa0f2e0867f088b9243b67f390516760a91f020e2f97c4900e15e8730cc9150,95768cfff1429e8455c2fcb0d54c616dff0956151a26e971208651bd28c9e83c,c5742c9f50407c7ce11638edc82e7ea1a76352bfd87d2e260c88faa48fc062b9,7e5e3b01ad85b757b70285386b1baf2c7b952ba782c050095d1e298f4ab4da20
Ackley,2,42,Local-Rank-No-Reliability,local_rank_no_reliability,11,"[-1.7545149848807373, 1.846576285956278]",7.043010277891023,6.1127534068475065,11.507358826651187,0.9302568710435164,0.17244205991943898,True,3,11,0.1690003054446051,0.9487179487179487,0.717948717948718,1.6666666666666665,True,matching_Ackley_2_42::region_0,False,,300,40,40,0,0,faa0f2e0867f088b9243b67f390516760a91f020e2f97c4900e15e8730cc9150,95768cfff1429e8455c2fcb0d54c616dff0956151a26e971208651bd28c9e83c,c5742c9f50407c7ce11638edc82e7ea1a76352bfd87d2e260c88faa48fc062b9,7e5e3b01ad85b757b70285386b1baf2c7b952ba782c050095d1e298f4ab4da20
Ackley,2,42,Local-Rank+Reliability,local_rank_reliability,11,"[-1.7545149848807373, 1.846576285956278]",7.043010277891023,6.1127534068475065,11.507358826651187,0.9302568710435164,0.17244205991943898,True,3,11,0.10157227678609917,0.9487179487179487,0.717948717948718,1.6666666666666665,True,matching_Ackley_2_42::region_0,False,,300,40,40,0,0,faa0f2e0867f088b9243b67f390516760a91f020e2f97c4900e15e8730cc9150,95768cfff1429e8455c2fcb0d54c616dff0956151a26e971208651bd28c9e83c,c5742c9f50407c7ce11638edc82e7ea1a76352bfd87d2e260c88faa48fc062b9,7e5e3b01ad85b757b70285386b1baf2c7b952ba782c050095d1e298f4ab4da20
Ackley,2,42,Reversed-Local-Rank,reversed_local_rank,11,"[-1.7545149848807373, 1.846576285956278]",7.043010277891023,6.1127534068475065,11.507358826651187,0.9302568710435164,0.17244205991943898,True,3,11,0.04457924640116343,0.9487179487179487,0.717948717948718,1.6666666666666665,True,matching_Ackley_2_42::region_0,False,,300,40,40,0,0,faa0f2e0867f088b9243b67f390516760a91f020e2f97c4900e15e8730cc9150,95768cfff1429e8455c2fcb0d54c616dff0956151a26e971208651bd28c9e83c,c5742c9f50407c7ce11638edc82e7ea1a76352bfd87d2e260c88faa48fc062b9,7e5e3b01ad85b757b70285386b1baf2c7b952ba782c050095d1e298f4ab4da20
Ackley,2,101,Target-Only,target_only,0,"[1.3879554443748567, 4.605007109254748]",10.609996505438751,2.909947693135632,10.327587416230005,7.70004881230312,1.0380726349285316,False,37,0,0.0,0.0,1.0,1.0,True,,False,,300,40,40,0,0,5c2a22057283178ce0d8c8f374470354531dca8a189e598a9276e483860c6be5,10fbf233f0b60c220d126df1e86cfe8566f26440d4254089466af1b8ef6d0b26,b72ed4ac16b70f7aba6c0a2291e3898e28c19265708131d709e68f23dda6546b,ed5b995b59e6a23e7d4decad1df070d2e5f997fc1d45ed5426277a14498a1a36
Ackley,2,101,Geometry-Only,geometry_only,4,"[0.6336254975327318, 2.145912496362662]",4.2950349571640345,2.909947693135632,10.327587416230005,1.3850872640284027,0.1867288404040462,True,3,4,0.4619649103069075,0.7948717948717948,0.8974358974358975,1.6923076923076923,True,matching_Ackley_2_101::region_0,False,,300,40,40,0,0,5c2a22057283178ce0d8c8f374470354531dca8a189e598a9276e483860c6be5,10fbf233f0b60c220d126df1e86cfe8566f26440d4254089466af1b8ef6d0b26,b72ed4ac16b70f7aba6c0a2291e3898e28c19265708131d709e68f23dda6546b,ed5b995b59e6a23e7d4decad1df070d2e5f997fc1d45ed5426277a14498a1a36
Ackley,2,101,Local-Rank-No-Reliability,local_rank_no_reliability,4,"[0.6336254975327318, 2.145912496362662]",4.2950349571640345,2.909947693135632,10.327587416230005,1.3850872640284027,0.1867288404040462,True,3,4,0.3843639959085709,0.7948717948717948,0.8974358974358975,1.6923076923076923,True,matching_Ackley_2_101::region_0,False,,300,40,40,0,0,5c2a22057283178ce0d8c8f374470354531dca8a189e598a9276e483860c6be5,10fbf233f0b60c220d126df1e86cfe8566f26440d4254089466af1b8ef6d0b26,b72ed4ac16b70f7aba6c0a2291e3898e28c19265708131d709e68f23dda6546b,ed5b995b59e6a23e7d4decad1df070d2e5f997fc1d45ed5426277a14498a1a36
Ackley,2,101,Local-Rank+Reliability,local_rank_reliability,4,"[0.6336254975327318, 2.145912496362662]",4.2950349571640345,2.909947693135632,10.327587416230005,1.3850872640284027,0.1867288404040462,True,3,4,0.33306359414249614,0.7948717948717948,0.8974358974358975,1.6923076923076923,True,matching_Ackley_2_101::region_0,False,,300,40,40,0,0,5c2a22057283178ce0d8c8f374470354531dca8a189e598a9276e483860c6be5,10fbf233f0b60c220d126df1e86cfe8566f26440d4254089466af1b8ef6d0b26,b72ed4ac16b70f7aba6c0a2291e3898e28c19265708131d709e68f23dda6546b,ed5b995b59e6a23e7d4decad1df070d2e5f997fc1d45ed5426277a14498a1a36
Ackley,2,101,Reversed-Local-Rank,reversed_local_rank,2,"[0.7239389486171754, 2.4518218944379413]",5.54285149745057,2.909947693135632,10.327587416230005,2.6329038043149384,0.35495169657776066,False,10,2,0.08505324508157086,0.8205128205128205,0.9487179487179487,1.7692307692307692,True,matching_Ackley_2_101::region_0,False,,300,40,40,0,0,5c2a22057283178ce0d8c8f374470354531dca8a189e598a9276e483860c6be5,10fbf233f0b60c220d126df1e86cfe8566f26440d4254089466af1b8ef6d0b26,b72ed4ac16b70f7aba6c0a2291e3898e28c19265708131d709e68f23dda6546b,ed5b995b59e6a23e7d4decad1df070d2e5f997fc1d45ed5426277a14498a1a36
