problem,dim,seed,candidate_index,x,acquisition,truth,truth_reveal,raw_pool_index,raw_pool_hash,proposal_hash,truth_hash,candidate_count,pool_duplicate_count,target_source_overlap_count,geometry_score,geometry_score_normalized,local_rank_no_reliability_score,local_rank_no_reliability_score_normalized,local_rank_reliability_score,local_rank_reliability_score_normalized,reversed_local_rank_score,reversed_local_rank_score_normalized
GMM,2,42,0,"[-1.0334724467451806, 1.7147297150181595]",0.02550057874938559,-0.1267874250073009,offline_mechanism_reveal,16,febd5a7ac6fa04136ddccd6db8328ba6215744b20513244ab624c67f6b0caf8a,dd202342becf150101bd1b6437762f54eae7712336c1b4d3eaa2f893d886463e,44b12aeda36f099e92d3cf0d039c1760a0147dbfdb4363737fb50aeaef37fa92,40,0,0,0.8310212991411464,0.9743589743589743,0.5018847425809441,0.8717948717948718,0.26047919025129457,0.8717948717948718,0.21395270693204863,0.9487179487179487
GMM,2,42,1,"[-1.8570072908380575, 1.6958609447012645]",0.02547979427509996,-0.28099097525857303,offline_mechanism_reveal,72,febd5a7ac6fa04136ddccd6db8328ba6215744b20513244ab624c67f6b0caf8a,dd202342becf150101bd1b6437762f54eae7712336c1b4d3eaa2f893d886463e,44b12aeda36f099e92d3cf0d039c1760a0147dbfdb4363737fb50aeaef37fa92,40,0,0,0.6040906886738079,0.7948717948717948,0.45561927514386075,0.7948717948717948,0.23646731965200954,0.7948717948717948,0.10840939024039106,0.7435897435897436
GMM,2,42,2,"[0.17636788460138675, 1.747710861162151]",0.025408079831056717,-0.32910789894943493,offline_mechanism_reveal,201,febd5a7ac6fa04136ddccd6db8328ba6215744b20513244ab624c67f6b0caf8a,dd202342becf150101bd1b6437762f54eae7712336c1b4d3eaa2f893d886463e,44b12aeda36f099e92d3cf0d039c1760a0147dbfdb4363737fb50aeaef37fa92,40,0,0,0.7138848574452862,0.8717948717948718,0.4082630819620903,0.717948717948718,0.21188936019873528,0.717948717948718,0.19566908341547853,0.8461538461538461
GMM,2,42,3,"[4.765312650844283, 1.715475172204429]",0.025381311849695578,-0.0012461270516045588,offline_mechanism_reveal,111,febd5a7ac6fa04136ddccd6db8328ba6215744b20513244ab624c67f6b0caf8a,dd202342becf150101bd1b6437762f54eae7712336c1b4d3eaa2f893d886463e,44b12aeda36f099e92d3cf0d039c1760a0147dbfdb4363737fb50aeaef37fa92,40,0,0,0.0010813291572098777,0.1794871794871795,0.0004341759989504231,0.1794871794871795,0.00022533821620391925,0.1794871794871795,0.00039199499061634725,0.15384615384615385
GMM,2,42,4,"[-2.935415185483632, 1.6691773065543707]",0.025351923163303237,-0.3087200952331124,offline_mechanism_reveal,138,febd5a7ac6fa04136ddccd6db8328ba6215744b20513244ab624c67f6b0caf8a,dd202342becf150101bd1b6437762f54eae7712336c1b4d3eaa2f893d886463e,44b12aeda36f099e92d3cf0d039c1760a0147dbfdb4363737fb50aeaef37fa92,40,0,0,0.23750008280659374,0.5128205128205128,0.20278828893422932,0.5641025641025641,0.10524752958696378,0.5641025641025641,0.030341792833032854,0.358974358974359
GMM,2,42,5,"[0.03827858986677768, 1.800906237315811]",0.024963558377522,-0.2595641316931131,offline_mechanism_reveal,36,febd5a7ac6fa04136ddccd6db8328ba6215744b20513244ab624c67f6b0caf8a,dd202342becf150101bd1b6437762f54eae7712336c1b4d3eaa2f893d886463e,44b12aeda36f099e92d3cf0d039c1760a0147dbfdb4363737fb50aeaef37fa92,40,0,0,0.707749330769043,0.8461538461538461,0.35124706546105233,0.6666666666666666,0.182297933025295,0.6666666666666666,0.22175772484294884,1.0
GMM,2,42,6,"[1.1862090321719894, 1.8014290942926312]",0.024926897481830124,-0.8886595880062581,offline_mechanism_reveal,254,febd5a7ac6fa04136ddccd6db8328ba6215744b20513244ab624c67f6b0caf8a,dd202342becf150101bd1b6437762f54eae7712336c1b4d3eaa2f893d886463e,44b12aeda36f099e92d3cf0d039c1760a0147dbfdb4363737fb50aeaef37fa92,40,0,0,0.33616178035434535,0.5641025641025641,0.24380644530487258,0.5897435897435898,0.12653603519500775,0.5897435897435898,0.06537946850973443,0.6666666666666666
GMM,2,42,7,"[4.380970494386553, 1.6377144416945786]",0.02488931823521845,-0.0055401210873879,offline_mechanism_reveal,131,febd5a7ac6fa04136ddccd6db8328ba6215744b20513244ab624c67f6b0caf8a,dd202342becf150101bd1b6437762f54eae7712336c1b4d3eaa2f893d886463e,44b12aeda36f099e92d3cf0d039c1760a0147dbfdb4363737fb50aeaef37fa92,40,0,0,0.0038725413166536965,0.2564102564102564,0.0011452835411260272,0.2564102564102564,0.0005944044600091211,0.2564102564102564,0.0016164379403958804,0.2564102564102564
GMM,2,42,8,"[-4.79717781477598, 1.6155516809327484]",0.024744869639358565,-0.01739219833600287,offline_mechanism_reveal,259,febd5a7ac6fa04136ddccd6db8328ba6215744b20513244ab624c67f6b0caf8a,dd202342becf150101bd1b6437762f54eae7712336c1b4d3eaa2f893d886463e,44b12aeda36f099e92d3cf0d039c1760a0147dbfdb4363737fb50aeaef37fa92,40,0,0,0.01163595108662144,0.28205128205128205,0.0056000255494145276,0.28205128205128205,0.002906424516905491,0.28205128205128205,0.003736565687152755,0.28205128205128205
GMM,2,42,9,"[-1.852809772407804, 1.545819618857987]",0.02303130631354052,-0.24401035877551255,offline_mechanism_reveal,230,febd5a7ac6fa04136ddccd6db8328ba6215744b20513244ab624c67f6b0caf8a,dd202342becf150101bd1b6437762f54eae7712336c1b4d3eaa2f893d886463e,44b12aeda36f099e92d3cf0d039c1760a0147dbfdb4363737fb50aeaef37fa92,40,0,0,0.5172095923168778,0.6410256410256411,0.34832046507860437,0.6153846153846154,0.18077902154396774,0.6153846153846154,0.11449707833207484,0.7692307692307693
GMM,2,42,10,"[-3.4516333139895803, 1.9197295681252022]",0.022686212345250985,-0.2512971038050548,offline_mechanism_reveal,271,febd5a7ac6fa04136ddccd6db8328ba6215744b20513244ab624c67f6b0caf8a,dd202342becf150101bd1b6437762f54eae7712336c1b4d3eaa2f893d886463e,44b12aeda36f099e92d3cf0d039c1760a0147dbfdb4363737fb50aeaef37fa92,40,0,0,0.20392023825646047,0.46153846153846156,0.14420045160696862,0.48717948717948717,0.07484032424515534,0.48717948717948717,0.04157819067146395,0.48717948717948717
GMM,2,42,11,"[4.820561999866287, 1.5065543549473297]",0.021732635617865478,-0.0010298958828045509,offline_mechanism_reveal,231,febd5a7ac6fa04136ddccd6db8328ba6215744b20513244ab624c67f6b0caf8a,dd202342becf150101bd1b6437762f54eae7712336c1b4d3eaa2f893d886463e,44b12aeda36f099e92d3cf0d039c1760a0147dbfdb4363737fb50aeaef37fa92,40,0,0,0.0025646687053380874,0.20512820512820512,0.0008868615890539086,0.20512820512820512,0.00046028294742289617,0.20512820512820512,0.0010038920872937943,0.20512820512820512
GMM,2,42,12,"[-1.1078287160455047, 1.4973820140710403]",0.021361548626614303,-0.11522854055125226,offline_mechanism_reveal,235,febd5a7ac6fa04136ddccd6db8328ba6215744b20513244ab624c67f6b0caf8a,dd202342becf150101bd1b6437762f54eae7712336c1b4d3eaa2f893d886463e,44b12aeda36f099e92d3cf0d039c1760a0147dbfdb4363737fb50aeaef37fa92,40,0,0,0.743518277085018,0.9230769230769231,0.4398861163087455,0.7435897435897436,0.22830177859094639,0.7435897435897436,0.19617444981920232,0.8717948717948718
GMM,2,42,13,"[-1.358604732916807, 1.9910947478771739]",0.020384422724605143,-0.2160605843145805,offline_mechanism_reveal,37,febd5a7ac6fa04136ddccd6db8328ba6215744b20513244ab624c67f6b0caf8a,dd202342becf150101bd1b6437762f54eae7712336c1b4d3eaa2f893d886463e,44b12aeda36f099e92d3cf0d039c1760a0147dbfdb4363737fb50aeaef37fa92,40,0,0,0.7331524003855067,0.8974358974358975,0.5145021365453305,0.9230769230769231,0.26702764308136817,0.9230769230769231,0.1515306834006345,0.8205128205128205
GMM,2,42,14,"[4.431592355719552, 1.9907415428340327]",0.0202213261677884,-0.004002347839817368,offline_mechanism_reveal,55,febd5a7ac6fa04136ddccd6db8328ba6215744b20513244ab624c67f6b0caf8a,dd202342becf150101bd1b6437762f54eae7712336c1b4d3eaa2f893d886463e,44b12aeda36f099e92d3cf0d039c1760a0147dbfdb4363737fb50aeaef37fa92,40,0,0,0.0005669271661017165,0.1282051282051282,0.00024031515340009968,0.15384615384615385,0.0001247240476784925,0.15384615384615385,0.0001989359250037844,0.10256410256410256
GMM,2,42,15,"[-0.8648081245597403, 1.4508799029545436]",0.01935654976625425,-0.09498935158536705,offline_mechanism_reveal,80,febd5a7ac6fa04136ddccd6db8328ba6215744b20513244ab624c67f6b0caf8a,dd202342becf150101bd1b6437762f54eae7712336c1b4d3eaa2f893d886463e,44b12aeda36f099e92d3cf0d039c1760a0147dbfdb4363737fb50aeaef37fa92,40,0,0,0.7849708776219488,0.9487179487179487,0.44989181877583717,0.7692307692307693,0.2334947582840939,0.7692307692307693,0.2146468514300532,0.9743589743589743
GMM,2,42,16,"[-0.07669138112629703, 1.4439401690157228]",0.019003136318628266,-0.22258548988018154,offline_mechanism_reveal,238,febd5a7ac6fa04136ddccd6db8328ba6215744b20513244ab624c67f6b0caf8a,dd202342becf150101bd1b6437762f54eae7712336c1b4d3eaa2f893d886463e,44b12aeda36f099e92d3cf0d039c1760a0147dbfdb4363737fb50aeaef37fa92,40,0,0,0.8872777031824058,1.0,0.5685744483160415,1.0,0.2950912815825501,1.0,0.211457521058681,0.9230769230769231
GMM,2,42,17,"[4.931973238653871, 1.3893586947604284]",0.016321854182201816,-0.0006466288323186088,offline_mechanism_reveal,152,febd5a7ac6fa04136ddccd6db8328ba6215744b20513244ab624c67f6b0caf8a,dd202342becf150101bd1b6437762f54eae7712336c1b4d3eaa2f893d886463e,44b12aeda36f099e92d3cf0d039c1760a0147dbfdb4363737fb50aeaef37fa92,40,0,0,0.0032900666338898468,0.23076923076923078,0.001095497349049526,0.23076923076923078,0.0005685653262448765,0.23076923076923078,0.001309740989837715,0.23076923076923078
GMM,2,42,18,"[-2.7962831966709367, 2.1559062415038666]",0.013741264328410462,-0.44635337611240467,offline_mechanism_reveal,92,febd5a7ac6fa04136ddccd6db8328ba6215744b20513244ab624c67f6b0caf8a,dd202342becf150101bd1b6437762f54eae7712336c1b4d3eaa2f893d886463e,44b12aeda36f099e92d3cf0d039c1760a0147dbfdb4363737fb50aeaef37fa92,40,0,0,0.4296872108897505,0.5897435897435898,0.40288718521344236,0.6923076923076923,0.20909925897995485,0.6923076923076923,0.03621011981518365,0.41025641025641024
GMM,2,42,19,"[1.1156244174893368, 2.163108242802995]",0.013245890993424731,-0.6930453333861126,offline_mechanism_reveal,287,febd5a7ac6fa04136ddccd6db8328ba6215744b20513244ab624c67f6b0caf8a,dd202342becf150101bd1b6437762f54eae7712336c1b4d3eaa2f893d886463e,44b12aeda36f099e92d3cf0d039c1760a0147dbfdb4363737fb50aeaef37fa92,40,0,0,0.13199481856227357,0.38461538461538464,0.08369821657585921,0.41025641025641024,0.043439542646868,0.41025641025641024,0.031916591129234374,0.38461538461538464
GMM,2,42,20,"[-2.1863646443905074, 2.1677755876662825]",0.013174768873948237,-0.44597497914641715,offline_mechanism_reveal,86,febd5a7ac6fa04136ddccd6db8328ba6215744b20513244ab624c67f6b0caf8a,dd202342becf150101bd1b6437762f54eae7712336c1b4d3eaa2f893d886463e,44b12aeda36f099e92d3cf0d039c1760a0147dbfdb4363737fb50aeaef37fa92,40,0,0,0.5657338049063816,0.7692307692307693,0.5352463282354676,0.9743589743589743,0.27779392026699723,0.9743589743589743,0.04518475987017537,0.5384615384615384
GMM,2,42,21,"[1.760433631766361, 2.1699421893014117]",0.012919848490862211,-0.7240750749251657,offline_mechanism_reveal,183,febd5a7ac6fa04136ddccd6db8328ba6215744b20513244ab624c67f6b0caf8a,dd202342becf150101bd1b6437762f54eae7712336c1b4d3eaa2f893d886463e,44b12aeda36f099e92d3cf0d039c1760a0147dbfdb4363737fb50aeaef37fa92,40,0,0,0.05400857617688577,0.3333333333333333,0.04165743125044619,0.3333333333333333,0.02162029055568503,0.3333333333333333,0.009213325004171968,0.3076923076923077
GMM,2,42,22,"[-1.7079662290589614, 2.1778948773568043]",0.012693187276788262,-0.3348504292926822,offline_mechanism_reveal,296,febd5a7ac6fa04136ddccd6db8328ba6215744b20513244ab624c67f6b0caf8a,dd202342becf150101bd1b6437762f54eae7712336c1b4d3eaa2f893d886463e,44b12aeda36f099e92d3cf0d039c1760a0147dbfdb4363737fb50aeaef37fa92,40,0,0,0.6169567918467078,0.8205128205128205,0.5269001928490318,0.9487179487179487,0.2734622592246498,0.9487179487179487,0.07875973741790278,0.6923076923076923
GMM,2,42,23,"[-0.8513358363064665, 2.2014158378633386]",0.011586545834972579,-0.12862473169822558,offline_mechanism_reveal,186,febd5a7ac6fa04136ddccd6db8328ba6215744b20513244ab624c67f6b0caf8a,dd202342becf150101bd1b6437762f54eae7712336c1b4d3eaa2f893d886463e,44b12aeda36f099e92d3cf0d039c1760a0147dbfdb4363737fb50aeaef37fa92,40,0,0,0.5374624825567378,0.6666666666666666,0.1975860224571052,0.5384615384615384,0.10254754282812302,0.5384615384615384,0.20429097686781253,0.8974358974358975
GMM,2,42,24,"[-1.955769033967163, 1.2942113873699252]",0.009757917507158577,-0.19835994988419517,offline_mechanism_reveal,117,febd5a7ac6fa04136ddccd6db8328ba6215744b20513244ab624c67f6b0caf8a,dd202342becf150101bd1b6437762f54eae7712336c1b4d3eaa2f893d886463e,44b12aeda36f099e92d3cf0d039c1760a0147dbfdb4363737fb50aeaef37fa92,40,0,0,0.30456366797005335,0.5384615384615384,0.16497180935818645,0.5128205128205128,0.08562070067109254,0.5128205128205128,0.08825537080563653,0.717948717948718
GMM,2,42,25,"[-3.804203983202983, 2.2493500123619175]",0.009601098798465416,-0.1877925471073751,offline_mechanism_reveal,187,febd5a7ac6fa04136ddccd6db8328ba6215744b20513244ab624c67f6b0caf8a,dd202342becf150101bd1b6437762f54eae7712336c1b4d3eaa2f893d886463e,44b12aeda36f099e92d3cf0d039c1760a0147dbfdb4363737fb50aeaef37fa92,40,0,0,0.20142077748271872,0.4358974358974359,0.10678238412926991,0.4358974358974359,0.055420272009183404,0.4358974358974359,0.059571295225051356,0.5897435897435898
GMM,2,42,26,"[-3.515614600891812, 1.2845699159674684]",0.009381805526687038,-0.12750338808318046,offline_mechanism_reveal,194,febd5a7ac6fa04136ddccd6db8328ba6215744b20513244ab624c67f6b0caf8a,dd202342becf150101bd1b6437762f54eae7712336c1b4d3eaa2f893d886463e,44b12aeda36f099e92d3cf0d039c1760a0147dbfdb4363737fb50aeaef37fa92,40,0,0,0.036945406823316616,0.3076923076923077,0.019925186328981624,0.3076923076923077,0.010341211756885075,0.3076923076923077,0.010751002689978872,0.3333333333333333
GMM,2,42,27,"[-1.369604896890928, 2.271812361207183]",0.008462903564659086,-0.24319077365670674,offline_mechanism_reveal,30,febd5a7ac6fa04136ddccd6db8328ba6215744b20513244ab624c67f6b0caf8a,dd202342becf150101bd1b6437762f54eae7712336c1b4d3eaa2f893d886463e,44b12aeda36f099e92d3cf0d039c1760a0147dbfdb4363737fb50aeaef37fa92,40,0,0,0.5430554426966248,0.7435897435897436,0.3507265381485149,0.6410256410256411,0.18202777830376238,0.6410256410256411,0.12800377470284732,0.7948717948717948
GMM,2,42,28,"[-1.9580960245074488, 2.2918307068237915]",0.007632165121116747,-0.41538673621419775,offline_mechanism_reveal,291,febd5a7ac6fa04136ddccd6db8328ba6215744b20513244ab624c67f6b0caf8a,dd202342becf150101bd1b6437762f54eae7712336c1b4d3eaa2f893d886463e,44b12aeda36f099e92d3cf0d039c1760a0147dbfdb4363737fb50aeaef37fa92,40,0,0,0.5383755726522272,0.6923076923076923,0.507342524037179,0.8974358974358975,0.26331178979791126,0.8974358974358975,0.044048015052508396,0.5128205128205128
GMM,2,42,29,"[1.6348427063715665, 1.2667245761703851]",0.007488092148001949,-0.9560363847019154,offline_mechanism_reveal,59,febd5a7ac6fa04136ddccd6db8328ba6215744b20513244ab624c67f6b0caf8a,dd202342becf150101bd1b6437762f54eae7712336c1b4d3eaa2f893d886463e,44b12aeda36f099e92d3cf0d039c1760a0147dbfdb4363737fb50aeaef37fa92,40,0,0,0.5386318554818464,0.717948717948718,0.49723961513155496,0.8461538461538461,0.25806835976776815,0.8461538461538461,0.049437757516758066,0.5641025641025641
GMM,2,42,30,"[-3.6909744229478836, 2.297948597980211]",0.007484549972082387,-0.22238770437270372,offline_mechanism_reveal,182,febd5a7ac6fa04136ddccd6db8328ba6215744b20513244ab624c67f6b0caf8a,dd202342becf150101bd1b6437762f54eae7712336c1b4d3eaa2f893d886463e,44b12aeda36f099e92d3cf0d039c1760a0147dbfdb4363737fb50aeaef37fa92,40,0,0,0.22994303754683162,0.48717948717948717,0.13779175929537366,0.46153846153846156,0.07151420005315577,0.46153846153846156,0.05976078851836463,0.6153846153846154
GMM,2,42,31,"[0.6823602852764399, 2.3269715116168523]",0.006074135249349943,-0.4312386753496544,offline_mechanism_reveal,197,febd5a7ac6fa04136ddccd6db8328ba6215744b20513244ab624c67f6b0caf8a,dd202342becf150101bd1b6437762f54eae7712336c1b4d3eaa2f893d886463e,44b12aeda36f099e92d3cf0d039c1760a0147dbfdb4363737fb50aeaef37fa92,40,0,0,0.12471480477161628,0.358974358974359,0.060854072967169145,0.358974358974359,0.031583386194341076,0.358974358974359,0.03961657161155212,0.46153846153846156
GMM,2,42,32,"[-1.9911811506277912, 2.3600597261436826]",0.0049163399822821745,-0.42893223864375774,offline_mechanism_reveal,288,febd5a7ac6fa04136ddccd6db8328ba6215744b20513244ab624c67f6b0caf8a,dd202342becf150101bd1b6437762f54eae7712336c1b4d3eaa2f893d886463e,44b12aeda36f099e92d3cf0d039c1760a0147dbfdb4363737fb50aeaef37fa92,40,0,0,0.49561155332962903,0.6153846153846154,0.4742219633765488,0.8205128205128205,0.2461221522385299,0.8205128205128205,0.03682357942342455,0.4358974358974359
GMM,2,42,33,"[-3.978407002959674, 2.372484991212323]",0.004594293588806213,-0.14718451248323558,offline_mechanism_reveal,282,febd5a7ac6fa04136ddccd6db8328ba6215744b20513244ab624c67f6b0caf8a,dd202342becf150101bd1b6437762f54eae7712336c1b4d3eaa2f893d886463e,44b12aeda36f099e92d3cf0d039c1760a0147dbfdb4363737fb50aeaef37fa92,40,0,0,0.18244250917976626,0.41025641025641024,0.07761776148248944,0.38461538461538464,0.04028377423092561,0.38461538461538464,0.06387305766556305,0.6410256410256411
GMM,2,42,34,"[-2.3879089820408126, -4.9778270894826075]",0.0034356115632213427,-0.01867494718704529,offline_mechanism_reveal,64,febd5a7ac6fa04136ddccd6db8328ba6215744b20513244ab624c67f6b0caf8a,dd202342becf150101bd1b6437762f54eae7712336c1b4d3eaa2f893d886463e,44b12aeda36f099e92d3cf0d039c1760a0147dbfdb4363737fb50aeaef37fa92,40,0,0,3.437432163056877e-06,0.0,2.3548492174438237e-06,0.0,1.533427354979756e-06,0.0,9.28793035922547e-07,0.0
GMM,2,42,35,"[4.028058244592872, -4.960402405235752]",0.003432770628197107,-0.009049424911396016,offline_mechanism_reveal,103,febd5a7ac6fa04136ddccd6db8328ba6215744b20513244ab624c67f6b0caf8a,dd202342becf150101bd1b6437762f54eae7712336c1b4d3eaa2f893d886463e,44b12aeda36f099e92d3cf0d039c1760a0147dbfdb4363737fb50aeaef37fa92,40,0,0,0.0002732800319352045,0.07692307692307693,2.7328003193520453e-05,0.05128205128205128,1.7795410144946182e-05,0.05128205128205128,0.00017795410144946178,0.07692307692307693
GMM,2,42,36,"[1.9251886739139676, -4.86424625050165]",0.0034138855991206456,-0.031133921406041817,offline_mechanism_reveal,175,febd5a7ac6fa04136ddccd6db8328ba6215744b20513244ab624c67f6b0caf8a,dd202342becf150101bd1b6437762f54eae7712336c1b4d3eaa2f893d886463e,44b12aeda36f099e92d3cf0d039c1760a0147dbfdb4363737fb50aeaef37fa92,40,0,0,0.0004405935455000013,0.10256410256410256,5.041382456722262e-05,0.07692307692307693,3.282840238257157e-05,0.07692307692307693,0.0002827671818704447,0.1282051282051282
GMM,2,42,37,"[-0.5406651290042799, -4.819271069775834]",0.0034043172810026036,-0.012407529864609548,offline_mechanism_reveal,116,febd5a7ac6fa04136ddccd6db8328ba6215744b20513244ab624c67f6b0caf8a,dd202342becf150101bd1b6437762f54eae7712336c1b4d3eaa2f893d886463e,44b12aeda36f099e92d3cf0d039c1760a0147dbfdb4363737fb50aeaef37fa92,40,0,0,0.00012293199361641495,0.05128205128205128,7.40211053687364e-05,0.10256410256410256,4.820095782670511e-05,0.10256410256410256,3.9854790481483474e-05,0.05128205128205128
GMM,2,42,38,"[-2.2651109283725566, -4.801515833435689]",0.0034004120748442786,-0.029522911127270245,offline_mechanism_reveal,298,febd5a7ac6fa04136ddccd6db8328ba6215744b20513244ab624c67f6b0caf8a,dd202342becf150101bd1b6437762f54eae7712336c1b4d3eaa2f893d886463e,44b12aeda36f099e92d3cf0d039c1760a0147dbfdb4363737fb50aeaef37fa92,40,0,0,1.794647184428212e-05,0.02564102564102564,1.2897958281617294e-05,0.02564102564102564,8.398874079032818e-06,0.02564102564102564,4.456119655723348e-06,0.02564102564102564
GMM,2,42,39,"[2.728037545801575, -4.792887226116205]",0.003398829950213282,-0.042197289089422246,offline_mechanism_reveal,165,febd5a7ac6fa04136ddccd6db8328ba6215744b20513244ab624c67f6b0caf8a,dd202342becf150101bd1b6437762f54eae7712336c1b4d3eaa2f893d886463e,44b12aeda36f099e92d3cf0d039c1760a0147dbfdb4363737fb50aeaef37fa92,40,0,0,0.0008094240419152983,0.15384615384615385,0.00013074106358241313,0.1282051282051282,8.513577932350248e-05,0.1282051282051282,0.0004946517732308636,0.1794871794871795
GMM,2,101,0,"[0.03115695959081588, 1.404161635156246]",0.004206925967370309,-0.26662717422706056,offline_mechanism_reveal,141,a71c6062bbd8bfbb107c28ab972d92001d94538f92b9a400c5ae52fc534f573f,6d1d3156127fc4fb3c33562b9655b9944c018bb254417bbac7d29177756305a1,1eb828047341abddec8b631511506e14888e529effa51c0aaf72ff115d5e2f8d,40,0,0,0.003074007970286577,0.6153846153846154,0.001967669786912229,0.6666666666666666,0.0007622745190830511,0.6410256410256411,0.000547681937570826,0.6153846153846154
GMM,2,101,1,"[-1.7871823721187408, 4.991976638627412]",0.0042069259649181266,-0.011970482126436905,offline_mechanism_reveal,0,a71c6062bbd8bfbb107c28ab972d92001d94538f92b9a400c5ae52fc534f573f,6d1d3156127fc4fb3c33562b9655b9944c018bb254417bbac7d29177756305a1,1eb828047341abddec8b631511506e14888e529effa51c0aaf72ff115d5e2f8d,40,0,0,2.289744409963789e-09,0.07692307692307693,1.2609495187701162e-09,0.07692307692307693,4.4085798764536644e-10,0.07692307692307693,4.3974611866476567e-10,0.07692307692307693
GMM,2,101,2,"[-3.3327461393635494, 3.331835479814325]",0.0042069259649181266,-0.23158638069236423,offline_mechanism_reveal,1,a71c6062bbd8bfbb107c28ab972d92001d94538f92b9a400c5ae52fc534f573f,6d1d3156127fc4fb3c33562b9655b9944c018bb254417bbac7d29177756305a1,1eb828047341abddec8b631511506e14888e529effa51c0aaf72ff115d5e2f8d,40,0,0,0.04853736241354986,0.8461538461538461,0.03395451773120367,0.8717948717948718,0.013153967117046935,0.8717948717948718,0.007529723978474654,0.8205128205128205
GMM,2,101,3,"[4.302757803491314, 3.758959302630382]",0.0042069259649181266,-0.0003038837531188698,offline_mechanism_reveal,2,a71c6062bbd8bfbb107c28ab972d92001d94538f92b9a400c5ae52fc534f573f,6d1d3156127fc4fb3c33562b9655b9944c018bb254417bbac7d29177756305a1,1eb828047341abddec8b631511506e14888e529effa51c0aaf72ff115d5e2f8d,40,0,0,6.8938557656642694e-12,0.02564102564102564,3.790090121043323e-12,0.02564102564102564,1.325105786461197e-12,0.02564102564102564,1.3261760199871217e-12,0.02564102564102564
GMM,2,101,4,"[-4.609214003200695, 4.979083547419437]",0.0042069259649181266,-0.0013892485963079816,offline_mechanism_reveal,3,a71c6062bbd8bfbb107c28ab972d92001d94538f92b9a400c5ae52fc534f573f,6d1d3156127fc4fb3c33562b9655b9944c018bb254417bbac7d29177756305a1,1eb828047341abddec8b631511506e14888e529effa51c0aaf72ff115d5e2f8d,40,0,0,6.302979419574717e-21,0.0,6.302979419574717e-22,0.0,5.823746660927418e-22,0.0,5.823746660927417e-21,0.0
GMM,2,101,5,"[4.585258071698746, -1.042634822675538]",0.0042069259649181266,-0.02363662721967396,offline_mechanism_reveal,4,a71c6062bbd8bfbb107c28ab972d92001d94538f92b9a400c5ae52fc534f573f,6d1d3156127fc4fb3c33562b9655b9944c018bb254417bbac7d29177756305a1,1eb828047341abddec8b631511506e14888e529effa51c0aaf72ff115d5e2f8d,40,0,0,0.0003853262185950888,0.5128205128205128,0.00018501882031710362,0.5128205128205128,6.468698674081372e-05,0.5128205128205128,8.350416022181035e-05,0.5128205128205128
GMM,2,101,6,"[0.22995193861490737, -3.374304031063735]",0.0042069259649181266,-0.07699670294890626,offline_mechanism_reveal,5,a71c6062bbd8bfbb107c28ab972d92001d94538f92b9a400c5ae52fc534f573f,6d1d3156127fc4fb3c33562b9655b9944c018bb254417bbac7d29177756305a1,1eb828047341abddec8b631511506e14888e529effa51c0aaf72ff115d5e2f8d,40,0,0,0.003344170534063295,0.6410256410256411,0.0016884740110993375,0.6410256410256411,0.0015600947154712386,0.6666666666666666,0.0018387997998627116,0.6923076923076923
GMM,2,101,7,"[-2.727082851025732, 1.4859622474521519]",0.0042069259649181266,-0.2785058698489352,offline_mechanism_reveal,6,a71c6062bbd8bfbb107c28ab972d92001d94538f92b9a400c5ae52fc534f573f,6d1d3156127fc4fb3c33562b9655b9944c018bb254417bbac7d29177756305a1,1eb828047341abddec8b631511506e14888e529effa51c0aaf72ff115d5e2f8d,40,0,0,3.6535723787181073e-06,0.3076923076923077,3.6535723787181075e-07,0.23076923076923078,3.375781281299485e-07,0.28205128205128205,3.3757812812994847e-06,0.3333333333333333
GMM,2,101,8,"[2.1911450132784207, 4.641633318941656]",0.0042069259649181266,-0.0015538662682710919,offline_mechanism_reveal,7,a71c6062bbd8bfbb107c28ab972d92001d94538f92b9a400c5ae52fc534f573f,6d1d3156127fc4fb3c33562b9655b9944c018bb254417bbac7d29177756305a1,1eb828047341abddec8b631511506e14888e529effa51c0aaf72ff115d5e2f8d,40,0,0,3.194759669601569e-07,0.20512820512820512,1.7534438263348617e-07,0.20512820512820512,6.130457288101062e-08,0.20512820512820512,6.1561475900811e-08,0.20512820512820512
GMM,2,101,9,"[-2.951939457406907, -1.5009840896065354]",0.0042069259649181266,-0.4944293849591291,offline_mechanism_reveal,8,a71c6062bbd8bfbb107c28ab972d92001d94538f92b9a400c5ae52fc534f573f,6d1d3156127fc4fb3c33562b9655b9944c018bb254417bbac7d29177756305a1,1eb828047341abddec8b631511506e14888e529effa51c0aaf72ff115d5e2f8d,40,0,0,0.3762098365012042,1.0,0.3121941428703349,1.0,0.2884571685980352,1.0,0.09390896281601047,1.0
GMM,2,101,10,"[-1.4810631714958777, -4.615193171345857]",0.0042069259649181266,-0.04140115024665126,offline_mechanism_reveal,9,a71c6062bbd8bfbb107c28ab972d92001d94538f92b9a400c5ae52fc534f573f,6d1d3156127fc4fb3c33562b9655b9944c018bb254417bbac7d29177756305a1,1eb828047341abddec8b631511506e14888e529effa51c0aaf72ff115d5e2f8d,40,0,0,0.010304056145504094,0.7692307692307693,0.0035097415703317842,0.717948717948718,0.0032428863225317374,0.7692307692307693,0.007229785319632812,0.7948717948717948
GMM,2,101,11,"[1.5153672048803015, 2.294072236927428]",0.0042069259649181266,-0.6742631614422278,offline_mechanism_reveal,10,a71c6062bbd8bfbb107c28ab972d92001d94538f92b9a400c5ae52fc534f573f,6d1d3156127fc4fb3c33562b9655b9944c018bb254417bbac7d29177756305a1,1eb828047341abddec8b631511506e14888e529effa51c0aaf72ff115d5e2f8d,40,0,0,0.009307323352175607,0.7435897435897436,0.006368410532373487,0.7692307692307693,0.0022265480179889576,0.6923076923076923,0.0013529201213443923,0.6410256410256411
GMM,2,101,12,"[-4.874521663993068, 2.5571464194345808]",0.0042069259649181266,-0.021771795972891136,offline_mechanism_reveal,11,a71c6062bbd8bfbb107c28ab972d92001d94538f92b9a400c5ae52fc534f573f,6d1d3156127fc4fb3c33562b9655b9944c018bb254417bbac7d29177756305a1,1eb828047341abddec8b631511506e14888e529effa51c0aaf72ff115d5e2f8d,40,0,0,7.964884397644494e-11,0.05128205128205128,7.964884397644495e-12,0.05128205128205128,7.359292459594417e-12,0.05128205128205128,7.359292459594417e-11,0.05128205128205128
GMM,2,101,13,"[0.21076129027623303, -1.2480770696007983]",0.0042069259649181266,-0.10558837859337994,offline_mechanism_reveal,12,a71c6062bbd8bfbb107c28ab972d92001d94538f92b9a400c5ae52fc534f573f,6d1d3156127fc4fb3c33562b9655b9944c018bb254417bbac7d29177756305a1,1eb828047341abddec8b631511506e14888e529effa51c0aaf72ff115d5e2f8d,40,0,0,0.0009693727584056967,0.5641025641025641,0.00035664083858806306,0.5641025641025641,0.000329524460515806,0.5897435897435898,0.00033177678108723004,0.5641025641025641
GMM,2,101,14,"[-4.6380002921064145, 3.819591069691633]",0.0042069259649181266,-0.014995937581918257,offline_mechanism_reveal,13,a71c6062bbd8bfbb107c28ab972d92001d94538f92b9a400c5ae52fc534f573f,6d1d3156127fc4fb3c33562b9655b9944c018bb254417bbac7d29177756305a1,1eb828047341abddec8b631511506e14888e529effa51c0aaf72ff115d5e2f8d,40,0,0,0.0011130373892533601,0.5897435897435898,0.0005980807882855792,0.5897435897435898,0.00023169626748125612,0.5641025641025641,0.00024261301494187567,0.5384615384615384
GMM,2,101,15,"[4.3446720855306715, 1.0211378936125879]",0.0042069259649181266,-0.005734191122858132,offline_mechanism_reveal,14,a71c6062bbd8bfbb107c28ab972d92001d94538f92b9a400c5ae52fc534f573f,6d1d3156127fc4fb3c33562b9655b9944c018bb254417bbac7d29177756305a1,1eb828047341abddec8b631511506e14888e529effa51c0aaf72ff115d5e2f8d,40,0,0,3.391388330574271e-06,0.28205128205128205,1.7776644634432897e-06,0.3076923076923077,6.215138404800523e-07,0.3076923076923077,6.827673172772871e-07,0.28205128205128205
GMM,2,101,16,"[-3.913985687891963, 0.9352595708862621]",0.0042069259649181266,-0.04705087998450483,offline_mechanism_reveal,15,a71c6062bbd8bfbb107c28ab972d92001d94538f92b9a400c5ae52fc534f573f,6d1d3156127fc4fb3c33562b9655b9944c018bb254417bbac7d29177756305a1,1eb828047341abddec8b631511506e14888e529effa51c0aaf72ff115d5e2f8d,40,0,0,3.4398259583290076e-05,0.38461538461538464,3.439825958329008e-06,0.358974358974359,3.178286585670255e-06,0.38461538461538464,3.178286585670255e-05,0.4358974358974359
GMM,2,101,17,"[1.696206567554289, -3.62997375841403]",0.0042069259649181266,-0.23029384505365413,offline_mechanism_reveal,16,a71c6062bbd8bfbb107c28ab972d92001d94538f92b9a400c5ae52fc534f573f,6d1d3156127fc4fb3c33562b9655b9944c018bb254417bbac7d29177756305a1,1eb828047341abddec8b631511506e14888e529effa51c0aaf72ff115d5e2f8d,40,0,0,0.022448842465688512,0.7948717948717948,0.008050310105006798,0.7948717948717948,0.0028145801715171452,0.717948717948718,0.00581893489294684,0.7435897435897436
GMM,2,101,18,"[1.2626403997506133, -4.689353613457038]",0.0042069259649181266,-0.025866899160855238,offline_mechanism_reveal,17,a71c6062bbd8bfbb107c28ab972d92001d94538f92b9a400c5ae52fc534f573f,6d1d3156127fc4fb3c33562b9655b9944c018bb254417bbac7d29177756305a1,1eb828047341abddec8b631511506e14888e529effa51c0aaf72ff115d5e2f8d,40,0,0,0.00012534342144396668,0.46153846153846156,4.5488784748833775e-05,0.4358974358974359,1.5903962693418625e-05,0.4358974358974359,3.230138771259638e-05,0.46153846153846156
GMM,2,101,19,"[-3.4705977594014703, 2.1771909660219846]",0.0042069259649181266,-0.27982507490065256,offline_mechanism_reveal,18,a71c6062bbd8bfbb107c28ab972d92001d94538f92b9a400c5ae52fc534f573f,6d1d3156127fc4fb3c33562b9655b9944c018bb254417bbac7d29177756305a1,1eb828047341abddec8b631511506e14888e529effa51c0aaf72ff115d5e2f8d,40,0,0,2.3814670874175207e-08,0.15384615384615385,2.3814670874175207e-09,0.10256410256410256,2.2003976334404915e-09,0.1282051282051282,2.2003976334404914e-08,0.1794871794871795
GMM,2,101,20,"[-3.341986324061615, 3.914322516969367]",0.0042069259649181266,-0.11099532679420772,offline_mechanism_reveal,19,a71c6062bbd8bfbb107c28ab972d92001d94538f92b9a400c5ae52fc534f573f,6d1d3156127fc4fb3c33562b9655b9944c018bb254417bbac7d29177756305a1,1eb828047341abddec8b631511506e14888e529effa51c0aaf72ff115d5e2f8d,40,0,0,2.021735837524599e-08,0.10256410256410256,4.712380679478164e-09,0.1282051282051282,1.8255744638039269e-09,0.10256410256410256,6.78984208557797e-09,0.15384615384615385
GMM,2,101,21,"[-1.1988762281787912, -2.018867100483549]",0.0042069259649181266,-0.612772369526281,offline_mechanism_reveal,20,a71c6062bbd8bfbb107c28ab972d92001d94538f92b9a400c5ae52fc534f573f,6d1d3156127fc4fb3c33562b9655b9944c018bb254417bbac7d29177756305a1,1eb828047341abddec8b631511506e14888e529effa51c0aaf72ff115d5e2f8d,40,0,0,0.2816472516719168,0.9743589743589743,0.26516784540322563,0.9743589743589743,0.245006409104942,0.9743589743589743,0.04124971605845256,0.9743589743589743
GMM,2,101,22,"[3.4334317385600777, -4.906278117002896]",0.0042069259649181266,-0.021460915358367832,offline_mechanism_reveal,21,a71c6062bbd8bfbb107c28ab972d92001d94538f92b9a400c5ae52fc534f573f,6d1d3156127fc4fb3c33562b9655b9944c018bb254417bbac7d29177756305a1,1eb828047341abddec8b631511506e14888e529effa51c0aaf72ff115d5e2f8d,40,0,0,0.06899687872515009,0.8717948717948718,0.030536983581866066,0.8461538461538461,0.010676456852762726,0.8461538461538461,0.01585879068995765,0.8717948717948718
GMM,2,101,23,"[0.060575319501047, -2.3378124640287092]",0.0042069259649181266,-0.16029533592416684,offline_mechanism_reveal,22,a71c6062bbd8bfbb107c28ab972d92001d94538f92b9a400c5ae52fc534f573f,6d1d3156127fc4fb3c33562b9655b9944c018bb254417bbac7d29177756305a1,1eb828047341abddec8b631511506e14888e529effa51c0aaf72ff115d5e2f8d,40,0,0,0.00792842624438088,0.6923076923076923,0.005418337884407281,0.7435897435897436,0.005006366840433466,0.8205128205128205,0.0030518001109131267,0.717948717948718
GMM,2,101,24,"[0.859716242516912, -1.0947086437746858]",0.0042069259649181266,-0.08857332267943999,offline_mechanism_reveal,23,a71c6062bbd8bfbb107c28ab972d92001d94538f92b9a400c5ae52fc534f573f,6d1d3156127fc4fb3c33562b9655b9944c018bb254417bbac7d29177756305a1,1eb828047341abddec8b631511506e14888e529effa51c0aaf72ff115d5e2f8d,40,0,0,0.03532083788826913,0.8205128205128205,0.012839336605047366,0.8205128205128205,0.004488937910792452,0.7948717948717948,0.009094968986142031,0.8461538461538461
GMM,2,101,25,"[4.700839477998704, 0.6879953708789985]",0.0042069259649181266,-0.0014275044723862113,offline_mechanism_reveal,24,a71c6062bbd8bfbb107c28ab972d92001d94538f92b9a400c5ae52fc534f573f,6d1d3156127fc4fb3c33562b9655b9944c018bb254417bbac7d29177756305a1,1eb828047341abddec8b631511506e14888e529effa51c0aaf72ff115d5e2f8d,40,0,0,6.824023534053834e-07,0.23076923076923078,3.659792102969268e-07,0.2564102564102564,1.279550495636918e-07,0.23076923076923078,1.3448747980751515e-07,0.23076923076923078
GMM,2,101,26,"[3.8248414427998068, 1.3733541025496478]",0.0042069259649181266,-0.033912707983524776,offline_mechanism_reveal,25,a71c6062bbd8bfbb107c28ab972d92001d94538f92b9a400c5ae52fc534f573f,6d1d3156127fc4fb3c33562b9655b9944c018bb254417bbac7d29177756305a1,1eb828047341abddec8b631511506e14888e529effa51c0aaf72ff115d5e2f8d,40,0,0,3.7122153311039246e-05,0.41025641025641024,1.807054659302329e-05,0.41025641025641024,6.317893530283714e-06,0.41025641025641024,7.958774423801344e-06,0.358974358974359
GMM,2,101,27,"[0.48748708361941784, 3.9267371759813727]",0.0042069259649181266,-0.014415682394920021,offline_mechanism_reveal,26,a71c6062bbd8bfbb107c28ab972d92001d94538f92b9a400c5ae52fc534f573f,6d1d3156127fc4fb3c33562b9655b9944c018bb254417bbac7d29177756305a1,1eb828047341abddec8b631511506e14888e529effa51c0aaf72ff115d5e2f8d,40,0,0,0.00012052556731266735,0.4358974358974359,6.854684992843636e-05,0.46153846153846156,2.396561152452344e-05,0.46153846153846156,2.2386858659068607e-05,0.41025641025641024
GMM,2,101,28,"[1.0256381716728011, 4.577068187472863]",0.0042069259649181266,-0.0023840286370440692,offline_mechanism_reveal,27,a71c6062bbd8bfbb107c28ab972d92001d94538f92b9a400c5ae52fc534f573f,6d1d3156127fc4fb3c33562b9655b9944c018bb254417bbac7d29177756305a1,1eb828047341abddec8b631511506e14888e529effa51c0aaf72ff115d5e2f8d,40,0,0,1.313897784258272e-05,0.3333333333333333,7.2585797851941544e-06,0.38461538461538464,2.5377723926531144e-06,0.358974358974359,2.515297194742083e-06,0.3076923076923077
GMM,2,101,29,"[1.8782276794933228, -4.56622849826842]",0.0042069259649181266,-0.05859624078532297,offline_mechanism_reveal,28,a71c6062bbd8bfbb107c28ab972d92001d94538f92b9a400c5ae52fc534f573f,6d1d3156127fc4fb3c33562b9655b9944c018bb254417bbac7d29177756305a1,1eb828047341abddec8b631511506e14888e529effa51c0aaf72ff115d5e2f8d,40,0,0,0.004710825445057222,0.6666666666666666,0.0010050666945776634,0.6153846153846154,0.00035139525716546064,0.6153846153846154,0.0014603232093044496,0.6666666666666666
GMM,2,101,30,"[-3.956643950900199, -2.06248467590786]",0.0042069259649181266,-0.16203582214026768,offline_mechanism_reveal,29,a71c6062bbd8bfbb107c28ab972d92001d94538f92b9a400c5ae52fc534f573f,6d1d3156127fc4fb3c33562b9655b9944c018bb254417bbac7d29177756305a1,1eb828047341abddec8b631511506e14888e529effa51c0aaf72ff115d5e2f8d,40,0,0,0.07247551457567057,0.8974358974358975,0.04111071051100784,0.8974358974358975,0.0379849507874468,0.9230769230769231,0.035676552559376865,0.9230769230769231
GMM,2,101,31,"[4.130969119542087, 2.5290791064964093]",0.0042069259649181266,-0.006819363585987739,offline_mechanism_reveal,30,a71c6062bbd8bfbb107c28ab972d92001d94538f92b9a400c5ae52fc534f573f,6d1d3156127fc4fb3c33562b9655b9944c018bb254417bbac7d29177756305a1,1eb828047341abddec8b631511506e14888e529effa51c0aaf72ff115d5e2f8d,40,0,0,2.6855855703613506e-08,0.1794871794871795,1.46554179615038e-08,0.1794871794871795,5.1238832121622955e-09,0.1794871794871795,5.204508335891941e-09,0.1282051282051282
GMM,2,101,32,"[-1.5273161971394322, 1.0060093350180725]",0.0042069259649181266,-0.10522236553409416,offline_mechanism_reveal,31,a71c6062bbd8bfbb107c28ab972d92001d94538f92b9a400c5ae52fc534f573f,6d1d3156127fc4fb3c33562b9655b9944c018bb254417bbac7d29177756305a1,1eb828047341abddec8b631511506e14888e529effa51c0aaf72ff115d5e2f8d,40,0,0,1.5638516880027947e-05,0.358974358974359,2.2363955138976224e-06,0.3333333333333333,2.0663562483047298e-06,0.3333333333333333,1.3828069203408299e-05,0.38461538461538464
GMM,2,101,33,"[-1.1316578351691597, 0.15718751724933622]",0.0042069259649181266,-0.09672991139655282,offline_mechanism_reveal,32,a71c6062bbd8bfbb107c28ab972d92001d94538f92b9a400c5ae52fc534f573f,6d1d3156127fc4fb3c33562b9655b9944c018bb254417bbac7d29177756305a1,1eb828047341abddec8b631511506e14888e529effa51c0aaf72ff115d5e2f8d,40,0,0,0.0005526620530288213,0.5384615384615384,0.00022400261742688658,0.5384615384615384,0.0002069710859641128,0.5384615384615384,0.0003547347247113031,0.5897435897435898
GMM,2,101,34,"[-2.523842184909071, -4.575713909001992]",0.0042069259649181266,-0.04497067051685794,offline_mechanism_reveal,33,a71c6062bbd8bfbb107c28ab972d92001d94538f92b9a400c5ae52fc534f573f,6d1d3156127fc4fb3c33562b9655b9944c018bb254417bbac7d29177756305a1,1eb828047341abddec8b631511506e14888e529effa51c0aaf72ff115d5e2f8d,40,0,0,0.009221975791614436,0.717948717948718,0.0031865599863967575,0.6923076923076923,0.0029442771180546207,0.7435897435897436,0.006428607015511373,0.7692307692307693
GMM,2,101,35,"[4.2214896560255415, 0.12712910770338848]",0.0042069259649181266,-0.007331081849856602,offline_mechanism_reveal,34,a71c6062bbd8bfbb107c28ab972d92001d94538f92b9a400c5ae52fc534f573f,6d1d3156127fc4fb3c33562b9655b9944c018bb254417bbac7d29177756305a1,1eb828047341abddec8b631511506e14888e529effa51c0aaf72ff115d5e2f8d,40,0,0,0.0001777588530466879,0.48717948717948717,8.461486700095736e-05,0.48717948717948717,2.9583373034081883e-05,0.48717948717948717,3.8780229141223e-05,0.48717948717948717
GMM,2,101,36,"[4.314114426261904, 1.3748906252592494]",0.0042069259649181266,-0.007081773373720637,offline_mechanism_reveal,35,a71c6062bbd8bfbb107c28ab972d92001d94538f92b9a400c5ae52fc534f573f,6d1d3156127fc4fb3c33562b9655b9944c018bb254417bbac7d29177756305a1,1eb828047341abddec8b631511506e14888e529effa51c0aaf72ff115d5e2f8d,40,0,0,1.0560560276478078e-06,0.2564102564102564,5.620748435345962e-07,0.28205128205128205,1.9651475395179704e-07,0.2564102564102564,2.096298228810962e-07,0.2564102564102564
GMM,2,101,37,"[1.8576797192839445, -3.037350431406666]",0.0042069259649181266,-0.4235738085591349,offline_mechanism_reveal,36,a71c6062bbd8bfbb107c28ab972d92001d94538f92b9a400c5ae52fc534f573f,6d1d3156127fc4fb3c33562b9655b9944c018bb254417bbac7d29177756305a1,1eb828047341abddec8b631511506e14888e529effa51c0aaf72ff115d5e2f8d,40,0,0,0.1209942233744096,0.9230769230769231,0.07793185084439802,0.9230769230769231,0.027246831395955167,0.8974358974358975,0.01928587744249351,0.8974358974358975
GMM,2,101,38,"[-1.655481783576016, 3.9885544772069395]",0.0042069259649181266,-0.09828035828982822,offline_mechanism_reveal,37,a71c6062bbd8bfbb107c28ab972d92001d94538f92b9a400c5ae52fc534f573f,6d1d3156127fc4fb3c33562b9655b9944c018bb254417bbac7d29177756305a1,1eb828047341abddec8b631511506e14888e529effa51c0aaf72ff115d5e2f8d,40,0,0,2.053924682218755e-08,0.1282051282051282,1.132989308632881e-08,0.15384615384615385,3.961200501625066e-09,0.15384615384615385,3.937910426839532e-09,0.10256410256410256
GMM,2,101,39,"[-0.8336543826462979, -2.7930053719761574]",0.0042069259649181266,-0.35146638948633335,offline_mechanism_reveal,38,a71c6062bbd8bfbb107c28ab972d92001d94538f92b9a400c5ae52fc534f573f,6d1d3156127fc4fb3c33562b9655b9944c018bb254417bbac7d29177756305a1,1eb828047341abddec8b631511506e14888e529effa51c0aaf72ff115d5e2f8d,40,0,0,0.15681409450276182,0.9487179487179487,0.1335295559438188,0.9487179487179487,0.12337693871375605,0.9487179487179487,0.036003260442800764,0.9487179487179487
Ackley,2,42,0,"[-1.356040824572149, 2.2701412160978895]",0.12215179752140794,8.110839390550293,offline_mechanism_reveal,269,faa0f2e0867f088b9243b67f390516760a91f020e2f97c4900e15e8730cc9150,95768cfff1429e8455c2fcb0d54c616dff0956151a26e971208651bd28c9e83c,c5742c9f50407c7ce11638edc82e7ea1a76352bfd87d2e260c88faa48fc062b9,40,0,0,0.001584385658472721,0.5128205128205128,0.0011334778720621318,0.5128205128205128,0.0006812409471635591,0.5128205128205128,0.00036622831057795075,0.48717948717948717
Ackley,2,42,1,"[3.038819905891584, 2.283098731924138]",0.12159222377522083,11.506769037170653,offline_mechanism_reveal,6,faa0f2e0867f088b9243b67f390516760a91f020e2f97c4900e15e8730cc9150,95768cfff1429e8455c2fcb0d54c616dff0956151a26e971208651bd28c9e83c,c5742c9f50407c7ce11638edc82e7ea1a76352bfd87d2e260c88faa48fc062b9,40,0,0,2.4814287685682334e-14,0.07692307692307693,9.335461569272914e-15,0.07692307692307693,5.610783270157988e-15,0.07692307692307693,1.0794441912554989e-14,0.07692307692307693
Ackley,2,42,2,"[1.8816461729091758, 2.29379192269307]",0.1207921979730433,10.028697910673774,offline_mechanism_reveal,264,faa0f2e0867f088b9243b67f390516760a91f020e2f97c4900e15e8730cc9150,95768cfff1429e8455c2fcb0d54c616dff0956151a26e971208651bd28c9e83c,c5742c9f50407c7ce11638edc82e7ea1a76352bfd87d2e260c88faa48fc062b9,40,0,0,0.002909738150216085,0.5384615384615384,0.0014924211366631164,0.5384615384615384,0.0007315560144506612,0.5384615384615384,0.0008373711678118185,0.5384615384615384
Ackley,2,42,3,"[-2.6152499290170352, 2.2038584756322432]",0.1180179769555794,9.149207939675644,offline_mechanism_reveal,295,faa0f2e0867f088b9243b67f390516760a91f020e2f97c4900e15e8730cc9150,95768cfff1429e8455c2fcb0d54c616dff0956151a26e971208651bd28c9e83c,c5742c9f50407c7ce11638edc82e7ea1a76352bfd87d2e260c88faa48fc062b9,40,0,0,0.011248733923241199,0.6923076923076923,0.006523352186040237,0.6666666666666666,0.00392065406077546,0.6666666666666666,0.003516110410109246,0.6923076923076923
Ackley,2,42,4,"[3.715920822735214, 2.3226592691413463]",0.11759274120286833,12.02902392456869,offline_mechanism_reveal,159,faa0f2e0867f088b9243b67f390516760a91f020e2f97c4900e15e8730cc9150,95768cfff1429e8455c2fcb0d54c616dff0956151a26e971208651bd28c9e83c,c5742c9f50407c7ce11638edc82e7ea1a76352bfd87d2e260c88faa48fc062b9,40,0,0,7.169860255594431e-18,0.05128205128205128,2.3274927923490916e-18,0.05128205128205128,1.3988657683202995e-18,0.05128205128205128,3.341273199661376e-18,0.05128205128205128
Ackley,2,42,5,"[-1.519711769981693, 2.1703114074008054]",0.10961766047239412,7.797585748126517,offline_mechanism_reveal,115,faa0f2e0867f088b9243b67f390516760a91f020e2f97c4900e15e8730cc9150,95768cfff1429e8455c2fcb0d54c616dff0956151a26e971208651bd28c9e83c,c5742c9f50407c7ce11638edc82e7ea1a76352bfd87d2e260c88faa48fc062b9,40,0,0,0.00976598954159055,0.6666666666666666,0.007115121359640478,0.6923076923076923,0.004276318165264945,0.6923076923076923,0.002180174142360501,0.6410256410256411
Ackley,2,42,6,"[-3.9840892613222945, 2.3871506356263854]",0.10569109963380613,11.512666931975994,offline_mechanism_reveal,230,faa0f2e0867f088b9243b67f390516760a91f020e2f97c4900e15e8730cc9150,95768cfff1429e8455c2fcb0d54c616dff0956151a26e971208651bd28c9e83c,c5742c9f50407c7ce11638edc82e7ea1a76352bfd87d2e260c88faa48fc062b9,40,0,0,0.0004963634018133876,0.4358974358974359,0.00017473869316855968,0.41025641025641024,0.00010502115283795057,0.41025641025641024,0.0002231346855383608,0.4358974358974359
Ackley,2,42,7,"[3.840800713208642, 2.392254872981294]",0.10481765306884,12.39687126468868,offline_mechanism_reveal,183,faa0f2e0867f088b9243b67f390516760a91f020e2f97c4900e15e8730cc9150,95768cfff1429e8455c2fcb0d54c616dff0956151a26e971208651bd28c9e83c,c5742c9f50407c7ce11638edc82e7ea1a76352bfd87d2e260c88faa48fc062b9,40,0,0,1.054076546181473e-19,0.02564102564102564,3.4193622446060103e-20,0.02564102564102564,2.0550992936216974e-20,0.02564102564102564,4.9136129736665493e-20,0.02564102564102564
Ackley,2,42,8,"[1.8811243652340393, 2.1525265469488355]",0.10267566487805,9.79043240831989,offline_mechanism_reveal,90,faa0f2e0867f088b9243b67f390516760a91f020e2f97c4900e15e8730cc9150,95768cfff1429e8455c2fcb0d54c616dff0956151a26e971208651bd28c9e83c,c5742c9f50407c7ce11638edc82e7ea1a76352bfd87d2e260c88faa48fc062b9,40,0,0,0.006395152847873826,0.6410256410256411,0.0033410119391382048,0.6410256410256411,0.001637699519515539,0.5641025641025641,0.001810558921542959,0.6153846153846154
Ackley,2,42,9,"[-0.47059878644608144, 2.418956754285623]",0.09865026498352752,7.748412809684169,offline_mechanism_reveal,81,faa0f2e0867f088b9243b67f390516760a91f020e2f97c4900e15e8730cc9150,95768cfff1429e8455c2fcb0d54c616dff0956151a26e971208651bd28c9e83c,c5742c9f50407c7ce11638edc82e7ea1a76352bfd87d2e260c88faa48fc062b9,40,0,0,4.795817283506634e-06,0.28205128205128205,3.243752324896374e-06,0.28205128205128205,1.9495545176864935e-06,0.28205128205128205,1.2210568441084664e-06,0.28205128205128205
Ackley,2,42,10,"[-0.8077621688384351, 2.1389898077623473]",0.0970711831334066,7.869609358915945,offline_mechanism_reveal,186,faa0f2e0867f088b9243b67f390516760a91f020e2f97c4900e15e8730cc9150,95768cfff1429e8455c2fcb0d54c616dff0956151a26e971208651bd28c9e83c,c5742c9f50407c7ce11638edc82e7ea1a76352bfd87d2e260c88faa48fc062b9,40,0,0,0.004295915434571183,0.5641025641025641,0.0032143443142150616,0.5897435897435898,0.001931879765011979,0.6153846153846154,0.0009082364197736256,0.5641025641025641
Ackley,2,42,11,"[-1.7545149848807373, 1.846576285956278]",0.0958397449252411,7.043010277891023,offline_mechanism_reveal,136,faa0f2e0867f088b9243b67f390516760a91f020e2f97c4900e15e8730cc9150,95768cfff1429e8455c2fcb0d54c616dff0956151a26e971208651bd28c9e83c,c5742c9f50407c7ce11638edc82e7ea1a76352bfd87d2e260c88faa48fc062b9,40,0,0,0.22106651397208427,0.9487179487179487,0.1690003054446051,0.9487179487179487,0.10157227678609917,0.9487179487179487,0.04457924640116343,0.9487179487179487
Ackley,2,42,12,"[3.602179002999245, 1.8494072601609428]",0.09573037662425672,9.901093641293581,offline_mechanism_reveal,144,faa0f2e0867f088b9243b67f390516760a91f020e2f97c4900e15e8730cc9150,95768cfff1429e8455c2fcb0d54c616dff0956151a26e971208651bd28c9e83c,c5742c9f50407c7ce11638edc82e7ea1a76352bfd87d2e260c88faa48fc062b9,40,0,0,2.162187977203148e-10,0.1282051282051282,6.75192419475603e-11,0.1282051282051282,4.0580300215688866e-11,0.1282051282051282,1.0236630015696228e-10,0.1282051282051282
Ackley,2,42,13,"[0.4690739812903635, 2.434352831931971]",0.09499362983384943,8.066220456433934,offline_mechanism_reveal,117,faa0f2e0867f088b9243b67f390516760a91f020e2f97c4900e15e8730cc9150,95768cfff1429e8455c2fcb0d54c616dff0956151a26e971208651bd28c9e83c,c5742c9f50407c7ce11638edc82e7ea1a76352bfd87d2e260c88faa48fc062b9,40,0,0,3.2652160028703007e-08,0.20512820512820512,2.026332118936288e-08,0.20512820512820512,1.2178626914530807e-08,0.20512820512820512,9.408373476454746e-09,0.20512820512820512
Ackley,2,42,14,"[-2.024586115989131, 2.4363145108042126]",0.0944228250214148,9.295951609722097,offline_mechanism_reveal,103,faa0f2e0867f088b9243b67f390516760a91f020e2f97c4900e15e8730cc9150,95768cfff1429e8455c2fcb0d54c616dff0956151a26e971208651bd28c9e83c,c5742c9f50407c7ce11638edc82e7ea1a76352bfd87d2e260c88faa48fc062b9,40,0,0,0.00028054266038920334,0.41025641025641024,0.00017764881232266798,0.4358974358974359,0.00010677018771350294,0.4358974358974359,7.870221332171939e-05,0.41025641025641024
Ackley,2,42,15,"[-2.8065326478125394, 1.7711784781582098]",0.09121329989725827,8.399459615344586,offline_mechanism_reveal,5,faa0f2e0867f088b9243b67f390516760a91f020e2f97c4900e15e8730cc9150,95768cfff1429e8455c2fcb0d54c616dff0956151a26e971208651bd28c9e83c,c5742c9f50407c7ce11638edc82e7ea1a76352bfd87d2e260c88faa48fc062b9,40,0,0,0.052216850788595344,0.8717948717948718,0.030272603015624663,0.8717948717948718,0.018194388492076455,0.8717948717948718,0.016327222862228073,0.8974358974358975
Ackley,2,42,16,"[-1.9073744039994969, 1.7708024441333103]",0.09111435132218634,7.508309191128145,offline_mechanism_reveal,61,faa0f2e0867f088b9243b67f390516760a91f020e2f97c4900e15e8730cc9150,95768cfff1429e8455c2fcb0d54c616dff0956151a26e971208651bd28c9e83c,c5742c9f50407c7ce11638edc82e7ea1a76352bfd87d2e260c88faa48fc062b9,40,0,0,0.25643486178104463,0.9743589743589743,0.19266594837949566,0.9743589743589743,0.11579576134241322,0.9743589743589743,0.053738488663209516,0.9743589743589743
Ackley,2,42,17,"[0.29363786326839136, 1.7633288884858995]",0.0897659104125638,6.1127534068475065,offline_mechanism_reveal,135,faa0f2e0867f088b9243b67f390516760a91f020e2f97c4900e15e8730cc9150,95768cfff1429e8455c2fcb0d54c616dff0956151a26e971208651bd28c9e83c,c5742c9f50407c7ce11638edc82e7ea1a76352bfd87d2e260c88faa48fc062b9,40,0,0,0.05558288846454595,0.8974358974358975,0.04160620554002402,0.8974358974358975,0.025006091048254717,0.8974358974358975,0.011740875583095592,0.8461538461538461
Ackley,2,42,18,"[1.770942590831912, 1.7447456548953708]",0.08591459189546638,8.050908674141336,offline_mechanism_reveal,299,faa0f2e0867f088b9243b67f390516760a91f020e2f97c4900e15e8730cc9150,95768cfff1429e8455c2fcb0d54c616dff0956151a26e971208651bd28c9e83c,c5742c9f50407c7ce11638edc82e7ea1a76352bfd87d2e260c88faa48fc062b9,40,0,0,0.02097022086178643,0.7435897435897436,0.012585490331019427,0.7435897435897436,0.00616916426622963,0.7435897435897436,0.005137952673368924,0.7435897435897436
Ackley,2,42,19,"[0.4573317968587993, 1.907806917204267]",0.08158030496788467,6.11711487824682,offline_mechanism_reveal,248,faa0f2e0867f088b9243b67f390516760a91f020e2f97c4900e15e8730cc9150,95768cfff1429e8455c2fcb0d54c616dff0956151a26e971208651bd28c9e83c,c5742c9f50407c7ce11638edc82e7ea1a76352bfd87d2e260c88faa48fc062b9,40,0,0,0.004765142628306591,0.5897435897435898,0.003338962731787621,0.6153846153846154,0.0020067777148649432,0.6410256410256411,0.0011435540147949727,0.5897435897435898
Ackley,2,42,20,"[3.638986855653245, 1.9151591228304286]",0.07909646314529634,10.431348719928684,offline_mechanism_reveal,158,faa0f2e0867f088b9243b67f390516760a91f020e2f97c4900e15e8730cc9150,95768cfff1429e8455c2fcb0d54c616dff0956151a26e971208651bd28c9e83c,c5742c9f50407c7ce11638edc82e7ea1a76352bfd87d2e260c88faa48fc062b9,40,0,0,2.3795738320154e-11,0.10256410256410256,7.379257907708575e-12,0.10256410256410256,4.435069065147144e-12,0.10256410256410256,1.1296772625246483e-11,0.10256410256410256
Ackley,2,42,21,"[-3.923301027117332, 1.7187308174469704]",0.07901905372730014,10.258314686981876,offline_mechanism_reveal,113,faa0f2e0867f088b9243b67f390516760a91f020e2f97c4900e15e8730cc9150,95768cfff1429e8455c2fcb0d54c616dff0956151a26e971208651bd28c9e83c,c5742c9f50407c7ce11638edc82e7ea1a76352bfd87d2e260c88faa48fc062b9,40,0,0,0.0008072470031449621,0.46153846153846156,0.0003178456061384724,0.46153846153846156,0.00019103102681979783,0.46153846153846156,0.00034265621951226063,0.46153846153846156
Ackley,2,42,22,"[-4.163389387754773, 1.9340313309845358]",0.07369829731886438,10.74064343676907,offline_mechanism_reveal,247,faa0f2e0867f088b9243b67f390516760a91f020e2f97c4900e15e8730cc9150,95768cfff1429e8455c2fcb0d54c616dff0956151a26e971208651bd28c9e83c,c5742c9f50407c7ce11638edc82e7ea1a76352bfd87d2e260c88faa48fc062b9,40,0,0,0.0009757308053877839,0.48717948717948717,0.00034659836661373144,0.48717948717948717,0.00020831196212742483,0.48717948717948717,0.00043676331800372546,0.5128205128205128
Ackley,2,42,23,"[3.2877449938225904, 1.9274669853412671]",0.07312773998807304,10.464696676671204,offline_mechanism_reveal,288,faa0f2e0867f088b9243b67f390516760a91f020e2f97c4900e15e8730cc9150,95768cfff1429e8455c2fcb0d54c616dff0956151a26e971208651bd28c9e83c,c5742c9f50407c7ce11638edc82e7ea1a76352bfd87d2e260c88faa48fc062b9,40,0,0,3.0498356904647354e-10,0.15384615384615385,1.0598838634726905e-10,0.15384615384615385,6.370096010095991e-11,0.15384615384615385,1.3792981772393697e-10,0.15384615384615385
Ackley,2,42,24,"[-2.7555621344462597, 1.6710746658023936]",0.06458833423365483,8.129159585759362,offline_mechanism_reveal,196,faa0f2e0867f088b9243b67f390516760a91f020e2f97c4900e15e8730cc9150,95768cfff1429e8455c2fcb0d54c616dff0956151a26e971208651bd28c9e83c,c5742c9f50407c7ce11638edc82e7ea1a76352bfd87d2e260c88faa48fc062b9,40,0,0,0.04514450633478223,0.8461538461538461,0.026847636516972286,0.8461538461538461,0.016135920939198186,0.8461538461538461,0.01371002110699801,0.8717948717948718
Ackley,2,42,25,"[1.3185364185372546, 2.0874131712279276]",0.0641321248926361,8.538301478858964,offline_mechanism_reveal,156,faa0f2e0867f088b9243b67f390516760a91f020e2f97c4900e15e8730cc9150,95768cfff1429e8455c2fcb0d54c616dff0956151a26e971208651bd28c9e83c,c5742c9f50407c7ce11638edc82e7ea1a76352bfd87d2e260c88faa48fc062b9,40,0,0,2.85363070543076e-06,0.2564102564102564,1.6661966117473964e-06,0.2564102564102564,1.0014146600695963e-06,0.2564102564102564,8.851780523179244e-07,0.2564102564102564
Ackley,2,42,26,"[0.44329278764152313, 2.5605568180269653]",0.06356254896826613,7.743370647232153,offline_mechanism_reveal,297,faa0f2e0867f088b9243b67f390516760a91f020e2f97c4900e15e8730cc9150,95768cfff1429e8455c2fcb0d54c616dff0956151a26e971208651bd28c9e83c,c5742c9f50407c7ce11638edc82e7ea1a76352bfd87d2e260c88faa48fc062b9,40,0,0,7.960575470272744e-10,0.1794871794871795,4.840311067772985e-10,0.1794871794871795,2.9091155439822976e-10,0.1794871794871795,2.353781172136537e-10,0.1794871794871795
Ackley,2,42,27,"[3.2814718104936738, 2.5663681918615353]",0.062222246311105484,11.194178079248426,offline_mechanism_reveal,157,faa0f2e0867f088b9243b67f390516760a91f020e2f97c4900e15e8730cc9150,95768cfff1429e8455c2fcb0d54c616dff0956151a26e971208651bd28c9e83c,c5742c9f50407c7ce11638edc82e7ea1a76352bfd87d2e260c88faa48fc062b9,40,0,0,2.3057503017868873e-20,0.0,8.396806832573954e-21,0.0,5.046634593197041e-21,0.0,1.0197144875736826e-20,0.0
Ackley,2,42,28,"[-2.532955587572694, 2.578559393822597]",0.059162113274376565,8.551204267267515,offline_mechanism_reveal,291,faa0f2e0867f088b9243b67f390516760a91f020e2f97c4900e15e8730cc9150,95768cfff1429e8455c2fcb0d54c616dff0956151a26e971208651bd28c9e83c,c5742c9f50407c7ce11638edc82e7ea1a76352bfd87d2e260c88faa48fc062b9,40,0,0,4.064910303585281e-05,0.3076923076923077,2.2339544344870524e-05,0.3333333333333333,1.3426475032119299e-05,0.3333333333333333,1.3447465385813354e-05,0.3076923076923077
Ackley,2,42,29,"[-4.878062723390646, 1.9669081415614915]",0.05824825429290495,11.91715576990164,offline_mechanism_reveal,197,faa0f2e0867f088b9243b67f390516760a91f020e2f97c4900e15e8730cc9150,95768cfff1429e8455c2fcb0d54c616dff0956151a26e971208651bd28c9e83c,c5742c9f50407c7ce11638edc82e7ea1a76352bfd87d2e260c88faa48fc062b9,40,0,0,4.578521517385512e-05,0.3333333333333333,1.4585508904380937e-05,0.3076923076923077,8.766157810214698e-06,0.3076923076923077,2.1503369749081285e-05,0.358974358974359
Ackley,2,42,30,"[1.2476306947342657, 1.6361069096720975]",0.05346025707932307,7.435146556258504,offline_mechanism_reveal,166,faa0f2e0867f088b9243b67f390516760a91f020e2f97c4900e15e8730cc9150,95768cfff1429e8455c2fcb0d54c616dff0956151a26e971208651bd28c9e83c,c5742c9f50407c7ce11638edc82e7ea1a76352bfd87d2e260c88faa48fc062b9,40,0,0,0.014938222820344047,0.717948717948718,0.009627269641213073,0.717948717948718,0.0057861652623594105,0.717948717948718,0.004089794600018042,0.717948717948718
Ackley,2,42,31,"[2.3202801529852755, 2.071487589587626]",0.05093307515908274,9.71864970513517,offline_mechanism_reveal,296,faa0f2e0867f088b9243b67f390516760a91f020e2f97c4900e15e8730cc9150,95768cfff1429e8455c2fcb0d54c616dff0956151a26e971208651bd28c9e83c,c5742c9f50407c7ce11638edc82e7ea1a76352bfd87d2e260c88faa48fc062b9,40,0,0,1.3696797325647653e-06,0.23076923076923078,6.726938680218768e-07,0.23076923076923078,3.297415407394942e-07,0.23076923076923078,4.0878806312031665e-07,0.23076923076923078
Ackley,2,42,32,"[-1.2819816081189517, 1.6249600535772775]",0.04959469740368759,6.136611251080652,offline_mechanism_reveal,182,faa0f2e0867f088b9243b67f390516760a91f020e2f97c4900e15e8730cc9150,95768cfff1429e8455c2fcb0d54c616dff0956151a26e971208651bd28c9e83c,c5742c9f50407c7ce11638edc82e7ea1a76352bfd87d2e260c88faa48fc062b9,40,0,0,0.5627291848620614,1.0,0.4778425490438895,1.0,0.2871921179312312,1.0,0.08483947578134025,1.0
Ackley,2,42,33,"[-3.274720130720148, 1.6241762296621172]",0.04924351230803371,8.751199293087382,offline_mechanism_reveal,73,faa0f2e0867f088b9243b67f390516760a91f020e2f97c4900e15e8730cc9150,95768cfff1429e8455c2fcb0d54c616dff0956151a26e971208651bd28c9e83c,c5742c9f50407c7ce11638edc82e7ea1a76352bfd87d2e260c88faa48fc062b9,40,0,0,0.006028196786751445,0.6153846153846154,0.0029805081187823943,0.5641025641025641,0.001791339931651261,0.5897435897435898,0.0021940223316155314,0.6666666666666666
Ackley,2,42,34,"[2.5709752829887647, 1.615544759947353]",0.046899222055438936,8.553045603379047,offline_mechanism_reveal,246,faa0f2e0867f088b9243b67f390516760a91f020e2f97c4900e15e8730cc9150,95768cfff1429e8455c2fcb0d54c616dff0956151a26e971208651bd28c9e83c,c5742c9f50407c7ce11638edc82e7ea1a76352bfd87d2e260c88faa48fc062b9,40,0,0,5.299026745149277e-05,0.358974358974359,2.430061039866837e-05,0.358974358974359,1.4605111623858882e-05,0.358974358974359,2.0427821057723376e-05,0.3333333333333333
Ackley,2,42,35,"[0.8479590521709728, 1.6094940162047289]",0.0447518413045641,7.21638766949965,offline_mechanism_reveal,58,faa0f2e0867f088b9243b67f390516760a91f020e2f97c4900e15e8730cc9150,95768cfff1429e8455c2fcb0d54c616dff0956151a26e971208651bd28c9e83c,c5742c9f50407c7ce11638edc82e7ea1a76352bfd87d2e260c88faa48fc062b9,40,0,0,0.06935557710082296,0.9230769230769231,0.04890621785711822,0.9230769230769231,0.02939353206300997,0.9230769230769231,0.016458836315571827,0.9230769230769231
Ackley,2,42,36,"[1.7841385819531048, 1.6037313575492051]",0.04300673310501178,8.297563897630864,offline_mechanism_reveal,201,faa0f2e0867f088b9243b67f390516760a91f020e2f97c4900e15e8730cc9150,95768cfff1429e8455c2fcb0d54c616dff0956151a26e971208651bd28c9e83c,c5742c9f50407c7ce11638edc82e7ea1a76352bfd87d2e260c88faa48fc062b9,40,0,0,0.040405724711113734,0.8205128205128205,0.024991700860415043,0.8205128205128205,0.012250449036567997,0.7948717948717948,0.009536267343245539,0.7948717948717948
Ackley,2,42,37,"[-2.701614691732389, 1.6029752092165328]",0.04241795277406264,7.956994761073526,offline_mechanism_reveal,216,faa0f2e0867f088b9243b67f390516760a91f020e2f97c4900e15e8730cc9150,95768cfff1429e8455c2fcb0d54c616dff0956151a26e971208651bd28c9e83c,c5742c9f50407c7ce11638edc82e7ea1a76352bfd87d2e260c88faa48fc062b9,40,0,0,0.03844222508215025,0.7948717948717948,0.02338433407088574,0.7948717948717948,0.014054412780248842,0.8205128205128205,0.011360516190736454,0.8205128205128205
Ackley,2,42,38,"[-2.8565306619376676, 1.594143195614687]",0.03962403149979139,8.71875474703551,offline_mechanism_reveal,132,faa0f2e0867f088b9243b67f390516760a91f020e2f97c4900e15e8730cc9150,95768cfff1429e8455c2fcb0d54c616dff0956151a26e971208651bd28c9e83c,c5742c9f50407c7ce11638edc82e7ea1a76352bfd87d2e260c88faa48fc062b9,40,0,0,0.022242777896308578,0.7692307692307693,0.012824848809183777,0.7692307692307693,0.00770796886762593,0.7692307692307693,0.006997179420332236,0.7692307692307693
Ackley,2,42,39,"[1.9108283697486677, 2.7039072819190633]",0.03290869516231325,9.964513766329564,offline_mechanism_reveal,213,faa0f2e0867f088b9243b67f390516760a91f020e2f97c4900e15e8730cc9150,95768cfff1429e8455c2fcb0d54c616dff0956151a26e971208651bd28c9e83c,c5742c9f50407c7ce11638edc82e7ea1a76352bfd87d2e260c88faa48fc062b9,40,0,0,0.00021772662173864113,0.38461538461538464,0.00010593473227260612,0.38461538461538464,5.192715958614769e-05,0.38461538461538464,6.547076335841936e-05,0.38461538461538464
Ackley,2,101,0,"[1.3879554443748567, 4.605007109254748]",0.30100001518532443,10.609996505438751,offline_mechanism_reveal,13,5c2a22057283178ce0d8c8f374470354531dca8a189e598a9276e483860c6be5,10fbf233f0b60c220d126df1e86cfe8566f26440d4254089466af1b8ef6d0b26,b72ed4ac16b70f7aba6c0a2291e3898e28c19265708131d709e68f23dda6546b,40,0,0,0.002290494797185202,0.1282051282051282,0.0010053287560095607,0.1282051282051282,0.0008711492552257607,0.1282051282051282,0.0013121157784386417,0.1282051282051282
Ackley,2,101,1,"[0.5962024576680278, 3.2504271809260032]",0.29969744965357303,6.7681216600860346,offline_mechanism_reveal,162,5c2a22057283178ce0d8c8f374470354531dca8a189e598a9276e483860c6be5,10fbf233f0b60c220d126df1e86cfe8566f26440d4254089466af1b8ef6d0b26,b72ed4ac16b70f7aba6c0a2291e3898e28c19265708131d709e68f23dda6546b,40,0,0,0.11268656422689283,0.48717948717948717,0.07869202115100514,0.48717948717948717,0.06818913236900984,0.48717948717948717,0.03922199807437454,0.5128205128205128
Ackley,2,101,2,"[0.7239389486171754, 2.4518218944379413]",0.29207464691729923,5.54285149745057,offline_mechanism_reveal,141,5c2a22057283178ce0d8c8f374470354531dca8a189e598a9276e483860c6be5,10fbf233f0b60c220d126df1e86cfe8566f26440d4254089466af1b8ef6d0b26,b72ed4ac16b70f7aba6c0a2291e3898e28c19265708131d709e68f23dda6546b,40,0,0,0.3193915386363801,0.6666666666666666,0.2531770494135958,0.6410256410256411,0.21938594387009863,0.6410256410256411,0.08505324508157086,0.8205128205128205
Ackley,2,101,3,"[2.2253921958033036, 4.337971184856341]",0.2911341028255482,10.382779774705885,offline_mechanism_reveal,279,5c2a22057283178ce0d8c8f374470354531dca8a189e598a9276e483860c6be5,10fbf233f0b60c220d126df1e86cfe8566f26440d4254089466af1b8ef6d0b26,b72ed4ac16b70f7aba6c0a2291e3898e28c19265708131d709e68f23dda6546b,40,0,0,0.0011889717622335701,0.07692307692307693,0.0005175381646525603,0.07692307692307693,0.0004484632355266055,0.07692307692307693,0.0006848466840981575,0.07692307692307693
Ackley,2,101,4,"[0.6336254975327318, 2.145912496362662]",0.28178929801273805,4.2950349571640345,offline_mechanism_reveal,74,5c2a22057283178ce0d8c8f374470354531dca8a189e598a9276e483860c6be5,10fbf233f0b60c220d126df1e86cfe8566f26440d4254089466af1b8ef6d0b26,b72ed4ac16b70f7aba6c0a2291e3898e28c19265708131d709e68f23dda6546b,40,0,0,0.4619649103069075,0.7948717948717948,0.3843639959085709,0.7948717948717948,0.33306359414249614,0.7948717948717948,0.10727437854901375,0.8717948717948718
Ackley,2,101,5,"[2.374618972442393, 3.9394082395490386]",0.2811132753621939,10.248890300315365,offline_mechanism_reveal,71,5c2a22057283178ce0d8c8f374470354531dca8a189e598a9276e483860c6be5,10fbf233f0b60c220d126df1e86cfe8566f26440d4254089466af1b8ef6d0b26,b72ed4ac16b70f7aba6c0a2291e3898e28c19265708131d709e68f23dda6546b,40,0,0,0.002571010490681216,0.15384615384615385,0.0010922276977671185,0.15384615384615385,0.0009464499446166481,0.15384615384615385,0.0015041984097855258,0.15384615384615385
Ackley,2,101,6,"[0.37804125388840326, 2.7069899910499826]",0.27835630471326095,6.4689432263681645,offline_mechanism_reveal,115,5c2a22057283178ce0d8c8f374470354531dca8a189e598a9276e483860c6be5,10fbf233f0b60c220d126df1e86cfe8566f26440d4254089466af1b8ef6d0b26,b72ed4ac16b70f7aba6c0a2291e3898e28c19265708131d709e68f23dda6546b,40,0,0,0.286771538607118,0.5641025641025641,0.23055791749679436,0.5641025641025641,0.19978574860523005,0.5641025641025641,0.07356054917308252,0.7435897435897436
Ackley,2,101,7,"[0.9791630127855093, 2.324846320063739]",0.27628818182670833,4.911728741746387,offline_mechanism_reveal,67,5c2a22057283178ce0d8c8f374470354531dca8a189e598a9276e483860c6be5,10fbf233f0b60c220d126df1e86cfe8566f26440d4254089466af1b8ef6d0b26,b72ed4ac16b70f7aba6c0a2291e3898e28c19265708131d709e68f23dda6546b,40,0,0,0.3073895197705216,0.6153846153846154,0.24793249941746168,0.6153846153846154,0.2148413749459376,0.6153846153846154,0.07815767096091421,0.7948717948717948
Ackley,2,101,8,"[0.3180883120540354, 3.4589742191854995]",0.27503009848455245,7.853498201784804,offline_mechanism_reveal,177,5c2a22057283178ce0d8c8f374470354531dca8a189e598a9276e483860c6be5,10fbf233f0b60c220d126df1e86cfe8566f26440d4254089466af1b8ef6d0b26,b72ed4ac16b70f7aba6c0a2291e3898e28c19265708131d709e68f23dda6546b,40,0,0,0.09477829035014584,0.46153846153846156,0.06634997670116295,0.4358974358974359,0.05749435937443233,0.4358974358974359,0.03284687498517329,0.46153846153846156
Ackley,2,101,9,"[2.436904842361206, 4.432925799045876]",0.2736922311616254,11.054622353331903,offline_mechanism_reveal,82,5c2a22057283178ce0d8c8f374470354531dca8a189e598a9276e483860c6be5,10fbf233f0b60c220d126df1e86cfe8566f26440d4254089466af1b8ef6d0b26,b72ed4ac16b70f7aba6c0a2291e3898e28c19265708131d709e68f23dda6546b,40,0,0,0.0006017382705980482,0.02564102564102564,0.00027813385564303,0.02564102564102564,0.00024101180807583562,0.02564102564102564,0.00033255601981396554,0.02564102564102564
Ackley,2,101,10,"[0.3569545803273497, 4.14323001164191]",0.2712187315677854,8.687936433028737,offline_mechanism_reveal,151,5c2a22057283178ce0d8c8f374470354531dca8a189e598a9276e483860c6be5,10fbf233f0b60c220d126df1e86cfe8566f26440d4254089466af1b8ef6d0b26,b72ed4ac16b70f7aba6c0a2291e3898e28c19265708131d709e68f23dda6546b,40,0,0,0.023173638089369654,0.3076923076923077,0.014027913614621896,0.3076923076923077,0.012155632100145513,0.3076923076923077,0.009933129596885939,0.3076923076923077
Ackley,2,101,11,"[0.3732797261074827, 4.307676176543968]",0.26981865966673796,9.198980008977268,offline_mechanism_reveal,187,5c2a22057283178ce0d8c8f374470354531dca8a189e598a9276e483860c6be5,10fbf233f0b60c220d126df1e86cfe8566f26440d4254089466af1b8ef6d0b26,b72ed4ac16b70f7aba6c0a2291e3898e28c19265708131d709e68f23dda6546b,40,0,0,0.015613618495714967,0.28205128205128205,0.009175072632372668,0.28205128205128205,0.00795049146118098,0.28205128205128205,0.006932173783272737,0.2564102564102564
Ackley,2,101,12,"[0.7108378696904216, 1.691430000473968]",0.26608085045187163,4.549977621729827,offline_mechanism_reveal,149,5c2a22057283178ce0d8c8f374470354531dca8a189e598a9276e483860c6be5,10fbf233f0b60c220d126df1e86cfe8566f26440d4254089466af1b8ef6d0b26,b72ed4ac16b70f7aba6c0a2291e3898e28c19265708131d709e68f23dda6546b,40,0,0,0.6278413890304907,0.8717948717948718,0.5431150143186243,0.8717948717948718,0.4706263870374144,0.8717948717948718,0.12782253895101056,0.9487179487179487
Ackley,2,101,13,"[0.922831844341677, 1.6719772126319015]",0.26213078088425623,4.77093964145266,offline_mechanism_reveal,282,5c2a22057283178ce0d8c8f374470354531dca8a189e598a9276e483860c6be5,10fbf233f0b60c220d126df1e86cfe8566f26440d4254089466af1b8ef6d0b26,b72ed4ac16b70f7aba6c0a2291e3898e28c19265708131d709e68f23dda6546b,40,0,0,0.565279026090756,0.8461538461538461,0.4814965445256254,0.8461538461538461,0.4172320284781417,0.8461538461538461,0.121583398408866,0.9230769230769231
Ackley,2,101,14,"[1.0831388742682, 2.3067678374359453]",0.26164179634643125,5.403307686201817,offline_mechanism_reveal,22,5c2a22057283178ce0d8c8f374470354531dca8a189e598a9276e483860c6be5,10fbf233f0b60c220d126df1e86cfe8566f26440d4254089466af1b8ef6d0b26,b72ed4ac16b70f7aba6c0a2291e3898e28c19265708131d709e68f23dda6546b,40,0,0,0.2885965828351906,0.5897435897435898,0.23525038251367922,0.5897435897435898,0.20385191838322186,0.5897435897435898,0.0712339839787547,0.6923076923076923
Ackley,2,101,15,"[0.7566550137155055, 1.5480343367338767]",0.25957954714028847,4.311458481931684,offline_mechanism_reveal,7,5c2a22057283178ce0d8c8f374470354531dca8a189e598a9276e483860c6be5,10fbf233f0b60c220d126df1e86cfe8566f26440d4254089466af1b8ef6d0b26,b72ed4ac16b70f7aba6c0a2291e3898e28c19265708131d709e68f23dda6546b,40,0,0,0.6656154536523249,0.8974358974358975,0.58000390792045,0.8974358974358975,0.5025917834266401,0.8974358974358975,0.13186281023218457,0.9743589743589743
Ackley,2,101,16,"[2.2768646323961335, 2.6125156890168526]",0.2561665082121044,8.86023234135102,offline_mechanism_reveal,156,5c2a22057283178ce0d8c8f374470354531dca8a189e598a9276e483860c6be5,10fbf233f0b60c220d126df1e86cfe8566f26440d4254089466af1b8ef6d0b26,b72ed4ac16b70f7aba6c0a2291e3898e28c19265708131d709e68f23dda6546b,40,0,0,0.045665181387631065,0.38461538461538464,0.026140939022645547,0.358974358974359,0.022651952830704786,0.358974358974359,0.020875408114222088,0.38461538461538464
Ackley,2,101,17,"[2.6341526885217927, 3.789431008753777]",0.2557493747177957,10.321454931954907,offline_mechanism_reveal,273,5c2a22057283178ce0d8c8f374470354531dca8a189e598a9276e483860c6be5,10fbf233f0b60c220d126df1e86cfe8566f26440d4254089466af1b8ef6d0b26,b72ed4ac16b70f7aba6c0a2291e3898e28c19265708131d709e68f23dda6546b,40,0,0,0.0022509287365463705,0.10256410256410256,0.0009825485329626785,0.10256410256410256,0.0008514094693870081,0.10256410256410256,0.0012941417930788027,0.10256410256410256
Ackley,2,101,18,"[0.12098186403040057, 2.9729631266211882]",0.2556039284690414,6.008641895746283,offline_mechanism_reveal,135,5c2a22057283178ce0d8c8f374470354531dca8a189e598a9276e483860c6be5,10fbf233f0b60c220d126df1e86cfe8566f26440d4254089466af1b8ef6d0b26,b72ed4ac16b70f7aba6c0a2291e3898e28c19265708131d709e68f23dda6546b,40,0,0,0.2264394746834475,0.5384615384615384,0.18486420779893076,0.5384615384615384,0.16019069978776895,0.5384615384615384,0.05564798621372243,0.5384615384615384
Ackley,2,101,19,"[2.755529280972141, 3.5437124102349475]",0.24082348894803035,9.97854924478314,offline_mechanism_reveal,193,5c2a22057283178ce0d8c8f374470354531dca8a189e598a9276e483860c6be5,10fbf233f0b60c220d126df1e86cfe8566f26440d4254089466af1b8ef6d0b26,b72ed4ac16b70f7aba6c0a2291e3898e28c19265708131d709e68f23dda6546b,40,0,0,0.003166582650499309,0.20512820512820512,0.0013600496596413373,0.20512820512820512,0.0011785261696576127,0.20512820512820512,0.0018398125690024796,0.20512820512820512
Ackley,2,101,20,"[2.5602539611695896, 2.5560429573871932]",0.23854223183222384,9.151490209587283,offline_mechanism_reveal,170,5c2a22057283178ce0d8c8f374470354531dca8a189e598a9276e483860c6be5,10fbf233f0b60c220d126df1e86cfe8566f26440d4254089466af1b8ef6d0b26,b72ed4ac16b70f7aba6c0a2291e3898e28c19265708131d709e68f23dda6546b,40,0,0,0.03126775186021954,0.3333333333333333,0.014684059827422475,0.3333333333333333,0.012724203605917693,0.3333333333333333,0.017079745043782135,0.358974358974359
Ackley,2,101,21,"[2.29568580582498, 2.0904724377153174]",0.23373962838967616,7.818560932777428,offline_mechanism_reveal,239,5c2a22057283178ce0d8c8f374470354531dca8a189e598a9276e483860c6be5,10fbf233f0b60c220d126df1e86cfe8566f26440d4254089466af1b8ef6d0b26,b72ed4ac16b70f7aba6c0a2291e3898e28c19265708131d709e68f23dda6546b,40,0,0,0.09136461218099921,0.4358974358974359,0.06636671861959897,0.46153846153846156,0.057508866777796055,0.46153846153846156,0.029578501128133112,0.4358974358974359
Ackley,2,101,22,"[2.810111903632796, 4.528534821360816]",0.23241269172398754,11.003257752399282,offline_mechanism_reveal,297,5c2a22057283178ce0d8c8f374470354531dca8a189e598a9276e483860c6be5,10fbf233f0b60c220d126df1e86cfe8566f26440d4254089466af1b8ef6d0b26,b72ed4ac16b70f7aba6c0a2291e3898e28c19265708131d709e68f23dda6546b,40,0,0,0.00020429145256942142,0.0,0.00010193505301586384,0.0,8.832995672842736e-05,0.0,0.00010639756922773114,0.0
Ackley,2,101,23,"[-0.09782998318108405, 1.958551774869484]",0.2304128919370077,2.909947693135632,offline_mechanism_reveal,236,5c2a22057283178ce0d8c8f374470354531dca8a189e598a9276e483860c6be5,10fbf233f0b60c220d126df1e86cfe8566f26440d4254089466af1b8ef6d0b26,b72ed4ac16b70f7aba6c0a2291e3898e28c19265708131d709e68f23dda6546b,40,0,0,0.6702851646837636,0.9230769230769231,0.650749465412041,0.9230769230769231,0.563895052979933,0.9230769230769231,0.07501063867954463,0.7692307692307693
Ackley,2,101,24,"[0.08932645178953447, 4.800494129064241]",0.22970598093735634,9.943630473962012,offline_mechanism_reveal,192,5c2a22057283178ce0d8c8f374470354531dca8a189e598a9276e483860c6be5,10fbf233f0b60c220d126df1e86cfe8566f26440d4254089466af1b8ef6d0b26,b72ed4ac16b70f7aba6c0a2291e3898e28c19265708131d709e68f23dda6546b,40,0,0,0.005608119881228972,0.23076923076923078,0.0031687541080092658,0.23076923076923078,0.00274582594468191,0.23076923076923078,0.0025997491932018735,0.23076923076923078
Ackley,2,101,25,"[1.3337400970839521, 1.902152419662448]",0.22911306167024031,6.223900428323848,offline_mechanism_reveal,190,5c2a22057283178ce0d8c8f374470354531dca8a189e598a9276e483860c6be5,10fbf233f0b60c220d126df1e86cfe8566f26440d4254089466af1b8ef6d0b26,b72ed4ac16b70f7aba6c0a2291e3898e28c19265708131d709e68f23dda6546b,40,0,0,0.3484126681913021,0.717948717948718,0.3010967887837953,0.717948717948718,0.26090991800634117,0.717948717948718,0.07119177315776304,0.6666666666666666
Ackley,2,101,26,"[-0.20635609861985493, 2.7497029315013224]",0.226830169748913,5.751481004188847,offline_mechanism_reveal,294,5c2a22057283178ce0d8c8f374470354531dca8a189e598a9276e483860c6be5,10fbf233f0b60c220d126df1e86cfe8566f26440d4254089466af1b8ef6d0b26,b72ed4ac16b70f7aba6c0a2291e3898e28c19265708131d709e68f23dda6546b,40,0,0,0.3317005427238265,0.6923076923076923,0.2982445898789594,0.6923076923076923,0.25843839718606143,0.6923076923076923,0.05773354848541341,0.5641025641025641
Ackley,2,101,27,"[1.3600505477690596, 1.9845436929014602]",0.2237210558455739,6.2023806956715575,offline_mechanism_reveal,24,5c2a22057283178ce0d8c8f374470354531dca8a189e598a9276e483860c6be5,10fbf233f0b60c220d126df1e86cfe8566f26440d4254089466af1b8ef6d0b26,b72ed4ac16b70f7aba6c0a2291e3898e28c19265708131d709e68f23dda6546b,40,0,0,0.3155466636777045,0.6410256410256411,0.2721796361094849,0.6666666666666666,0.23585228798741475,0.6666666666666666,0.06492202424573779,0.5897435897435898
Ackley,2,101,28,"[0.42051066702011397, 0.912339879801511]",0.22345827340445445,3.6731988895819048,offline_mechanism_reveal,52,5c2a22057283178ce0d8c8f374470354531dca8a189e598a9276e483860c6be5,10fbf233f0b60c220d126df1e86cfe8566f26440d4254089466af1b8ef6d0b26,b72ed4ac16b70f7aba6c0a2291e3898e28c19265708131d709e68f23dda6546b,40,0,0,0.8796711985542861,1.0,0.8286685939387254,1.0,0.7180676212864975,1.0,0.12042167425148265,0.8974358974358975
Ackley,2,101,29,"[2.1865094708853183, 1.7353084144608726]",0.217925151853465,7.883105092163733,offline_mechanism_reveal,212,5c2a22057283178ce0d8c8f374470354531dca8a189e598a9276e483860c6be5,10fbf233f0b60c220d126df1e86cfe8566f26440d4254089466af1b8ef6d0b26,b72ed4ac16b70f7aba6c0a2291e3898e28c19265708131d709e68f23dda6546b,40,0,0,0.15575888613080627,0.5128205128205128,0.12771191988114347,0.5128205128205128,0.11066642948672613,0.5128205128205128,0.0378005874171364,0.48717948717948717
Ackley,2,101,30,"[1.528066628840941, 1.6326966327826318]",0.2169094835251934,6.579993413029282,offline_mechanism_reveal,14,5c2a22057283178ce0d8c8f374470354531dca8a189e598a9276e483860c6be5,10fbf233f0b60c220d126df1e86cfe8566f26440d4254089466af1b8ef6d0b26,b72ed4ac16b70f7aba6c0a2291e3898e28c19265708131d709e68f23dda6546b,40,0,0,0.36184666310766095,0.7435897435897436,0.3167332786359001,0.7435897435897436,0.2744594324388884,0.7435897435897436,0.07044733970569013,0.6410256410256411
Ackley,2,101,31,"[1.3785491637172527, 1.276959834740266]",0.2163861505421202,5.69180225898203,offline_mechanism_reveal,36,5c2a22057283178ce0d8c8f374470354531dca8a189e598a9276e483860c6be5,10fbf233f0b60c220d126df1e86cfe8566f26440d4254089466af1b8ef6d0b26,b72ed4ac16b70f7aba6c0a2291e3898e28c19265708131d709e68f23dda6546b,40,0,0,0.5086813588776395,0.8205128205128205,0.43833163555798416,0.8205128205128205,0.3798282657047522,0.8205128205128205,0.10503911992705418,0.8461538461538461
Ackley,2,101,32,"[2.978381332507732, 3.3771893388669607]",0.21509120615285782,9.451381753287842,offline_mechanism_reveal,144,5c2a22057283178ce0d8c8f374470354531dca8a189e598a9276e483860c6be5,10fbf233f0b60c220d126df1e86cfe8566f26440d4254089466af1b8ef6d0b26,b72ed4ac16b70f7aba6c0a2291e3898e28c19265708131d709e68f23dda6546b,40,0,0,0.0029103914135581387,0.1794871794871795,0.0012803384611258625,0.1794871794871795,0.0011094538877748808,0.1794871794871795,0.0016646872346180817,0.1794871794871795
Ackley,2,101,33,"[-0.25226223967394024, 4.052737952308501]",0.21255983464148787,7.348726971171587,offline_mechanism_reveal,17,5c2a22057283178ce0d8c8f374470354531dca8a189e598a9276e483860c6be5,10fbf233f0b60c220d126df1e86cfe8566f26440d4254089466af1b8ef6d0b26,b72ed4ac16b70f7aba6c0a2291e3898e28c19265708131d709e68f23dda6546b,40,0,0,0.04034664343291701,0.358974358974359,0.026241357864121084,0.38461538461538464,0.022738968942040624,0.38461538461538464,0.01571884198207243,0.3333333333333333
Ackley,2,101,34,"[2.6625406894741586, 2.0967359401725734]",0.21142536045866167,7.74620712808343,offline_mechanism_reveal,195,5c2a22057283178ce0d8c8f374470354531dca8a189e598a9276e483860c6be5,10fbf233f0b60c220d126df1e86cfe8566f26440d4254089466af1b8ef6d0b26,b72ed4ac16b70f7aba6c0a2291e3898e28c19265708131d709e68f23dda6546b,40,0,0,0.05062109082121445,0.41025641025641024,0.026910624831131477,0.41025641025641024,0.023318909997514386,0.41025641025641024,0.02493234894082727,0.41025641025641024
Ackley,2,101,35,"[3.040895474121047, 3.9434064607429598]",0.21132648897984363,10.202209747823382,offline_mechanism_reveal,6,5c2a22057283178ce0d8c8f374470354531dca8a189e598a9276e483860c6be5,10fbf233f0b60c220d126df1e86cfe8566f26440d4254089466af1b8ef6d0b26,b72ed4ac16b70f7aba6c0a2291e3898e28c19265708131d709e68f23dda6546b,40,0,0,0.0006353376839456281,0.05128205128205128,0.00030817075186707324,0.05128205128205128,0.00026703973139788556,0.05128205128205128,0.0003385545496423686,0.05128205128205128
Ackley,2,101,36,"[1.4653865757846187, 3.8266659786720574]",0.20972098333551886,9.316084507558188,offline_mechanism_reveal,75,5c2a22057283178ce0d8c8f374470354531dca8a189e598a9276e483860c6be5,10fbf233f0b60c220d126df1e86cfe8566f26440d4254089466af1b8ef6d0b26,b72ed4ac16b70f7aba6c0a2291e3898e28c19265708131d709e68f23dda6546b,40,0,0,0.014658825480795315,0.2564102564102564,0.0070646191230094085,0.2564102564102564,0.006121716553589545,0.2564102564102564,0.007850854414979843,0.28205128205128205
Ackley,2,101,37,"[-0.5207036628117265, 2.5686058313176634]",0.2076567629252214,6.056765641465503,offline_mechanism_reveal,197,5c2a22057283178ce0d8c8f374470354531dca8a189e598a9276e483860c6be5,10fbf233f0b60c220d126df1e86cfe8566f26440d4254089466af1b8ef6d0b26,b72ed4ac16b70f7aba6c0a2291e3898e28c19265708131d709e68f23dda6546b,40,0,0,0.4117898886795861,0.7692307692307693,0.3718217249471816,0.7692307692307693,0.3221953185246543,0.7692307692307693,0.07031658164448765,0.6153846153846154
Ackley,2,101,38,"[-0.443444838960235, 1.3953740558531633]",0.20661803250034627,3.0325389268810103,offline_mechanism_reveal,281,5c2a22057283178ce0d8c8f374470354531dca8a189e598a9276e483860c6be5,10fbf233f0b60c220d126df1e86cfe8566f26440d4254089466af1b8ef6d0b26,b72ed4ac16b70f7aba6c0a2291e3898e28c19265708131d709e68f23dda6546b,40,0,0,0.8222536025899558,0.9743589743589743,0.8222536025899558,0.9743589743589743,0.7125088278049081,0.9743589743589743,0.07125088278049081,0.717948717948718
Ackley,2,101,39,"[0.8148193562512995, 0.6337718741201961]",0.20458453135469973,4.557509619893466,offline_mechanism_reveal,164,5c2a22057283178ce0d8c8f374470354531dca8a189e598a9276e483860c6be5,10fbf233f0b60c220d126df1e86cfe8566f26440d4254089466af1b8ef6d0b26,b72ed4ac16b70f7aba6c0a2291e3898e28c19265708131d709e68f23dda6546b,40,0,0,0.7825122387813833,0.9487179487179487,0.7081690318674199,0.9487179487179487,0.613650928611639,0.9487179487179487,0.13222791444242163,1.0
