problem,dim,seed,method,step,best_y,selected_y,known_optimum_y,normalized_regret,raw_pool_hash,proposal_hash
GMM,2,42,Target-Only,0,-0.39708442492990237,,-1.0001911515148465,1.0,,
GMM,2,42,Target-Only,1,-0.39708442492990237,-0.32470044970854983,-1.0001911515148465,1.0,704e82e91b4f0cfad55ad79a295844eac83805bdc51b1bf008d1f4331fbbfb29,0e93d9d0680517a0b2d3172d140f0f2573b8f7202f3cd3c59cd9b20b2f90c8a2
GMM,2,42,Target-Only,2,-0.39708442492990237,-0.001026882402314929,-1.0001911515148465,1.0,be2d8d3c126f393cc95f7e1f5d23feca3896f179f32043f2b1e7df4512da69f2,75f5690f6d62fc240455d77e384f25997a412f584f0c8cd80721e7894840e89b
GMM,2,42,Target-Only,3,-0.39708442492990237,-0.11888579481056201,-1.0001911515148465,1.0,307848844fc093923c6b9ea483c0d0a56afb9f0918bfeac4d76471409ed5043e,3945386c5386044a9fb0fe6677a0e2db5689b237ef5afccc1d613ec7e03a20e2
GMM,2,42,Target-Only,4,-0.39708442492990237,-0.008878777830345248,-1.0001911515148465,1.0,544b85a7f3de00e002b2c19897518e2b5d7f39abe9f308af3e368ee165ed27d5,dd4bdd7bb3a5568eec4fd59115722636c33133a58c1288c71c894e74a5de17d4
GMM,2,42,Target-Only,5,-0.5859948221605185,-0.5859948221605185,-1.0001911515148465,0.6867711983576937,8bca5bed70101639d4cef1ee50f608cee3d39c0d9994b4f75bec78907ae8096d,d5601d07e82c2ad0f604c091984970f15865db99c0824899db87c8cbadad16e5
GMM,2,42,Geometry-Only,0,-0.39708442492990237,,-1.0001911515148465,1.0,,
GMM,2,42,Geometry-Only,1,-0.39708442492990237,-0.17697828899251708,-1.0001911515148465,1.0,704e82e91b4f0cfad55ad79a295844eac83805bdc51b1bf008d1f4331fbbfb29,0e93d9d0680517a0b2d3172d140f0f2573b8f7202f3cd3c59cd9b20b2f90c8a2
GMM,2,42,Geometry-Only,2,-0.5061227538232028,-0.5061227538232028,-1.0001911515148465,0.8192055832129025,be2d8d3c126f393cc95f7e1f5d23feca3896f179f32043f2b1e7df4512da69f2,113bc8643190f7a621e237361f978e452a74ddaefa07e2d5e7b886e6d3eca3b6
GMM,2,42,Geometry-Only,3,-0.5061227538232028,-0.4781654790058174,-1.0001911515148465,0.8192055832129025,307848844fc093923c6b9ea483c0d0a56afb9f0918bfeac4d76471409ed5043e,9a679a1e6e41a9ec906bb563b38de48e6cc6f31a1eb16eb6912f97fbdbf8eca6
GMM,2,42,Geometry-Only,4,-0.5061227538232028,-0.01091356960036946,-1.0001911515148465,0.8192055832129025,544b85a7f3de00e002b2c19897518e2b5d7f39abe9f308af3e368ee165ed27d5,4b31d3dfc50fea20a369482a37073625c4e25c0d3eca3ef2982a2c672bb141c7
GMM,2,42,Geometry-Only,5,-0.5372780926594455,-0.5372780926594455,-1.0001911515148465,0.7675474977316512,8bca5bed70101639d4cef1ee50f608cee3d39c0d9994b4f75bec78907ae8096d,93d6a1185c6198ceeb5110d8e877ca5293b59e263a46e783c8ca757dfe6a3836
GMM,2,42,Local-Rank-No-Reliability,0,-0.39708442492990237,,-1.0001911515148465,1.0,,
GMM,2,42,Local-Rank-No-Reliability,1,-0.39708442492990237,-0.17697828899251708,-1.0001911515148465,1.0,704e82e91b4f0cfad55ad79a295844eac83805bdc51b1bf008d1f4331fbbfb29,0e93d9d0680517a0b2d3172d140f0f2573b8f7202f3cd3c59cd9b20b2f90c8a2
GMM,2,42,Local-Rank-No-Reliability,2,-0.5061227538232028,-0.5061227538232028,-1.0001911515148465,0.8192055832129025,be2d8d3c126f393cc95f7e1f5d23feca3896f179f32043f2b1e7df4512da69f2,113bc8643190f7a621e237361f978e452a74ddaefa07e2d5e7b886e6d3eca3b6
GMM,2,42,Local-Rank-No-Reliability,3,-0.5061227538232028,-0.4781654790058174,-1.0001911515148465,0.8192055832129025,307848844fc093923c6b9ea483c0d0a56afb9f0918bfeac4d76471409ed5043e,9a679a1e6e41a9ec906bb563b38de48e6cc6f31a1eb16eb6912f97fbdbf8eca6
GMM,2,42,Local-Rank-No-Reliability,4,-0.5061227538232028,-0.11651443230745827,-1.0001911515148465,0.8192055832129025,544b85a7f3de00e002b2c19897518e2b5d7f39abe9f308af3e368ee165ed27d5,4b31d3dfc50fea20a369482a37073625c4e25c0d3eca3ef2982a2c672bb141c7
GMM,2,42,Local-Rank-No-Reliability,5,-0.5372780926594455,-0.5372780926594455,-1.0001911515148465,0.7675474977316512,8bca5bed70101639d4cef1ee50f608cee3d39c0d9994b4f75bec78907ae8096d,056c367babd712f44c0628b3a40b23f0252db9355d31d2754572926475b83db8
GMM,2,42,Local-Rank+Reliability,0,-0.39708442492990237,,-1.0001911515148465,1.0,,
GMM,2,42,Local-Rank+Reliability,1,-0.39708442492990237,-0.17697828899251708,-1.0001911515148465,1.0,704e82e91b4f0cfad55ad79a295844eac83805bdc51b1bf008d1f4331fbbfb29,0e93d9d0680517a0b2d3172d140f0f2573b8f7202f3cd3c59cd9b20b2f90c8a2
GMM,2,42,Local-Rank+Reliability,2,-0.5061227538232028,-0.5061227538232028,-1.0001911515148465,0.8192055832129025,be2d8d3c126f393cc95f7e1f5d23feca3896f179f32043f2b1e7df4512da69f2,113bc8643190f7a621e237361f978e452a74ddaefa07e2d5e7b886e6d3eca3b6
GMM,2,42,Local-Rank+Reliability,3,-0.5061227538232028,-0.4781654790058174,-1.0001911515148465,0.8192055832129025,307848844fc093923c6b9ea483c0d0a56afb9f0918bfeac4d76471409ed5043e,9a679a1e6e41a9ec906bb563b38de48e6cc6f31a1eb16eb6912f97fbdbf8eca6
GMM,2,42,Local-Rank+Reliability,4,-0.5061227538232028,-0.11651443230745827,-1.0001911515148465,0.8192055832129025,544b85a7f3de00e002b2c19897518e2b5d7f39abe9f308af3e368ee165ed27d5,4b31d3dfc50fea20a369482a37073625c4e25c0d3eca3ef2982a2c672bb141c7
GMM,2,42,Local-Rank+Reliability,5,-0.5372780926594455,-0.5372780926594455,-1.0001911515148465,0.7675474977316512,8bca5bed70101639d4cef1ee50f608cee3d39c0d9994b4f75bec78907ae8096d,056c367babd712f44c0628b3a40b23f0252db9355d31d2754572926475b83db8
GMM,2,101,Target-Only,0,-0.3573922175677191,,-1.0001911515148465,1.0,,
GMM,2,101,Target-Only,1,-0.4775765485442462,-0.4775765485442462,-1.0001911515148465,0.8130296666198069,e8f153f1ce7776e7a7bdce747676d5f0727ea8326690b8535ab374c8ecd46ce4,8958679e785daf19f29870da45b64009f97c9b12775b937f6f7a6cdfef9db29d
GMM,2,101,Target-Only,2,-0.4775765485442462,-0.2747194351671811,-1.0001911515148465,0.8130296666198069,947413f064431a8791a34f89f245ddc3d07c1a82e3b1ba8d2015b8c61ca8e884,6b16ca7339717b6a2f4b491807e862ac81a5153e7ae700bf20ab168b600370b1
GMM,2,101,Target-Only,3,-0.4775765485442462,-0.15175935159212262,-1.0001911515148465,0.8130296666198069,948c7fe9dae17c55201b84f2f01354c29cab4c648a3aae2dc0f69512f6fc7a5a,e329a22f6c4d0a68472125a6aa3f37b3280b4f8fed1a91a92a41f7a3b36ff171
GMM,2,101,Target-Only,4,-0.4775765485442462,-0.2091803302472378,-1.0001911515148465,0.8130296666198069,650423a2ab815d551c24845c4303c334453ce76cc7bbdc0073a2abc66d67585a,4b796eacb2cd5406c1193daab4818615f12a01dd10bcbfea8ad9796adb8a45cc
GMM,2,101,Target-Only,5,-0.4775765485442462,-0.40979608292713715,-1.0001911515148465,0.8130296666198069,29a25064c2f25611b24504e27418a59fab64632747802db3a292e5bf1ab4b612,f43f5056a1ad7c4c763390fbd18de56542f2c05246ce0dd84c8c023a3e263c15
GMM,2,101,Geometry-Only,0,-0.3573922175677191,,-1.0001911515148465,1.0,,
GMM,2,101,Geometry-Only,1,-0.4775765485442462,-0.4775765485442462,-1.0001911515148465,0.8130296666198069,e8f153f1ce7776e7a7bdce747676d5f0727ea8326690b8535ab374c8ecd46ce4,8958679e785daf19f29870da45b64009f97c9b12775b937f6f7a6cdfef9db29d
GMM,2,101,Geometry-Only,2,-0.5290423681458288,-0.5290423681458288,-1.0001911515148465,0.732964475338989,947413f064431a8791a34f89f245ddc3d07c1a82e3b1ba8d2015b8c61ca8e884,6b16ca7339717b6a2f4b491807e862ac81a5153e7ae700bf20ab168b600370b1
GMM,2,101,Geometry-Only,3,-0.6730645248964106,-0.6730645248964106,-1.0001911515148465,0.508909721753433,948c7fe9dae17c55201b84f2f01354c29cab4c648a3aae2dc0f69512f6fc7a5a,2ae935bfb5ff45c8a44598ed6cc21252404636367309778215078bb612e07f98
GMM,2,101,Geometry-Only,4,-0.7835505420262665,-0.7835505420262665,-1.0001911515148465,0.3370270204996941,650423a2ab815d551c24845c4303c334453ce76cc7bbdc0073a2abc66d67585a,413f43bf088fb10b4d6081bc94e5bb60b57d42fa193b246048cbbcff5e914f84
GMM,2,101,Geometry-Only,5,-0.7835505420262665,-0.3845455545220935,-1.0001911515148465,0.3370270204996941,29a25064c2f25611b24504e27418a59fab64632747802db3a292e5bf1ab4b612,1d66b1659199a72dcada0fd277c4ec0937a9ba18ff8797cf3ce0b3f48641e1f6
GMM,2,101,Local-Rank-No-Reliability,0,-0.3573922175677191,,-1.0001911515148465,1.0,,
GMM,2,101,Local-Rank-No-Reliability,1,-0.4775765485442462,-0.4775765485442462,-1.0001911515148465,0.8130296666198069,e8f153f1ce7776e7a7bdce747676d5f0727ea8326690b8535ab374c8ecd46ce4,8958679e785daf19f29870da45b64009f97c9b12775b937f6f7a6cdfef9db29d
GMM,2,101,Local-Rank-No-Reliability,2,-0.5290423681458288,-0.5290423681458288,-1.0001911515148465,0.732964475338989,947413f064431a8791a34f89f245ddc3d07c1a82e3b1ba8d2015b8c61ca8e884,6b16ca7339717b6a2f4b491807e862ac81a5153e7ae700bf20ab168b600370b1
GMM,2,101,Local-Rank-No-Reliability,3,-0.6730645248964106,-0.6730645248964106,-1.0001911515148465,0.508909721753433,948c7fe9dae17c55201b84f2f01354c29cab4c648a3aae2dc0f69512f6fc7a5a,2ae935bfb5ff45c8a44598ed6cc21252404636367309778215078bb612e07f98
GMM,2,101,Local-Rank-No-Reliability,4,-0.7835505420262665,-0.7835505420262665,-1.0001911515148465,0.3370270204996941,650423a2ab815d551c24845c4303c334453ce76cc7bbdc0073a2abc66d67585a,413f43bf088fb10b4d6081bc94e5bb60b57d42fa193b246048cbbcff5e914f84
GMM,2,101,Local-Rank-No-Reliability,5,-0.7835505420262665,-0.3845455545220935,-1.0001911515148465,0.3370270204996941,29a25064c2f25611b24504e27418a59fab64632747802db3a292e5bf1ab4b612,1d66b1659199a72dcada0fd277c4ec0937a9ba18ff8797cf3ce0b3f48641e1f6
GMM,2,101,Local-Rank+Reliability,0,-0.3573922175677191,,-1.0001911515148465,1.0,,
GMM,2,101,Local-Rank+Reliability,1,-0.4775765485442462,-0.4775765485442462,-1.0001911515148465,0.8130296666198069,e8f153f1ce7776e7a7bdce747676d5f0727ea8326690b8535ab374c8ecd46ce4,8958679e785daf19f29870da45b64009f97c9b12775b937f6f7a6cdfef9db29d
GMM,2,101,Local-Rank+Reliability,2,-0.5290423681458288,-0.5290423681458288,-1.0001911515148465,0.732964475338989,947413f064431a8791a34f89f245ddc3d07c1a82e3b1ba8d2015b8c61ca8e884,6b16ca7339717b6a2f4b491807e862ac81a5153e7ae700bf20ab168b600370b1
GMM,2,101,Local-Rank+Reliability,3,-0.6730645248964106,-0.6730645248964106,-1.0001911515148465,0.508909721753433,948c7fe9dae17c55201b84f2f01354c29cab4c648a3aae2dc0f69512f6fc7a5a,2ae935bfb5ff45c8a44598ed6cc21252404636367309778215078bb612e07f98
GMM,2,101,Local-Rank+Reliability,4,-0.7835505420262665,-0.7835505420262665,-1.0001911515148465,0.3370270204996941,650423a2ab815d551c24845c4303c334453ce76cc7bbdc0073a2abc66d67585a,413f43bf088fb10b4d6081bc94e5bb60b57d42fa193b246048cbbcff5e914f84
GMM,2,101,Local-Rank+Reliability,5,-0.7835505420262665,-0.3845455545220935,-1.0001911515148465,0.3370270204996941,29a25064c2f25611b24504e27418a59fab64632747802db3a292e5bf1ab4b612,1d66b1659199a72dcada0fd277c4ec0937a9ba18ff8797cf3ce0b3f48641e1f6
Ackley,2,42,Target-Only,0,8.110079754966062,,4.440892098500626e-16,1.0,,
Ackley,2,42,Target-Only,1,8.110079754966062,10.254568958697794,4.440892098500626e-16,1.0,e2ac95c23ec98c9f25540cbc2accdf5af0ebabfd599706ca95c95995f277cc62,d424612c38c3a10dc3c6709c3cd5745afe28e12214006e667a431ba39ffd8681
Ackley,2,42,Target-Only,2,8.110079754966062,10.261228573688326,4.440892098500626e-16,1.0,ba42733f8b7e5abdcc5eb1014bd4d9c80b8595f2db6bb264e892f10a57c6b7af,d8b7c34aed0a7699c34c142a44732a438ee7a24c4a0bea43668ef1990f17d7c4
Ackley,2,42,Target-Only,3,8.110079754966062,9.917034245191852,4.440892098500626e-16,1.0,5d2c38dd7b656c6fa58b22f49762f1c46e3b4073f4d7ac334c4c9d12c16c68a9,e334b95c3294c155556c32c4850bc09d4203700f94b9798525e2f70aa071bca2
Ackley,2,42,Target-Only,4,8.110079754966062,8.52211809401037,4.440892098500626e-16,1.0,f3869aa4706ff407fedb3882de577e8cfec10c378d3147737a2effbc99267f3c,d047c082095bde6244c9809e082c173ca1816cb2b7bbefaf69c4621d178643b8
Ackley,2,42,Target-Only,5,7.019686284553444,7.019686284553444,4.440892098500626e-16,0.865550832623448,9dbaf0107712c5659e603a149ad575fe5627af841cff8d44998e8b1962fce975,544c6243161394264e3c5b7fcd4b1b16be61ef5d4c5391aaf256eea5ced01db4
Ackley,2,42,Geometry-Only,0,8.110079754966062,,4.440892098500626e-16,1.0,,
Ackley,2,42,Geometry-Only,1,5.155866420197206,5.155866420197206,4.440892098500626e-16,0.6357356001388401,e2ac95c23ec98c9f25540cbc2accdf5af0ebabfd599706ca95c95995f277cc62,d424612c38c3a10dc3c6709c3cd5745afe28e12214006e667a431ba39ffd8681
Ackley,2,42,Geometry-Only,2,5.155866420197206,5.381469347280941,4.440892098500626e-16,0.6357356001388401,ba42733f8b7e5abdcc5eb1014bd4d9c80b8595f2db6bb264e892f10a57c6b7af,23f83c054edcef1d6b9f019ed8f64cd628b60a92a154fbc47cacd0df9018a898
Ackley,2,42,Geometry-Only,3,5.155866420197206,8.973744519145493,4.440892098500626e-16,0.6357356001388401,5d2c38dd7b656c6fa58b22f49762f1c46e3b4073f4d7ac334c4c9d12c16c68a9,88cf29bca9c33566d36863954fdf19ef6862d9f7002fc632803221477736bbfe
Ackley,2,42,Geometry-Only,4,5.155866420197206,6.369493900912591,4.440892098500626e-16,0.6357356001388401,f3869aa4706ff407fedb3882de577e8cfec10c378d3147737a2effbc99267f3c,4090a651f9538ed2a2b39fab759a3be677410a3776ea92ea35fa993a0daca7db
Ackley,2,42,Geometry-Only,5,5.155866420197206,5.389744048695253,4.440892098500626e-16,0.6357356001388401,9dbaf0107712c5659e603a149ad575fe5627af841cff8d44998e8b1962fce975,403403ad00780c0bcc1faacadea6dde08cc1800c13ec96917259efd7a626ba8d
Ackley,2,42,Local-Rank-No-Reliability,0,8.110079754966062,,4.440892098500626e-16,1.0,,
Ackley,2,42,Local-Rank-No-Reliability,1,5.155866420197206,5.155866420197206,4.440892098500626e-16,0.6357356001388401,e2ac95c23ec98c9f25540cbc2accdf5af0ebabfd599706ca95c95995f277cc62,d424612c38c3a10dc3c6709c3cd5745afe28e12214006e667a431ba39ffd8681
Ackley,2,42,Local-Rank-No-Reliability,2,5.155866420197206,5.381469347280941,4.440892098500626e-16,0.6357356001388401,ba42733f8b7e5abdcc5eb1014bd4d9c80b8595f2db6bb264e892f10a57c6b7af,23f83c054edcef1d6b9f019ed8f64cd628b60a92a154fbc47cacd0df9018a898
Ackley,2,42,Local-Rank-No-Reliability,3,5.155866420197206,8.973744519145493,4.440892098500626e-16,0.6357356001388401,5d2c38dd7b656c6fa58b22f49762f1c46e3b4073f4d7ac334c4c9d12c16c68a9,88cf29bca9c33566d36863954fdf19ef6862d9f7002fc632803221477736bbfe
Ackley,2,42,Local-Rank-No-Reliability,4,5.155866420197206,6.369493900912591,4.440892098500626e-16,0.6357356001388401,f3869aa4706ff407fedb3882de577e8cfec10c378d3147737a2effbc99267f3c,4090a651f9538ed2a2b39fab759a3be677410a3776ea92ea35fa993a0daca7db
Ackley,2,42,Local-Rank-No-Reliability,5,5.155866420197206,5.389744048695253,4.440892098500626e-16,0.6357356001388401,9dbaf0107712c5659e603a149ad575fe5627af841cff8d44998e8b1962fce975,403403ad00780c0bcc1faacadea6dde08cc1800c13ec96917259efd7a626ba8d
Ackley,2,42,Local-Rank+Reliability,0,8.110079754966062,,4.440892098500626e-16,1.0,,
Ackley,2,42,Local-Rank+Reliability,1,5.155866420197206,5.155866420197206,4.440892098500626e-16,0.6357356001388401,e2ac95c23ec98c9f25540cbc2accdf5af0ebabfd599706ca95c95995f277cc62,d424612c38c3a10dc3c6709c3cd5745afe28e12214006e667a431ba39ffd8681
Ackley,2,42,Local-Rank+Reliability,2,5.155866420197206,5.381469347280941,4.440892098500626e-16,0.6357356001388401,ba42733f8b7e5abdcc5eb1014bd4d9c80b8595f2db6bb264e892f10a57c6b7af,23f83c054edcef1d6b9f019ed8f64cd628b60a92a154fbc47cacd0df9018a898
Ackley,2,42,Local-Rank+Reliability,3,5.155866420197206,8.973744519145493,4.440892098500626e-16,0.6357356001388401,5d2c38dd7b656c6fa58b22f49762f1c46e3b4073f4d7ac334c4c9d12c16c68a9,88cf29bca9c33566d36863954fdf19ef6862d9f7002fc632803221477736bbfe
Ackley,2,42,Local-Rank+Reliability,4,5.155866420197206,6.369493900912591,4.440892098500626e-16,0.6357356001388401,f3869aa4706ff407fedb3882de577e8cfec10c378d3147737a2effbc99267f3c,4090a651f9538ed2a2b39fab759a3be677410a3776ea92ea35fa993a0daca7db
Ackley,2,42,Local-Rank+Reliability,5,5.155866420197206,5.389744048695253,4.440892098500626e-16,0.6357356001388401,9dbaf0107712c5659e603a149ad575fe5627af841cff8d44998e8b1962fce975,403403ad00780c0bcc1faacadea6dde08cc1800c13ec96917259efd7a626ba8d
Ackley,2,101,Target-Only,0,7.644197546020068,,4.440892098500626e-16,1.0,,
Ackley,2,101,Target-Only,1,7.644197546020068,10.420305454015672,4.440892098500626e-16,1.0,a7649adf807a9ef5469cecabf5e29526a583d3a8277ecf9b450e64c53a0cf318,2ef93f4e4147460e5cf35c176316c5204e1796e5a78b67bda86cd37fce6b3136
Ackley,2,101,Target-Only,2,6.551231387460401,6.551231387460401,4.440892098500626e-16,0.8570201578413267,73bc9f70ab3d2cc407add9fbbb5e21b61bc3cd21152579713357b4ec2027ec62,f166d348680bdf0694384166101b467463614685fa9883da397963096206cf46
Ackley,2,101,Target-Only,3,6.551231387460401,10.835110087540624,4.440892098500626e-16,0.8570201578413267,3ac7034a8d1d991501bf97634e8a145aec693e01db1d03f7d63c22a8ccc0cd7b,6766da7b7bcb180444bb21fb5fa496fec8d3c8ea058b1fc74273ece502805ecd
Ackley,2,101,Target-Only,4,3.50633334742485,3.50633334742485,4.440892098500626e-16,0.45869214215302595,06d209ba3f737f1c3ae0d14fea4a7c7a8b7cb186aaa2a59fd7780a60f8c6336b,3c34b7ef083427b0e129a172e0243df2cf748dda3d14ef4445b117516d24487b
Ackley,2,101,Target-Only,5,1.131031125201169,1.131031125201169,4.440892098500626e-16,0.14795943176403611,7deab476cad3dfe3ba10429c9f44d130dae2a5903c9038d4aad143288889ff48,d8cf699ccc41ba8e1a4f08e671046b9281d0f642e4b8758979f657a25df25e1f
Ackley,2,101,Geometry-Only,0,7.644197546020068,,4.440892098500626e-16,1.0,,
Ackley,2,101,Geometry-Only,1,3.480584561291409,3.480584561291409,4.440892098500626e-16,0.45532373284931205,a7649adf807a9ef5469cecabf5e29526a583d3a8277ecf9b450e64c53a0cf318,2ef93f4e4147460e5cf35c176316c5204e1796e5a78b67bda86cd37fce6b3136
Ackley,2,101,Geometry-Only,2,3.480584561291409,4.080875274281535,4.440892098500626e-16,0.45532373284931205,73bc9f70ab3d2cc407add9fbbb5e21b61bc3cd21152579713357b4ec2027ec62,83fa6882b145dd5e00326839dae64eee7c53b0751c976efe1db2fcbe803add25
Ackley,2,101,Geometry-Only,3,3.480584561291409,6.533010610774301,4.440892098500626e-16,0.45532373284931205,3ac7034a8d1d991501bf97634e8a145aec693e01db1d03f7d63c22a8ccc0cd7b,2f7b9840ac42e77297af67b02d3162605862dfc3cc860d4323afb6fb602df0ae
Ackley,2,101,Geometry-Only,4,3.480584561291409,8.469491901194086,4.440892098500626e-16,0.45532373284931205,06d209ba3f737f1c3ae0d14fea4a7c7a8b7cb186aaa2a59fd7780a60f8c6336b,5d712ed7a6c5418987c2c3374d0a6da4052a4840b41292c5e928a4554cbfd94a
Ackley,2,101,Geometry-Only,5,3.2346648437583956,3.2346648437583956,4.440892098500626e-16,0.42315296331431346,7deab476cad3dfe3ba10429c9f44d130dae2a5903c9038d4aad143288889ff48,bbacccde7f8fb1f42581a610c181cda718051173fc5aa9fa68ea6b3b9111ffd5
Ackley,2,101,Local-Rank-No-Reliability,0,7.644197546020068,,4.440892098500626e-16,1.0,,
Ackley,2,101,Local-Rank-No-Reliability,1,6.070685707067639,6.070685707067639,4.440892098500626e-16,0.794156047187494,a7649adf807a9ef5469cecabf5e29526a583d3a8277ecf9b450e64c53a0cf318,2ef93f4e4147460e5cf35c176316c5204e1796e5a78b67bda86cd37fce6b3136
Ackley,2,101,Local-Rank-No-Reliability,2,2.4625074016528186,2.4625074016528186,4.440892098500626e-16,0.3221407331283473,73bc9f70ab3d2cc407add9fbbb5e21b61bc3cd21152579713357b4ec2027ec62,5b9f2ad66d59156e673977396347e94ebe01b0219aca7fd561821055d32b5490
Ackley,2,101,Local-Rank-No-Reliability,3,2.4625074016528186,2.7436031037695376,4.440892098500626e-16,0.3221407331283473,3ac7034a8d1d991501bf97634e8a145aec693e01db1d03f7d63c22a8ccc0cd7b,6fab83ef1a4d08709556d79a2588ef917fc60f43a4159b5ec10f640845610474
Ackley,2,101,Local-Rank-No-Reliability,4,2.4625074016528186,4.5357661158411595,4.440892098500626e-16,0.3221407331283473,06d209ba3f737f1c3ae0d14fea4a7c7a8b7cb186aaa2a59fd7780a60f8c6336b,e0a9ccdf9699d9cf85afd86f2f248d7801214564eea7819e237e81b0fcfcd6a3
Ackley,2,101,Local-Rank-No-Reliability,5,2.4625074016528186,4.532878437894425,4.440892098500626e-16,0.3221407331283473,7deab476cad3dfe3ba10429c9f44d130dae2a5903c9038d4aad143288889ff48,b89d898966e5556eb19045b6f065cc8bd0dd1b65b160733452bbc186d30883be
Ackley,2,101,Local-Rank+Reliability,0,7.644197546020068,,4.440892098500626e-16,1.0,,
Ackley,2,101,Local-Rank+Reliability,1,6.070685707067639,6.070685707067639,4.440892098500626e-16,0.794156047187494,a7649adf807a9ef5469cecabf5e29526a583d3a8277ecf9b450e64c53a0cf318,2ef93f4e4147460e5cf35c176316c5204e1796e5a78b67bda86cd37fce6b3136
Ackley,2,101,Local-Rank+Reliability,2,2.4625074016528186,2.4625074016528186,4.440892098500626e-16,0.3221407331283473,73bc9f70ab3d2cc407add9fbbb5e21b61bc3cd21152579713357b4ec2027ec62,5b9f2ad66d59156e673977396347e94ebe01b0219aca7fd561821055d32b5490
Ackley,2,101,Local-Rank+Reliability,3,2.4625074016528186,2.7436031037695376,4.440892098500626e-16,0.3221407331283473,3ac7034a8d1d991501bf97634e8a145aec693e01db1d03f7d63c22a8ccc0cd7b,6fab83ef1a4d08709556d79a2588ef917fc60f43a4159b5ec10f640845610474
Ackley,2,101,Local-Rank+Reliability,4,2.4625074016528186,4.5357661158411595,4.440892098500626e-16,0.3221407331283473,06d209ba3f737f1c3ae0d14fea4a7c7a8b7cb186aaa2a59fd7780a60f8c6336b,e0a9ccdf9699d9cf85afd86f2f248d7801214564eea7819e237e81b0fcfcd6a3
Ackley,2,101,Local-Rank+Reliability,5,2.4625074016528186,4.532878437894425,4.440892098500626e-16,0.3221407331283473,7deab476cad3dfe3ba10429c9f44d130dae2a5903c9038d4aad143288889ff48,b89d898966e5556eb19045b6f065cc8bd0dd1b65b160733452bbc186d30883be
