method,step,best_y,normalized_regret,filter_active,retained_fraction,compatibility_trust,problem,dim,seed
Target-Only,0,-0.12722582054929782,1.0,0.0,1.0,0.0,GMM,2,42
Target-Only,1,-0.12722582054929782,1.0,0.0,1.0,0.0,GMM,2,42
Target-Only,2,-0.20224759391117297,0.9140609933742765,0.0,1.0,0.0,GMM,2,42
Target-Only,3,-0.20224759391117297,0.9140609933742765,0.0,1.0,0.0,GMM,2,42
Target-Only,4,-0.24198507160224542,0.8685408836041434,0.0,1.0,0.0,GMM,2,42
Target-Only,5,-0.3412465032669889,0.7548348426609655,0.0,1.0,0.0,GMM,2,42
Matching-Fixed-Filter,0,-0.12722582054929782,1.0,0.0,1.0,0.0,GMM,2,42
Matching-Fixed-Filter,1,-0.12722582054929782,1.0,1.0,0.25,1.0,GMM,2,42
Matching-Fixed-Filter,2,-0.427605299748964,0.6559090395177211,1.0,0.25,1.0,GMM,2,42
Matching-Fixed-Filter,3,-0.427605299748964,0.6559090395177211,1.0,0.25,1.0,GMM,2,42
Matching-Fixed-Filter,4,-0.427605299748964,0.6559090395177211,1.0,0.25,1.0,GMM,2,42
Matching-Fixed-Filter,5,-0.5749899088050583,0.48707689484013267,1.0,0.25,1.0,GMM,2,42
Matching-Adaptive-Filter,0,-0.12722582054929782,1.0,0.0,1.0,0.0,GMM,2,42
Matching-Adaptive-Filter,1,-0.12722582054929782,1.0,1.0,0.85,0.22214285714281995,GMM,2,42
Matching-Adaptive-Filter,2,-0.20224759391117297,0.9140609933742765,1.0,0.85,0.2123051948051668,GMM,2,42
Matching-Adaptive-Filter,3,-0.20224759391117297,0.9140609933742765,1.0,0.8,0.2801587301587013,GMM,2,42
Matching-Adaptive-Filter,4,-0.24198507160224542,0.8685408836041434,1.0,0.8,0.28550824175821604,GMM,2,42
Matching-Adaptive-Filter,5,-0.48843993977738454,0.5862216901230618,1.0,0.75,0.34437229437226713,GMM,2,42
Random-Adaptive-Filter,0,-0.12722582054929782,1.0,0.0,1.0,0.0,GMM,2,42
Random-Adaptive-Filter,1,-0.12722582054929782,1.0,1.0,0.95,0.099999999999975,GMM,2,42
Random-Adaptive-Filter,2,-0.20224759391117297,0.9140609933742765,1.0,0.95,0.079999999999984,GMM,2,42
Random-Adaptive-Filter,3,-0.20224759391117297,0.9140609933742765,1.0,0.975,0.06666666666665555,GMM,2,42
Random-Adaptive-Filter,4,-0.24198507160224542,0.8685408836041434,1.0,0.975,0.05714285714284898,GMM,2,42
Random-Adaptive-Filter,5,-0.3412465032669889,0.7548348426609655,1.0,0.925,0.10042259327972626,GMM,2,42
Wrong-Adaptive-Filter,0,-0.12722582054929782,1.0,0.0,1.0,0.0,GMM,2,42
Wrong-Adaptive-Filter,1,-0.12722582054929782,1.0,1.0,0.825,0.25428571428567387,GMM,2,42
Wrong-Adaptive-Filter,2,-0.20224759391117297,0.9140609933742765,1.0,0.8,0.27291125541122196,GMM,2,42
Wrong-Adaptive-Filter,3,-0.5025023476288002,0.5701129085339214,1.0,0.85,0.21904761904759526,GMM,2,42
Wrong-Adaptive-Filter,4,-0.5025023476288002,0.5701129085339214,1.0,0.85,0.22380952380950278,GMM,2,42
Wrong-Adaptive-Filter,5,-0.5025023476288002,0.5701129085339214,1.0,0.875,0.18613687899400583,GMM,2,42
Oracle-Fixed-Filter,0,-0.12722582054929782,1.0,0.0,1.0,0.0,GMM,2,42
Oracle-Fixed-Filter,1,-0.12722582054929782,1.0,1.0,0.25,1.0,GMM,2,42
Oracle-Fixed-Filter,2,-0.12722582054929782,1.0,0.0,1.0,1.0,GMM,2,42
Oracle-Fixed-Filter,3,-0.12722582054929782,1.0,1.0,0.25,1.0,GMM,2,42
Oracle-Fixed-Filter,4,-0.6227948332057867,0.43231535654644876,1.0,0.25,1.0,GMM,2,42
Oracle-Fixed-Filter,5,-0.6227948332057867,0.43231535654644876,1.0,0.25,1.0,GMM,2,42
Matching-Soft-Rerank,0,-0.12722582054929782,1.0,0.0,1.0,,GMM,2,42
Matching-Soft-Rerank,1,-0.12722582054929782,1.0,0.0,1.0,,GMM,2,42
Matching-Soft-Rerank,2,-0.4612292608578298,0.617392090543727,0.0,1.0,,GMM,2,42
Matching-Soft-Rerank,3,-0.4612292608578298,0.617392090543727,0.0,1.0,,GMM,2,42
Matching-Soft-Rerank,4,-0.4612292608578298,0.617392090543727,0.0,1.0,,GMM,2,42
Matching-Soft-Rerank,5,-0.4612292608578298,0.617392090543727,0.0,1.0,,GMM,2,42
Target-Only,0,-0.31590510428679913,1.0,0.0,1.0,0.0,GMM,2,101
Target-Only,1,-0.31590510428679913,1.0,0.0,1.0,0.0,GMM,2,101
Target-Only,2,-0.5693057675360683,0.6296860585192963,0.0,1.0,0.0,GMM,2,101
Target-Only,3,-0.5693057675360683,0.6296860585192963,0.0,1.0,0.0,GMM,2,101
Target-Only,4,-0.5693057675360683,0.6296860585192963,0.0,1.0,0.0,GMM,2,101
Target-Only,5,-0.7346142470845576,0.3881080222315009,0.0,1.0,0.0,GMM,2,101
Matching-Fixed-Filter,0,-0.31590510428679913,1.0,0.0,1.0,0.0,GMM,2,101
Matching-Fixed-Filter,1,-0.5548021276389934,0.650881346594842,1.0,0.25,1.0,GMM,2,101
Matching-Fixed-Filter,2,-0.5548021276389934,0.650881346594842,1.0,0.25,1.0,GMM,2,101
Matching-Fixed-Filter,3,-0.5548021276389934,0.650881346594842,1.0,0.25,1.0,GMM,2,101
Matching-Fixed-Filter,4,-0.5548021276389934,0.650881346594842,1.0,0.25,1.0,GMM,2,101
Matching-Fixed-Filter,5,-0.7346142470845576,0.3881080222315009,1.0,0.25,1.0,GMM,2,101
Matching-Adaptive-Filter,0,-0.31590510428679913,1.0,0.0,1.0,0.0,GMM,2,101
Matching-Adaptive-Filter,1,-0.31590510428679913,1.0,1.0,0.85,0.21285714285710655,GMM,2,101
Matching-Adaptive-Filter,2,-0.5693057675360683,0.6296860585192963,1.0,0.85,0.2123051948051668,GMM,2,101
Matching-Adaptive-Filter,3,-0.5693057675360683,0.6296860585192963,1.0,0.85,0.21349206349204014,GMM,2,101
Matching-Adaptive-Filter,4,-0.5693057675360683,0.6296860585192963,1.0,0.85,0.20858516483514503,GMM,2,101
Matching-Adaptive-Filter,5,-0.7346142470845576,0.3881080222315009,1.0,0.825,0.2347866419294796,GMM,2,101
Random-Adaptive-Filter,0,-0.31590510428679913,1.0,0.0,1.0,0.0,GMM,2,101
Random-Adaptive-Filter,1,-0.31590510428679913,1.0,1.0,0.95,0.099999999999975,GMM,2,101
Random-Adaptive-Filter,2,-0.5693057675360683,0.6296860585192963,1.0,0.95,0.079999999999984,GMM,2,101
Random-Adaptive-Filter,3,-0.5693057675360683,0.6296860585192963,1.0,0.95,0.07301587301586139,GMM,2,101
Random-Adaptive-Filter,4,-0.5693057675360683,0.6296860585192963,1.0,0.95,0.08598901098900061,GMM,2,101
Random-Adaptive-Filter,5,-0.7346142470845576,0.3881080222315009,1.0,0.925,0.11955266955265834,GMM,2,101
Wrong-Adaptive-Filter,0,-0.31590510428679913,1.0,0.0,1.0,0.0,GMM,2,101
Wrong-Adaptive-Filter,1,-0.31590510428679913,1.0,1.0,0.825,0.23714285714281844,GMM,2,101
Wrong-Adaptive-Filter,2,-0.5693057675360683,0.6296860585192963,1.0,0.8,0.2764285714285376,GMM,2,101
Wrong-Adaptive-Filter,3,-0.5693057675360683,0.6296860585192963,1.0,0.8,0.2761904761904477,GMM,2,101
Wrong-Adaptive-Filter,4,-0.5693057675360683,0.6296860585192963,1.0,0.825,0.2486492673992445,GMM,2,101
Wrong-Adaptive-Filter,5,-0.7346142470845576,0.3881080222315009,1.0,0.875,0.19817563388990275,GMM,2,101
Oracle-Fixed-Filter,0,-0.31590510428679913,1.0,0.0,1.0,0.0,GMM,2,101
Oracle-Fixed-Filter,1,-0.31590510428679913,1.0,1.0,0.25,1.0,GMM,2,101
Oracle-Fixed-Filter,2,-0.45581161608767967,0.7955438191855241,1.0,0.25,1.0,GMM,2,101
Oracle-Fixed-Filter,3,-0.45581161608767967,0.7955438191855241,1.0,0.25,1.0,GMM,2,101
Oracle-Fixed-Filter,4,-0.45581161608767967,0.7955438191855241,1.0,0.25,1.0,GMM,2,101
Oracle-Fixed-Filter,5,-0.45581161608767967,0.7955438191855241,1.0,0.25,1.0,GMM,2,101
Matching-Soft-Rerank,0,-0.31590510428679913,1.0,0.0,1.0,,GMM,2,101
Matching-Soft-Rerank,1,-0.5548021276389934,0.650881346594842,0.0,1.0,,GMM,2,101
Matching-Soft-Rerank,2,-0.5548021276389934,0.650881346594842,0.0,1.0,,GMM,2,101
Matching-Soft-Rerank,3,-0.6523800628828991,0.5082831807558905,0.0,1.0,,GMM,2,101
Matching-Soft-Rerank,4,-0.6523800628828991,0.5082831807558905,0.0,1.0,,GMM,2,101
Matching-Soft-Rerank,5,-0.6523800628828991,0.5082831807558905,0.0,1.0,,GMM,2,101
Target-Only,0,8.09282858543249,1.0,0.0,1.0,0.0,Ackley,2,42
Target-Only,1,7.449515423493025,0.9205082431750177,0.0,1.0,0.0,Ackley,2,42
Target-Only,2,6.472820256918393,0.7998217420012829,0.0,1.0,0.0,Ackley,2,42
Target-Only,3,4.646049429429016,0.5740946296319862,0.0,1.0,0.0,Ackley,2,42
Target-Only,4,4.495924582308749,0.5555442741492937,0.0,1.0,0.0,Ackley,2,42
Target-Only,5,0.325479647225269,0.04021828014634447,0.0,1.0,0.0,Ackley,2,42
Matching-Fixed-Filter,0,8.09282858543249,1.0,0.0,1.0,0.0,Ackley,2,42
Matching-Fixed-Filter,1,7.449515423493025,0.9205082431750177,1.0,0.25,1.0,Ackley,2,42
Matching-Fixed-Filter,2,5.91341111190555,0.7306976849293453,1.0,0.25,1.0,Ackley,2,42
Matching-Fixed-Filter,3,4.07244708366499,0.5032167728098931,1.0,0.25,1.0,Ackley,2,42
Matching-Fixed-Filter,4,4.07244708366499,0.5032167728098931,1.0,0.25,1.0,Ackley,2,42
Matching-Fixed-Filter,5,0.325479647225269,0.04021828014634447,1.0,0.25,1.0,Ackley,2,42
Matching-Adaptive-Filter,0,8.09282858543249,1.0,0.0,1.0,0.0,Ackley,2,42
Matching-Adaptive-Filter,1,7.449515423493025,0.9205082431750177,1.0,0.9,0.16357142857139723,Ackley,2,42
Matching-Adaptive-Filter,2,6.472820256918393,0.7998217420012829,1.0,0.85,0.2123051948051668,Ackley,2,42
Matching-Adaptive-Filter,3,4.646049429429016,0.5740946296319862,1.0,0.8,0.28095238095235203,Ackley,2,42
Matching-Adaptive-Filter,4,4.495924582308749,0.5555442741492937,1.0,0.8,0.2758928571428322,Ackley,2,42
Matching-Adaptive-Filter,5,0.325479647225269,0.04021828014634447,1.0,0.825,0.2503710575138941,Ackley,2,42
Random-Adaptive-Filter,0,8.09282858543249,1.0,0.0,1.0,0.0,Ackley,2,42
Random-Adaptive-Filter,1,7.449515423493025,0.9205082431750177,0.0,1.0,0.10857142857140271,Ackley,2,42
Random-Adaptive-Filter,2,6.472820256918393,0.7998217420012829,1.0,0.95,0.079999999999984,Ackley,2,42
Random-Adaptive-Filter,3,4.646049429429016,0.5740946296319862,1.0,0.975,0.06666666666665555,Ackley,2,42
Random-Adaptive-Filter,4,4.495924582308749,0.5555442741492937,1.0,0.95,0.06996336996336082,Ackley,2,42
Random-Adaptive-Filter,5,0.325479647225269,0.04021828014634447,1.0,0.925,0.12215007215006074,Ackley,2,42
Wrong-Adaptive-Filter,0,8.09282858543249,1.0,0.0,1.0,0.0,Ackley,2,42
Wrong-Adaptive-Filter,1,7.449515423493025,0.9205082431750177,1.0,0.9,0.14071428571425665,Ackley,2,42
Wrong-Adaptive-Filter,2,6.472820256918393,0.7998217420012829,1.0,0.9,0.15521645021642738,Ackley,2,42
Wrong-Adaptive-Filter,3,4.646049429429016,0.5740946296319862,1.0,0.875,0.19365079365077198,Ackley,2,42
Wrong-Adaptive-Filter,4,4.495924582308749,0.5555442741492937,1.0,0.8,0.2758928571428322,Ackley,2,42
Wrong-Adaptive-Filter,5,0.325479647225269,0.04021828014634447,1.0,0.775,0.32878787878785265,Ackley,2,42
Oracle-Fixed-Filter,0,8.09282858543249,1.0,0.0,1.0,0.0,Ackley,2,42
Oracle-Fixed-Filter,1,6.623868242174126,0.8184861661468316,1.0,0.25,1.0,Ackley,2,42
Oracle-Fixed-Filter,2,4.5334004276480755,0.5601750215997939,1.0,0.25,1.0,Ackley,2,42
Oracle-Fixed-Filter,3,4.2337725736554574,0.5231511490650459,1.0,0.25,1.0,Ackley,2,42
Oracle-Fixed-Filter,4,4.2337725736554574,0.5231511490650459,1.0,0.25,1.0,Ackley,2,42
Oracle-Fixed-Filter,5,1.6712083467821057,0.20650484921803072,1.0,0.25,1.0,Ackley,2,42
Matching-Soft-Rerank,0,8.09282858543249,1.0,0.0,1.0,,Ackley,2,42
Matching-Soft-Rerank,1,7.449515423493025,0.9205082431750177,0.0,1.0,,Ackley,2,42
Matching-Soft-Rerank,2,7.228653980928067,0.8932172360526723,0.0,1.0,,Ackley,2,42
Matching-Soft-Rerank,3,3.5505325174432234,0.4387257780097264,0.0,1.0,,Ackley,2,42
Matching-Soft-Rerank,4,3.5505325174432234,0.4387257780097264,0.0,1.0,,Ackley,2,42
Matching-Soft-Rerank,5,1.6712083467821057,0.20650484921803072,0.0,1.0,,Ackley,2,42
Target-Only,0,5.67539244950752,1.0,0.0,1.0,0.0,Ackley,2,101
Target-Only,1,5.67539244950752,1.0,0.0,1.0,0.0,Ackley,2,101
Target-Only,2,5.67539244950752,1.0,0.0,1.0,0.0,Ackley,2,101
Target-Only,3,5.474864553510589,0.9646671313427265,0.0,1.0,0.0,Ackley,2,101
Target-Only,4,5.474864553510589,0.9646671313427265,0.0,1.0,0.0,Ackley,2,101
Target-Only,5,5.474864553510589,0.9646671313427265,0.0,1.0,0.0,Ackley,2,101
Matching-Fixed-Filter,0,5.67539244950752,1.0,0.0,1.0,0.0,Ackley,2,101
Matching-Fixed-Filter,1,5.67539244950752,1.0,1.0,0.25,1.0,Ackley,2,101
Matching-Fixed-Filter,2,5.67539244950752,1.0,1.0,0.25,1.0,Ackley,2,101
Matching-Fixed-Filter,3,5.67539244950752,1.0,1.0,0.25,1.0,Ackley,2,101
Matching-Fixed-Filter,4,5.67539244950752,1.0,1.0,0.25,1.0,Ackley,2,101
Matching-Fixed-Filter,5,5.357427985686964,0.9439748939567789,1.0,0.25,1.0,Ackley,2,101
Matching-Adaptive-Filter,0,5.67539244950752,1.0,0.0,1.0,0.0,Ackley,2,101
Matching-Adaptive-Filter,1,5.67539244950752,1.0,1.0,0.825,0.23357142857139024,Ackley,2,101
Matching-Adaptive-Filter,2,5.67539244950752,1.0,1.0,0.8,0.2861688311687965,Ackley,2,101
Matching-Adaptive-Filter,3,5.474864553510589,0.9646671313427265,1.0,0.775,0.3047619047618738,Ackley,2,101
Matching-Adaptive-Filter,4,5.474864553510589,0.9646671313427265,1.0,0.775,0.3231684981684696,Ackley,2,101
Matching-Adaptive-Filter,5,5.474864553510589,0.9646671313427265,1.0,0.75,0.34861884147595673,Ackley,2,101
Random-Adaptive-Filter,0,5.67539244950752,1.0,0.0,1.0,0.0,Ackley,2,101
Random-Adaptive-Filter,1,5.67539244950752,1.0,1.0,0.925,0.129999999999972,Ackley,2,101
Random-Adaptive-Filter,2,5.67539244950752,1.0,1.0,0.95,0.079999999999984,Ackley,2,101
Random-Adaptive-Filter,3,5.474864553510589,0.9646671313427265,1.0,0.95,0.07063492063490918,Ackley,2,101
Random-Adaptive-Filter,4,5.474864553510589,0.9646671313427265,1.0,0.9,0.15409798534796973,Ackley,2,101
Random-Adaptive-Filter,5,5.474864553510589,0.9646671313427265,1.0,0.85,0.23243661100802027,Ackley,2,101
Wrong-Adaptive-Filter,0,5.67539244950752,1.0,0.0,1.0,0.0,Ackley,2,101
Wrong-Adaptive-Filter,1,5.67539244950752,1.0,1.0,0.925,0.129999999999972,Ackley,2,101
Wrong-Adaptive-Filter,2,5.67539244950752,1.0,1.0,0.95,0.079999999999984,Ackley,2,101
Wrong-Adaptive-Filter,3,5.67539244950752,1.0,1.0,0.9,0.14761904761902978,Ackley,2,101
Wrong-Adaptive-Filter,4,5.67539244950752,1.0,1.0,0.925,0.12765567765566405,Ackley,2,101
Wrong-Adaptive-Filter,5,5.396588946909592,0.9508750266913928,1.0,0.925,0.12309833024117592,Ackley,2,101
Oracle-Fixed-Filter,0,5.67539244950752,1.0,0.0,1.0,0.0,Ackley,2,101
Oracle-Fixed-Filter,1,5.67539244950752,1.0,1.0,0.25,1.0,Ackley,2,101
Oracle-Fixed-Filter,2,5.67539244950752,1.0,1.0,0.25,1.0,Ackley,2,101
Oracle-Fixed-Filter,3,5.67539244950752,1.0,1.0,0.25,1.0,Ackley,2,101
Oracle-Fixed-Filter,4,5.67539244950752,1.0,1.0,0.25,1.0,Ackley,2,101
Oracle-Fixed-Filter,5,5.67539244950752,1.0,1.0,0.25,1.0,Ackley,2,101
Matching-Soft-Rerank,0,5.67539244950752,1.0,0.0,1.0,,Ackley,2,101
Matching-Soft-Rerank,1,5.67539244950752,1.0,0.0,1.0,,Ackley,2,101
Matching-Soft-Rerank,2,5.67539244950752,1.0,0.0,1.0,,Ackley,2,101
Matching-Soft-Rerank,3,5.67539244950752,1.0,0.0,1.0,,Ackley,2,101
Matching-Soft-Rerank,4,5.67539244950752,1.0,0.0,1.0,,Ackley,2,101
Matching-Soft-Rerank,5,5.67539244950752,1.0,0.0,1.0,,Ackley,2,101
