method,initial_best_y,final_best_y,known_optimum_y,total_improvement,final_normalized_regret,n_regions,filter_activation_rate,mean_retained_fraction,mean_compatibility_trust,problem,dim,seed
Target-Only,-0.12722582054929782,-0.7934707969989845,-1.0001911515148465,0.6662449764496867,0.23680247907121085,0,0.0,1.0,0.0,GMM,2,42
Matching-Fixed-Filter,-0.12722582054929782,-0.7986302165633931,-1.0001911515148465,0.6714043960140952,0.23089225631505403,6,1.0,0.25,1.0,GMM,2,42
Matching-Adaptive-Filter,-0.12722582054929782,-0.7986302165633931,-1.0001911515148465,0.6714043960140952,0.23089225631505403,6,1.0,0.7615000000000001,0.32380134302113023,GMM,2,42
Random-Adaptive-Filter,-0.12722582054929782,-0.7934707969989845,-1.0001911515148465,0.6662449764496867,0.23680247907121085,6,0.2,0.99,0.03884024640739813,GMM,2,42
Wrong-Adaptive-Filter,-0.12722582054929782,-0.909030299856859,-1.0001911515148465,0.7818044793075611,0.10442665753651231,8,1.0,0.7675000000000001,0.316945358433784,GMM,2,42
Oracle-Fixed-Filter,-0.12722582054929782,-0.9971765972623703,-1.0001911515148465,0.8699507767130725,0.0034532347912854026,1,0.7,0.475,1.0,GMM,2,42
Matching-Soft-Rerank,-0.12722582054929782,-0.9950128682448536,-1.0001911515148465,0.8677870476955558,0.005931831524472398,6,0.0,1.0,,GMM,2,42
Target-Only,-0.31590510428679913,-0.9963027284496863,-1.0001911515148465,0.6803976241628871,0.005682452653991309,0,0.0,1.0,0.0,GMM,2,101
Matching-Fixed-Filter,-0.31590510428679913,-0.989867530015028,-1.0001911515148465,0.6739624257282288,0.015086704663405164,7,0.95,0.2875,1.0,GMM,2,101
Matching-Adaptive-Filter,-0.31590510428679913,-0.989867530015028,-1.0001911515148465,0.6739624257282288,0.015086704663405164,7,1.0,0.759,0.32886255107628376,GMM,2,101
Random-Adaptive-Filter,-0.31590510428679913,-0.9963027284496863,-1.0001911515148465,0.6803976241628871,0.005682452653991309,7,0.9,0.9410000000000001,0.08911729311067737,GMM,2,101
Wrong-Adaptive-Filter,-0.31590510428679913,-0.9850065199928044,-1.0001911515148465,0.6691014157060053,0.02219047368209979,5,1.0,0.828,0.23628232351097803,GMM,2,101
Oracle-Fixed-Filter,-0.31590510428679913,-1.0000532300678118,-1.0001911515148465,0.6841481257810127,0.00020155525250504442,1,0.85,0.3625,1.0,GMM,2,101
Matching-Soft-Rerank,-0.31590510428679913,-0.9972385180457353,-1.0001911515148465,0.6813334137589362,0.004314911112205139,7,0.0,1.0,,GMM,2,101
Target-Only,-0.44113973547464025,-0.9995378814428538,-1.0001911515148465,0.5583981459682136,0.001168533078083986,0,0.0,1.0,0.0,GMM,2,2026
Matching-Fixed-Filter,-0.44113973547464025,-0.9942533510379904,-1.0001911515148465,0.5531136155633501,0.01062120639799804,6,1.0,0.25,1.0,GMM,2,2026
Matching-Adaptive-Filter,-0.44113973547464025,-0.997815037673707,-1.0001911515148465,0.5566753021990668,0.004250259945622894,6,0.95,0.7834999999999999,0.30981635461726803,GMM,2,2026
Random-Adaptive-Filter,-0.44113973547464025,-0.9995378814428538,-1.0001911515148465,0.5583981459682136,0.001168533078083986,6,0.75,0.9510000000000002,0.07947274420488333,GMM,2,2026
Wrong-Adaptive-Filter,-0.44113973547464025,-0.9987989432786919,-1.0001911515148465,0.5576592078040516,0.0024903044625406616,6,1.0,0.817,0.24901638767302905,GMM,2,2026
Oracle-Fixed-Filter,-0.44113973547464025,-0.9995378814428538,-1.0001911515148465,0.5583981459682136,0.001168533078083986,1,0.75,0.4375,1.0,GMM,2,2026
Matching-Soft-Rerank,-0.44113973547464025,-0.9953164372453508,-1.0001911515148465,0.5541767017707105,0.008719617068540119,6,0.0,1.0,,GMM,2,2026
Target-Only,-0.3884013480858283,-0.5982061359289478,-1.0001911515148465,0.20980478784311946,0.6570639349214625,0,0.0,1.0,0.0,GMM,2,777
Matching-Fixed-Filter,-0.3884013480858283,-0.7605791148245632,-1.0001911515148465,0.37217776673873487,0.3916574538301926,8,0.95,0.2875,1.0,GMM,2,777
Matching-Adaptive-Filter,-0.3884013480858283,-0.9953589458776269,-1.0001911515148465,0.6069575977917985,0.007898473642639408,8,1.0,0.7635,0.32110734161422966,GMM,2,777
Random-Adaptive-Filter,-0.3884013480858283,-0.5982061359289478,-1.0001911515148465,0.20980478784311946,0.6570639349214625,8,0.8,0.906,0.13628966734353648,GMM,2,777
Wrong-Adaptive-Filter,-0.3884013480858283,-0.9953589458776269,-1.0001911515148465,0.6069575977917985,0.007898473642639408,8,1.0,0.7260000000000001,0.37134958280942926,GMM,2,777
Oracle-Fixed-Filter,-0.3884013480858283,-0.5982061359289478,-1.0001911515148465,0.20980478784311946,0.6570639349214625,1,0.8,0.4,1.0,GMM,2,777
Matching-Soft-Rerank,-0.3884013480858283,-0.9977988023306982,-1.0001911515148465,0.6093974542448699,0.003910410357837701,8,0.0,1.0,,GMM,2,777
Target-Only,-0.3268164866395131,-0.8486105659824643,-1.0001911515148465,0.5217940793429512,0.2251058637028546,0,0.0,1.0,0.0,GMM,2,999
Matching-Fixed-Filter,-0.3268164866395131,-0.7963258944388402,-1.0001911515148465,0.46950940779932704,0.30275159983001343,8,1.0,0.25,1.0,GMM,2,999
Matching-Adaptive-Filter,-0.3268164866395131,-0.7953259809754177,-1.0001911515148465,0.4685094943359046,0.3042365286750979,8,1.0,0.6955000000000001,0.41200252745848276,GMM,2,999
Random-Adaptive-Filter,-0.3268164866395131,-0.8486105659824643,-1.0001911515148465,0.5217940793429512,0.2251058637028546,8,0.2,0.9884999999999999,0.039765195301096914,GMM,2,999
Wrong-Adaptive-Filter,-0.3268164866395131,-0.7999537574853679,-1.0001911515148465,0.4731372708458548,0.2973640151230667,8,1.0,0.7705,0.3131898348423047,GMM,2,999
Oracle-Fixed-Filter,-0.3268164866395131,-0.7979898996771809,-1.0001911515148465,0.4711734130376678,0.30028045660895264,1,0.7,0.475,1.0,GMM,2,999
Matching-Soft-Rerank,-0.3268164866395131,-0.9994270081229234,-1.0001911515148465,0.6726105214834103,0.0011347967658756084,8,0.0,1.0,,GMM,2,999
Target-Only,-0.312979328576134,-0.6315410052204168,-1.0001911515148465,0.3185616766442828,0.5364432537233966,0,0.0,1.0,0.0,GMM,2,1234
Matching-Fixed-Filter,-0.312979328576134,-0.7996914204454033,-1.0001911515148465,0.48671209186926934,0.2917582677958733,8,0.95,0.2875,1.0,GMM,2,1234
Matching-Adaptive-Filter,-0.312979328576134,-0.6493553579475745,-1.0001911515148465,0.3363760293714405,0.5105206020277688,8,0.95,0.7529999999999999,0.35499397749646755,GMM,2,1234
Random-Adaptive-Filter,-0.312979328576134,-0.6315410052204168,-1.0001911515148465,0.3185616766442828,0.5364432537233966,8,0.2,0.99,0.03815782354492332,GMM,2,1234
Wrong-Adaptive-Filter,-0.312979328576134,-0.7967279490950108,-1.0001911515148465,0.4837486205188768,0.2960705791553024,7,1.0,0.7020000000000001,0.40489887922534296,GMM,2,1234
Oracle-Fixed-Filter,-0.312979328576134,-0.5982223203846972,-1.0001911515148465,0.2852429918085633,0.584927118120897,1,0.65,0.5125,1.0,GMM,2,1234
Matching-Soft-Rerank,-0.312979328576134,-0.798819747874854,-1.0001911515148465,0.48584041929872,0.2930266868501641,8,0.0,1.0,,GMM,2,1234
Target-Only,-0.6023376463185987,-0.9983775212173591,-1.0001911515148465,0.39603987489876047,0.004558537938713837,0,0.0,1.0,0.0,GMM,2,5678
Matching-Fixed-Filter,-0.6023376463185987,-1.0000628123889497,-1.0001911515148465,0.397725166070351,0.00032257884930163034,8,1.0,0.25,1.0,GMM,2,5678
Matching-Adaptive-Filter,-0.6023376463185987,-1.000134365736818,-1.0001911515148465,0.39779671941821937,0.00014273037006540409,8,1.0,0.7180000000000001,0.382758391513899,GMM,2,5678
Random-Adaptive-Filter,-0.6023376463185987,-0.9983775212173591,-1.0001911515148465,0.39603987489876047,0.004558537938713837,8,0.2,0.99,0.038922156331123066,GMM,2,5678
Wrong-Adaptive-Filter,-0.6023376463185987,-0.9996600720128263,-1.0001911515148465,0.3973224256942276,0.0013348619405986752,7,1.0,0.7729999999999999,0.3086527524643251,GMM,2,5678
Oracle-Fixed-Filter,-0.6023376463185987,-1.0000628123889497,-1.0001911515148465,0.397725166070351,0.00032257884930163034,1,0.75,0.4375,1.0,GMM,2,5678
Matching-Soft-Rerank,-0.6023376463185987,-0.9976775032285307,-1.0001911515148465,0.395339856909932,0.0063180247339430645,8,0.0,1.0,,GMM,2,5678
Target-Only,-0.6188503701506838,-0.9959005090119093,-1.0001911515148465,0.3770501388612255,0.011251465126778137,0,0.0,1.0,0.0,GMM,2,8888
Matching-Fixed-Filter,-0.6188503701506838,-0.9969691467553687,-1.0001911515148465,0.37811877660468496,0.00844914815549427,7,1.0,0.25,1.0,GMM,2,8888
Matching-Adaptive-Filter,-0.6188503701506838,-0.9973559195071172,-1.0001911515148465,0.37850554935643344,0.007434903756128217,7,1.0,0.7015000000000001,0.40526517590724626,GMM,2,8888
Random-Adaptive-Filter,-0.6188503701506838,-0.9959005090119093,-1.0001911515148465,0.3770501388612255,0.011251465126778137,7,0.55,0.9494999999999999,0.08606822057931954,GMM,2,8888
Wrong-Adaptive-Filter,-0.6188503701506838,-0.9959005090119093,-1.0001911515148465,0.3770501388612255,0.011251465126778137,6,0.7,0.9535000000000002,0.07815646658933827,GMM,2,8888
Oracle-Fixed-Filter,-0.6188503701506838,-0.9990119545732163,-1.0001911515148465,0.38016158442253256,0.003092239275882948,1,0.65,0.5125,1.0,GMM,2,8888
Matching-Soft-Rerank,-0.6188503701506838,-0.9984235341137572,-1.0001911515148465,0.3795731639630734,0.0046352697835412866,7,0.0,1.0,,GMM,2,8888
Target-Only,29.314341565150336,18.039370470505343,0.0,11.274971094644993,0.615376962515543,0,0.0,1.0,0.0,Rastrigin,2,42
Matching-Fixed-Filter,29.314341565150336,2.340938159733099,0.0,26.973403405417237,0.07985641275723103,4,1.0,0.25,1.0,Rastrigin,2,42
Matching-Adaptive-Filter,29.314341565150336,13.32126160475418,0.0,15.993079960396155,0.4544281363150537,4,1.0,0.818,0.2494424991344386,Rastrigin,2,42
Random-Adaptive-Filter,29.314341565150336,18.039370470505343,0.0,11.274971094644993,0.615376962515543,4,1.0,0.9105000000000001,0.12533056669764445,Rastrigin,2,42
Wrong-Adaptive-Filter,29.314341565150336,2.020467936827341,0.0,27.293873628322995,0.06892421350610606,6,1.0,0.9335000000000001,0.09531784062380144,Rastrigin,2,42
Oracle-Fixed-Filter,29.314341565150336,18.039370470505343,0.0,11.274971094644993,0.615376962515543,1,0.05,0.9625,0.05,Rastrigin,2,42
Matching-Soft-Rerank,29.314341565150336,2.477573045779142,0.0,26.836768519371194,0.08451743800121869,4,0.0,1.0,,Rastrigin,2,42
Target-Only,20.840408205090856,18.552213206649697,0.0,2.28819499844116,0.8902039261456403,0,0.0,1.0,0.0,Rastrigin,2,101
Matching-Fixed-Filter,20.840408205090856,18.87477914208345,0.0,1.9656290630074054,0.9056818348439429,5,1.0,0.25,1.0,Rastrigin,2,101
Matching-Adaptive-Filter,20.840408205090856,6.156678387646528,0.0,14.683729817444329,0.2954202397121274,5,1.0,0.7585,0.3287571845333298,Rastrigin,2,101
Random-Adaptive-Filter,20.840408205090856,8.423153499496559,0.0,12.417254705594297,0.40417411293503197,5,1.0,0.909,0.12873559663000894,Rastrigin,2,101
Wrong-Adaptive-Filter,20.840408205090856,16.94610642898226,0.0,3.8943017761085947,0.8131369722807396,5,1.0,0.8115,0.2579429459512807,Rastrigin,2,101
Oracle-Fixed-Filter,20.840408205090856,2.6175347644182807,0.0,18.222873440672576,0.12559901603937268,1,0.65,0.5125,0.65,Rastrigin,2,101
Matching-Soft-Rerank,20.840408205090856,2.137202633733274,0.0,18.703205571357582,0.10255090076456383,5,0.0,1.0,,Rastrigin,2,101
Target-Only,25.58255184211822,9.200754224310305,0.0,16.381797617807916,0.35964958777734224,0,0.0,1.0,0.0,Rastrigin,2,2026
Matching-Fixed-Filter,25.58255184211822,2.1673965905444845,0.0,23.415155251573736,0.08472167295586824,6,1.0,0.25,1.0,Rastrigin,2,2026
Matching-Adaptive-Filter,25.58255184211822,10.369212912991655,0.0,15.213338929126566,0.40532363530365817,6,1.0,0.8959999999999999,0.14635483911333186,Rastrigin,2,2026
Random-Adaptive-Filter,25.58255184211822,9.200754224310305,0.0,16.381797617807916,0.35964958777734224,6,0.5,0.974,0.05233388121662156,Rastrigin,2,2026
Wrong-Adaptive-Filter,25.58255184211822,8.293296292729273,0.0,17.289255549388947,0.32417783589029925,6,1.0,0.9199999999999999,0.11357762179016324,Rastrigin,2,2026
Oracle-Fixed-Filter,25.58255184211822,9.200754224310305,0.0,16.381797617807916,0.35964958777734224,1,0.0,1.0,0.0,Rastrigin,2,2026
Matching-Soft-Rerank,25.58255184211822,4.096128693239436,0.0,21.486423148878785,0.16011415587149178,6,0.0,1.0,,Rastrigin,2,2026
Target-Only,33.46124056367456,1.4039306861986134,0.0,32.057309877475944,0.04195692277239467,0,0.0,1.0,0.0,Rastrigin,2,777
Matching-Fixed-Filter,33.46124056367456,2.078142699452865,0.0,31.383097864221693,0.062105966917105036,6,1.0,0.25,1.0,Rastrigin,2,777
Matching-Adaptive-Filter,33.46124056367456,0.11452248287917399,0.0,33.346718080795384,0.0034225414524379385,6,1.0,0.7865,0.2906469181173336,Rastrigin,2,777
Random-Adaptive-Filter,33.46124056367456,1.589408260924202,0.0,31.871832302750356,0.04749998010084718,6,1.0,0.849,0.20802410738857396,Rastrigin,2,777
Wrong-Adaptive-Filter,33.46124056367456,2.0697728673315368,0.0,31.39146769634302,0.06185583177625749,6,1.0,0.8020000000000002,0.2701834166766127,Rastrigin,2,777
Oracle-Fixed-Filter,33.46124056367456,1.2089778402116522,0.0,32.252262723462906,0.03613069389675037,1,0.85,0.3625,1.0,Rastrigin,2,777
Matching-Soft-Rerank,33.46124056367456,3.0952823542377104,0.0,30.365958209436847,0.09250351457674111,6,0.0,1.0,,Rastrigin,2,777
Target-Only,9.373441151920805,5.708458456455778,0.0,3.664982695465026,0.6090034987082628,0,0.0,1.0,0.0,Rastrigin,2,999
Matching-Fixed-Filter,9.373441151920805,3.2209924212932606,0.0,6.152448730627544,0.3436296626915095,6,1.0,0.25,1.0,Rastrigin,2,999
Matching-Adaptive-Filter,9.373441151920805,5.708458456455778,0.0,3.664982695465026,0.6090034987082628,6,1.0,0.7464999999999999,0.3434639160222348,Rastrigin,2,999
Random-Adaptive-Filter,9.373441151920805,5.708458456455778,0.0,3.664982695465026,0.6090034987082628,6,0.5,0.9765,0.05371213239402698,Rastrigin,2,999
Wrong-Adaptive-Filter,9.373441151920805,9.373441151920805,0.0,0.0,1.0,6,1.0,0.885,0.16181858946982275,Rastrigin,2,999
Oracle-Fixed-Filter,9.373441151920805,2.2150341995191063,0.0,7.158406952401698,0.23630960749833071,1,0.6,0.55,0.75,Rastrigin,2,999
Matching-Soft-Rerank,9.373441151920805,2.01692434172962,0.0,7.356516810191184,0.21517437502835468,6,0.0,1.0,,Rastrigin,2,999
Target-Only,27.223154780032264,9.72298400784549,0.0,17.500170772186774,0.3571586058415661,0,0.0,1.0,0.0,Rastrigin,2,1234
Matching-Fixed-Filter,27.223154780032264,4.013068505964629,0.0,23.210086274067635,0.14741379308867422,6,1.0,0.25,1.0,Rastrigin,2,1234
Matching-Adaptive-Filter,27.223154780032264,10.041417463431532,0.0,17.18173731660073,0.36885576064081843,6,1.0,0.796,0.2799166661471632,Rastrigin,2,1234
Random-Adaptive-Filter,27.223154780032264,2.062672115588196,0.0,25.160482664444068,0.07576903309902687,6,1.0,0.8035,0.26872890433586266,Rastrigin,2,1234
Wrong-Adaptive-Filter,27.223154780032264,8.96509935373079,0.0,18.258055426301475,0.3293188987892962,6,0.45,0.9490000000000001,0.08287933003812772,Rastrigin,2,1234
Oracle-Fixed-Filter,27.223154780032264,9.72298400784549,0.0,17.500170772186774,0.3571586058415661,1,0.0,1.0,0.0,Rastrigin,2,1234
Matching-Soft-Rerank,27.223154780032264,2.1669181004422313,0.0,25.056236679590032,0.07959834625895858,6,0.0,1.0,,Rastrigin,2,1234
Target-Only,25.160231588988044,11.514116920083229,0.0,13.646114668904815,0.45763159529591324,0,0.0,1.0,0.0,Rastrigin,2,5678
Matching-Fixed-Filter,25.160231588988044,5.881693646793291,0.0,19.278537942194752,0.23376945581723302,6,1.0,0.25,1.0,Rastrigin,2,5678
Matching-Adaptive-Filter,25.160231588988044,5.146972402707389,0.0,20.013259186280656,0.20456776737142915,6,1.0,0.8460000000000001,0.2127577251407454,Rastrigin,2,5678
Random-Adaptive-Filter,25.160231588988044,11.514116920083229,0.0,13.646114668904815,0.45763159529591324,6,0.2,0.99,0.03801916355506531,Rastrigin,2,5678
Wrong-Adaptive-Filter,25.160231588988044,7.218654202830194,0.0,17.94157738615785,0.28690730358736466,6,1.0,0.8469999999999999,0.21210759367906823,Rastrigin,2,5678
Oracle-Fixed-Filter,25.160231588988044,2.3198549669272346,0.0,22.84037662206081,0.09220324378661811,1,0.6,0.55,1.0,Rastrigin,2,5678
Matching-Soft-Rerank,25.160231588988044,1.5184938428354755,0.0,23.641737746152568,0.060352935841023,6,0.0,1.0,,Rastrigin,2,5678
Target-Only,25.755459761471744,25.15867725057879,0.0,0.5967825108929539,0.976828893119365,0,0.0,1.0,0.0,Rastrigin,2,8888
Matching-Fixed-Filter,25.755459761471744,5.05882189017823,0.0,20.696637871293515,0.19641745622207263,6,1.0,0.25,1.0,Rastrigin,2,8888
Matching-Adaptive-Filter,25.755459761471744,4.15282243240234,0.0,21.602637329069402,0.16124046982126308,6,1.0,0.8015000000000001,0.2720393403521292,Rastrigin,2,8888
Random-Adaptive-Filter,25.755459761471744,22.629753755171347,0.0,3.1257060063003976,0.8786390910801669,6,1.0,0.924,0.1078443204898339,Rastrigin,2,8888
Wrong-Adaptive-Filter,25.755459761471744,12.499011967926617,0.0,13.256447793545128,0.48529562600253834,5,1.0,0.8215,0.24530060986348934,Rastrigin,2,8888
Oracle-Fixed-Filter,25.755459761471744,25.15867725057879,0.0,0.5967825108929539,0.976828893119365,1,0.0,1.0,0.0,Rastrigin,2,8888
Matching-Soft-Rerank,25.755459761471744,5.059260114938958,0.0,20.696199646532786,0.19643447105173542,6,0.0,1.0,,Rastrigin,2,8888
Target-Only,19.212009816103823,3.4764532181013497,0.0,15.735556598002473,0.1809520842107487,0,0.0,1.0,0.0,Lunacek,2,42
Matching-Fixed-Filter,19.212009816103823,10.604291198890472,0.0,8.60771861721335,0.5519615750977693,6,1.0,0.25,1.0,Lunacek,2,42
Matching-Adaptive-Filter,19.212009816103823,3.4764532181013497,0.0,15.735556598002473,0.1809520842107487,6,1.0,0.867,0.18568660775434007,Lunacek,2,42
Random-Adaptive-Filter,19.212009816103823,2.926420904750367,0.0,16.285588911353457,0.1523224760325384,6,0.5,0.9570000000000001,0.07567996558231078,Lunacek,2,42
Wrong-Adaptive-Filter,19.212009816103823,3.4764532181013497,0.0,15.735556598002473,0.1809520842107487,6,0.95,0.9195,0.11383717372810717,Lunacek,2,42
Oracle-Fixed-Filter,19.212009816103823,3.433593094099057,0.0,15.778416722004765,0.17872118154035935,1,0.7,0.475,1.0,Lunacek,2,42
Matching-Soft-Rerank,19.212009816103823,2.582239096174573,0.0,16.62977071992925,0.13440754615949121,6,0.0,1.0,,Lunacek,2,42
Target-Only,4.869941703257785,2.9622211156001614,0.0,1.9077205876576238,0.6082662372772473,0,0.0,1.0,0.0,Lunacek,2,101
Matching-Fixed-Filter,4.869941703257785,3.5446459764909597,0.0,1.3252957267668255,0.727862096197115,5,1.0,0.25,1.0,Lunacek,2,101
Matching-Adaptive-Filter,4.869941703257785,3.523692297145434,0.0,1.346249406112351,0.7235594411301131,5,0.35,0.9775,0.0504429752581377,Lunacek,2,101
Random-Adaptive-Filter,4.869941703257785,3.932837245310643,0.0,0.9371044579471421,0.807573783209713,5,0.5,0.9685,0.061489214693480475,Lunacek,2,101
Wrong-Adaptive-Filter,4.869941703257785,3.523692297145434,0.0,1.346249406112351,0.7235594411301131,6,0.3,0.984,0.04698320859189159,Lunacek,2,101
Oracle-Fixed-Filter,4.869941703257785,2.9622211156001614,0.0,1.9077205876576238,0.6082662372772473,1,0.0,1.0,0.0,Lunacek,2,101
Matching-Soft-Rerank,4.869941703257785,2.158896792798472,0.0,2.711044910459313,0.44331060294916086,5,0.0,1.0,,Lunacek,2,101
Target-Only,10.533262831239806,7.320631870483009,0.0,3.2126309607567975,0.695001348373393,0,0.0,1.0,0.0,Lunacek,2,2026
Matching-Fixed-Filter,10.533262831239806,2.4951959287130734,0.0,8.038066902526733,0.23688727497739454,5,1.0,0.25,1.0,Lunacek,2,2026
Matching-Adaptive-Filter,10.533262831239806,0.5931510651888046,0.0,9.940111766051002,0.05631218689707644,5,0.9,0.9065,0.1352779532972726,Lunacek,2,2026
Random-Adaptive-Filter,10.533262831239806,5.608356796919198,0.0,4.924906034320609,0.5324425001800769,5,0.95,0.9180000000000001,0.11723971522633898,Lunacek,2,2026
Wrong-Adaptive-Filter,10.533262831239806,0.5931510651888046,0.0,9.940111766051002,0.05631218689707644,6,1.0,0.8245000000000001,0.24116052418727668,Lunacek,2,2026
Oracle-Fixed-Filter,10.533262831239806,5.260705922477577,0.0,5.27255690876223,0.4994374494174063,1,0.05,0.9625,1.0,Lunacek,2,2026
Matching-Soft-Rerank,10.533262831239806,2.001985171952067,0.0,8.531277659287738,0.19006315555086417,5,0.0,1.0,,Lunacek,2,2026
Target-Only,3.25839577457971,3.25839577457971,0.0,0.0,1.0,0,0.0,1.0,0.0,Lunacek,2,777
Matching-Fixed-Filter,3.25839577457971,2.7590261622718133,0.0,0.49936961230789656,0.8467437208813872,6,1.0,0.25,1.0,Lunacek,2,777
Matching-Adaptive-Filter,3.25839577457971,3.25839577457971,0.0,0.0,1.0,6,1.0,0.8624999999999998,0.18972755079269063,Lunacek,2,777
Random-Adaptive-Filter,3.25839577457971,3.25839577457971,0.0,0.0,1.0,6,1.0,0.876,0.17081260580533492,Lunacek,2,777
Wrong-Adaptive-Filter,3.25839577457971,3.25839577457971,0.0,0.0,1.0,6,1.0,0.836,0.22650307300911304,Lunacek,2,777
Oracle-Fixed-Filter,3.25839577457971,3.25839577457971,0.0,0.0,1.0,1,0.0,1.0,0.0,Lunacek,2,777
Matching-Soft-Rerank,3.25839577457971,3.1647227062606724,0.0,0.09367306831903743,0.9712517831474539,6,0.0,1.0,,Lunacek,2,777
Target-Only,5.005806966657364,5.005806966657364,0.0,0.0,1.0,0,0.0,1.0,0.0,Lunacek,2,999
Matching-Fixed-Filter,5.005806966657364,2.858884674249748,0.0,2.146922292407616,0.5711136472684989,5,1.0,0.25,1.0,Lunacek,2,999
Matching-Adaptive-Filter,5.005806966657364,5.005806966657364,0.0,0.0,1.0,5,0.2,0.9890000000000001,0.0396733542717559,Lunacek,2,999
Random-Adaptive-Filter,5.005806966657364,5.005806966657364,0.0,0.0,1.0,5,0.35,0.9800000000000001,0.045287825448726685,Lunacek,2,999
Wrong-Adaptive-Filter,5.005806966657364,5.005806966657364,0.0,0.0,1.0,6,0.2,0.9870000000000001,0.041673384334285746,Lunacek,2,999
Oracle-Fixed-Filter,5.005806966657364,1.0746368809929467,0.0,3.9311700856644167,0.21467805054227598,1,0.8,0.4,1.0,Lunacek,2,999
Matching-Soft-Rerank,5.005806966657364,2.9261860390014673,0.0,2.0796209276558963,0.5845583056822171,5,0.0,1.0,,Lunacek,2,999
Target-Only,10.085986016806313,5.572540971929956,0.0,4.513445044876357,0.5525033410362072,0,0.0,1.0,0.0,Lunacek,2,1234
Matching-Fixed-Filter,10.085986016806313,4.454166863966426,0.0,5.631819152839887,0.44161937727698936,6,1.0,0.25,1.0,Lunacek,2,1234
Matching-Adaptive-Filter,10.085986016806313,4.571954222404603,0.0,5.51403179440171,0.45329769591057734,6,0.8,0.8944999999999999,0.15178281357553577,Lunacek,2,1234
Random-Adaptive-Filter,10.085986016806313,5.572540971929956,0.0,4.513445044876357,0.5525033410362072,6,0.5,0.9720000000000001,0.058829314930498935,Lunacek,2,1234
Wrong-Adaptive-Filter,10.085986016806313,5.572540971929956,0.0,4.513445044876357,0.5525033410362072,6,0.35,0.9835,0.041434536878701696,Lunacek,2,1234
Oracle-Fixed-Filter,10.085986016806313,1.3769731039779216,0.0,8.709012912828392,0.13652340006058572,1,0.95,0.2875,1.0,Lunacek,2,1234
Matching-Soft-Rerank,10.085986016806313,7.083556643190104,0.0,3.0024293736162093,0.7023167225680017,6,0.0,1.0,,Lunacek,2,1234
Target-Only,5.433632476024606,3.1511030649576703,0.0,2.2825294110669354,0.5799256903851369,0,0.0,1.0,0.0,Lunacek,2,5678
Matching-Fixed-Filter,5.433632476024606,2.7189567424993974,0.0,2.7146757335252083,0.5003939361921402,6,1.0,0.25,1.0,Lunacek,2,5678
Matching-Adaptive-Filter,5.433632476024606,3.2553263120357636,0.0,2.178306163988842,0.5991068270442629,6,0.85,0.9400000000000001,0.09226397422697755,Lunacek,2,5678
Random-Adaptive-Filter,5.433632476024606,2.966320998227456,0.0,2.46731147779715,0.5459185933748868,6,0.95,0.9324999999999999,0.10040662753279035,Lunacek,2,5678
Wrong-Adaptive-Filter,5.433632476024606,3.1511030649576703,0.0,2.2825294110669354,0.5799256903851369,6,0.2,0.99,0.040496544323679544,Lunacek,2,5678
Oracle-Fixed-Filter,5.433632476024606,3.1511030649576703,0.0,2.2825294110669354,0.5799256903851369,1,0.0,1.0,1.0,Lunacek,2,5678
Matching-Soft-Rerank,5.433632476024606,2.429852037497228,0.0,3.003780438527378,0.44718741067209133,6,0.0,1.0,,Lunacek,2,5678
Target-Only,12.618322563443357,3.8317209243682773,0.0,8.78660163907508,0.3036632567524614,0,0.0,1.0,0.0,Lunacek,2,8888
Matching-Fixed-Filter,12.618322563443357,1.2122469546311994,0.0,11.406075608812158,0.09607037294665534,6,1.0,0.25,1.0,Lunacek,2,8888
Matching-Adaptive-Filter,12.618322563443357,5.671910216017009,0.0,6.946412347426348,0.44949795723634023,6,1.0,0.8004999999999999,0.2727370448035945,Lunacek,2,8888
Random-Adaptive-Filter,12.618322563443357,2.3397024240467443,0.0,10.278620139396612,0.1854210345537619,6,0.95,0.9445,0.08249897834268832,Lunacek,2,8888
Wrong-Adaptive-Filter,12.618322563443357,3.8317209243682773,0.0,8.78660163907508,0.3036632567524614,6,0.6,0.931,0.1060374326639492,Lunacek,2,8888
Oracle-Fixed-Filter,12.618322563443357,1.4796993646754668,0.0,11.13862319876789,0.11726593271298323,1,0.5,0.625,1.0,Lunacek,2,8888
Matching-Soft-Rerank,12.618322563443357,0.025820680597310193,0.0,12.592501882846047,0.0020462847155386164,6,0.0,1.0,,Lunacek,2,8888
Target-Only,8.09282858543249,0.15407405631343396,4.440892098500626e-16,7.938754529119057,0.01903834421882786,0,0.0,1.0,0.0,Ackley,2,42
Matching-Fixed-Filter,8.09282858543249,2.6499228038466964,4.440892098500626e-16,5.442905781585795,0.327440866425454,6,1.0,0.25,1.0,Ackley,2,42
Matching-Adaptive-Filter,8.09282858543249,1.2117081893147241,4.440892098500626e-16,6.881120396117767,0.1497261651501999,6,1.0,0.7474999999999999,0.34408478104034745,Ackley,2,42
Random-Adaptive-Filter,8.09282858543249,0.15407405631343396,4.440892098500626e-16,7.938754529119057,0.01903834421882786,6,0.1,0.9960000000000001,0.04159013201453427,Ackley,2,42
Wrong-Adaptive-Filter,8.09282858543249,0.15407405631343396,4.440892098500626e-16,7.938754529119057,0.01903834421882786,5,0.95,0.8300000000000001,0.23845292971067603,Ackley,2,42
Oracle-Fixed-Filter,8.09282858543249,0.15407405631343396,4.440892098500626e-16,7.938754529119057,0.01903834421882786,1,0.9,0.325,1.0,Ackley,2,42
Matching-Soft-Rerank,8.09282858543249,0.15407405631343396,4.440892098500626e-16,7.938754529119057,0.01903834421882786,6,0.0,1.0,,Ackley,2,42
Target-Only,5.67539244950752,0.9208726543583556,4.440892098500626e-16,4.7545197951491645,0.1622570883954049,0,0.0,1.0,0.0,Ackley,2,101
Matching-Fixed-Filter,5.67539244950752,0.22917792224317468,4.440892098500626e-16,5.446214527264345,0.04038098233419278,6,1.0,0.25,1.0,Ackley,2,101
Matching-Adaptive-Filter,5.67539244950752,0.3085637431965158,4.440892098500626e-16,5.366828706311004,0.05436870594266849,6,1.0,0.7049999999999998,0.3991253605273305,Ackley,2,101
Random-Adaptive-Filter,5.67539244950752,0.41642500133475524,4.440892098500626e-16,5.258967448172765,0.07337378076310651,6,0.95,0.8505,0.2094259454081051,Ackley,2,101
Wrong-Adaptive-Filter,5.67539244950752,0.5527246837163031,4.440892098500626e-16,5.122667765791217,0.09738968514226098,6,0.4,0.9675,0.07029226341296183,Ackley,2,101
Oracle-Fixed-Filter,5.67539244950752,0.7726718673420305,4.440892098500626e-16,4.90272058216549,0.1361442180811793,1,0.8,0.4,1.0,Ackley,2,101
Matching-Soft-Rerank,5.67539244950752,0.13511663290228926,4.440892098500626e-16,5.540275816605231,0.023807451925904,6,0.0,1.0,,Ackley,2,101
Target-Only,6.622011972623028,0.24468510406103805,4.440892098500626e-16,6.37732686856199,0.03695026603283474,0,0.0,1.0,0.0,Ackley,2,2026
Matching-Fixed-Filter,6.622011972623028,0.7228932103665611,4.440892098500626e-16,5.899118762256467,0.10916519229430165,6,0.9,0.325,1.0,Ackley,2,2026
Matching-Adaptive-Filter,6.622011972623028,0.630477950779309,4.440892098500626e-16,5.991534021843719,0.0952094247769189,6,1.0,0.697,0.41025514012378084,Ackley,2,2026
Random-Adaptive-Filter,6.622011972623028,0.29737344694007506,4.440892098500626e-16,6.324638525682953,0.04490681203378779,6,0.2,0.9875,0.04071229684939638,Ackley,2,2026
Wrong-Adaptive-Filter,6.622011972623028,0.5245539614094672,4.440892098500626e-16,6.097458011213561,0.07921368363242132,6,1.0,0.7635,0.32297650613089085,Ackley,2,2026
Oracle-Fixed-Filter,6.622011972623028,0.09795115551726541,4.440892098500626e-16,6.524060817105763,0.014791751498218115,1,0.75,0.4375,1.0,Ackley,2,2026
Matching-Soft-Rerank,6.622011972623028,0.263355117463107,4.440892098500626e-16,6.358656855159921,0.03976965287164675,6,0.0,1.0,,Ackley,2,2026
Target-Only,3.5652566501745437,0.2760904891217817,4.440892098500626e-16,3.289166161052762,0.07743916250973538,0,0.0,1.0,0.0,Ackley,2,777
Matching-Fixed-Filter,3.5652566501745437,0.4242248308044201,4.440892098500626e-16,3.1410318193701237,0.11898858130834732,6,1.0,0.25,1.0,Ackley,2,777
Matching-Adaptive-Filter,3.5652566501745437,0.320262239555682,4.440892098500626e-16,3.2449944106188617,0.08982866339790785,6,1.0,0.7265,0.37173784968226176,Ackley,2,777
Random-Adaptive-Filter,3.5652566501745437,0.2760904891217817,4.440892098500626e-16,3.289166161052762,0.07743916250973538,6,0.65,0.967,0.062463267317119764,Ackley,2,777
Wrong-Adaptive-Filter,3.5652566501745437,0.2760904891217817,4.440892098500626e-16,3.289166161052762,0.07743916250973538,6,1.0,0.812,0.2560507652134604,Ackley,2,777
Oracle-Fixed-Filter,3.5652566501745437,0.8940293550254492,4.440892098500626e-16,2.6712272951490945,0.2507615699929148,1,0.8,0.4,1.0,Ackley,2,777
Matching-Soft-Rerank,3.5652566501745437,0.9211066703265236,4.440892098500626e-16,2.64414997984802,0.25835634309283984,6,0.0,1.0,,Ackley,2,777
Target-Only,4.673583574807875,1.3893516763319735,4.440892098500626e-16,3.2842318984759014,0.29727759311313645,0,0.0,1.0,0.0,Ackley,2,999
Matching-Fixed-Filter,4.673583574807875,1.127883109801282,4.440892098500626e-16,3.545700465006593,0.24133153751244246,6,0.95,0.2875,1.0,Ackley,2,999
Matching-Adaptive-Filter,4.673583574807875,0.19313912359826846,4.440892098500626e-16,4.480444451209607,0.04132570232387633,6,0.95,0.8309999999999998,0.2486334979690375,Ackley,2,999
Random-Adaptive-Filter,4.673583574807875,1.3893516763319735,4.440892098500626e-16,3.2842318984759014,0.29727759311313645,6,0.9,0.7900000000000001,0.3240171660575442,Ackley,2,999
Wrong-Adaptive-Filter,4.673583574807875,0.23447619236595374,4.440892098500626e-16,4.439107382441922,0.050170535866707444,6,0.95,0.8190000000000002,0.25641396447960196,Ackley,2,999
Oracle-Fixed-Filter,4.673583574807875,0.6104594023162062,4.440892098500626e-16,4.063124172491669,0.13061912610416965,1,0.75,0.4375,1.0,Ackley,2,999
Matching-Soft-Rerank,4.673583574807875,3.072729373174703,4.440892098500626e-16,1.600854201633172,0.6574675137377892,6,0.0,1.0,,Ackley,2,999
Target-Only,8.700947993693843,2.3023063639110046,4.440892098500626e-16,6.398641629782839,0.2646040828631132,0,0.0,1.0,0.0,Ackley,2,1234
Matching-Fixed-Filter,8.700947993693843,0.48705864033071977,4.440892098500626e-16,8.213889353363124,0.05597765216890426,6,0.95,0.2875,1.0,Ackley,2,1234
Matching-Adaptive-Filter,8.700947993693843,1.7570299139143768,4.440892098500626e-16,6.943918079779467,0.20193545751426317,6,0.95,0.7144999999999999,0.4062644643304235,Ackley,2,1234
Random-Adaptive-Filter,8.700947993693843,2.0893606645846323,4.440892098500626e-16,6.611587329109211,0.2401302324871877,6,0.3,0.9715000000000001,0.08666720454844537,Ackley,2,1234
Wrong-Adaptive-Filter,8.700947993693843,0.26944048806498033,4.440892098500626e-16,8.431507505628863,0.03096679675137254,6,1.0,0.7975000000000001,0.27610451991255547,Ackley,2,1234
Oracle-Fixed-Filter,8.700947993693843,1.060841766116035,4.440892098500626e-16,7.640106227577808,0.12192254992041066,1,0.5,0.625,0.55,Ackley,2,1234
Matching-Soft-Rerank,8.700947993693843,0.26944048806498033,4.440892098500626e-16,8.431507505628863,0.03096679675137254,6,0.0,1.0,,Ackley,2,1234
Target-Only,6.458923516177194,0.5848707190616413,4.440892098500626e-16,5.874052797115553,0.09055235250839523,0,0.0,1.0,0.0,Ackley,2,5678
Matching-Fixed-Filter,6.458923516177194,2.7017343566372074,4.440892098500626e-16,3.7571891595399864,0.41829483657305594,5,0.8,0.4,1.0,Ackley,2,5678
Matching-Adaptive-Filter,6.458923516177194,0.25959495613651073,4.440892098500626e-16,6.1993285600406836,0.04019167520505883,5,0.9,0.7555,0.36937283123805587,Ackley,2,5678
Random-Adaptive-Filter,6.458923516177194,0.09875839759009297,4.440892098500626e-16,6.360165118587101,0.015290225583681179,5,1.0,0.7095,0.39365543402973135,Ackley,2,5678
Wrong-Adaptive-Filter,6.458923516177194,0.07039057495352496,4.440892098500626e-16,6.388532941223669,0.01089818988833393,5,1.0,0.7645000000000001,0.3209304850793218,Ackley,2,5678
Oracle-Fixed-Filter,6.458923516177194,0.7904746676656633,4.440892098500626e-16,5.668448848511531,0.12238489365694125,1,0.95,0.2875,1.0,Ackley,2,5678
Matching-Soft-Rerank,6.458923516177194,0.07039057495352496,4.440892098500626e-16,6.388532941223669,0.01089818988833393,5,0.0,1.0,,Ackley,2,5678
Target-Only,6.173361367118094,0.3541482949370409,4.440892098500626e-16,5.8192130721810535,0.05736717387441184,0,0.0,1.0,0.0,Ackley,2,8888
Matching-Fixed-Filter,6.173361367118094,0.5551357604658738,4.440892098500626e-16,5.618225606652221,0.08992439085499816,5,0.95,0.2875,1.0,Ackley,2,8888
Matching-Adaptive-Filter,6.173361367118094,0.5104354618253955,4.440892098500626e-16,5.662925905292699,0.08268355462620217,5,1.0,0.7205,0.3790314787612336,Ackley,2,8888
Random-Adaptive-Filter,6.173361367118094,0.09281649901445777,4.440892098500626e-16,6.080544868103637,0.015035001759144836,5,1.0,0.8950000000000001,0.14652492340764633,Ackley,2,8888
Wrong-Adaptive-Filter,6.173361367118094,0.30034935430409293,4.440892098500626e-16,5.8730120128140015,0.04865248224474252,5,1.0,0.7725,0.31108149821543934,Ackley,2,8888
Oracle-Fixed-Filter,6.173361367118094,0.5713266984207732,4.440892098500626e-16,5.602034668697321,0.0925471010759062,1,0.8,0.4,1.0,Ackley,2,8888
Matching-Soft-Rerank,6.173361367118094,0.2766929957997353,4.440892098500626e-16,5.896668371318359,0.04482047613047853,5,0.0,1.0,,Ackley,2,8888
Target-Only,-0.002946928864770502,-0.002946928864770502,-1.0000051084774053,0.0,1.0,0,0.0,1.0,0.0,GMM,5,42
Matching-Fixed-Filter,-0.002946928864770502,-0.12191729251957334,-1.0000051084774053,0.11897036365480283,0.8806786142599786,9,1.0,0.25,1.0,GMM,5,42
Matching-Adaptive-Filter,-0.002946928864770502,-0.002946928864770502,-1.0000051084774053,0.0,1.0,9,0.85,0.8705,0.19861890810191613,GMM,5,42
Random-Adaptive-Filter,-0.002946928864770502,-0.1436743963951003,-1.0000051084774053,0.1407274675303298,0.8588573160444825,9,0.9,0.9344999999999999,0.09764983970737326,GMM,5,42
Wrong-Adaptive-Filter,-0.002946928864770502,-0.27099534951738335,-1.0000051084774053,0.26804842065261286,0.7311607024208439,9,1.0,0.7935000000000001,0.28356921647886624,GMM,5,42
Oracle-Fixed-Filter,-0.002946928864770502,-0.002946928864770502,-1.0000051084774053,0.0,1.0,1,0.0,1.0,0.4,GMM,5,42
Matching-Soft-Rerank,-0.002946928864770502,-0.6932699884432263,-1.0000051084774053,0.6903230595784557,0.30764014207611046,9,0.0,1.0,,GMM,5,42
Target-Only,-0.013425305549179837,-0.22223721484070771,-1.0000051084774053,0.20881190929152788,0.7883476747935017,0,0.0,1.0,0.0,GMM,5,101
Matching-Fixed-Filter,-0.013425305549179837,-0.2638275906329993,-1.0000051084774053,0.2504022850838195,0.7461915555734964,9,1.0,0.25,1.0,GMM,5,101
Matching-Adaptive-Filter,-0.013425305549179837,-0.013425305549179837,-1.0000051084774053,0.0,1.0,9,1.0,0.7470000000000001,0.3441600613284773,GMM,5,101
Random-Adaptive-Filter,-0.013425305549179837,-0.013425305549179837,-1.0000051084774053,0.0,1.0,9,0.55,0.9635,0.06194887278827792,GMM,5,101
Wrong-Adaptive-Filter,-0.013425305549179837,-0.013425305549179837,-1.0000051084774053,0.0,1.0,9,1.0,0.8084999999999999,0.26168326009171905,GMM,5,101
Oracle-Fixed-Filter,-0.013425305549179837,-0.22223721484070771,-1.0000051084774053,0.20881190929152788,0.7883476747935017,1,0.0,1.0,0.0,GMM,5,101
Matching-Soft-Rerank,-0.013425305549179837,-0.45961072280782184,-1.0000051084774053,0.446185417258642,0.5477452346638984,9,0.0,1.0,,GMM,5,101
Target-Only,-0.011684726409928122,-0.011684726409928122,-1.0000051084774053,0.0,1.0,0,0.0,1.0,0.0,GMM,5,2026
Matching-Fixed-Filter,-0.011684726409928122,-0.20083871963638775,-1.0000051084774053,0.18915399322645962,0.8086106523162393,9,1.0,0.25,1.0,GMM,5,2026
Matching-Adaptive-Filter,-0.011684726409928122,-0.25924518783459066,-1.0000051084774053,0.24756046142466254,0.749513957299162,9,1.0,0.7069999999999999,0.39638306882321145,GMM,5,2026
Random-Adaptive-Filter,-0.011684726409928122,-0.024658987791701174,-1.0000051084774053,0.012974261381773051,0.9868724134226271,9,1.0,0.8745,0.17367429285732755,GMM,5,2026
Wrong-Adaptive-Filter,-0.011684726409928122,-0.15645418833319014,-1.0000051084774053,0.144769461923262,0.8535197041869992,9,1.0,0.6695,0.44714969623612655,GMM,5,2026
Oracle-Fixed-Filter,-0.011684726409928122,-0.36071018986811176,-1.0000051084774053,0.34902546345818364,0.6468498780445529,1,1.0,0.25,1.0,GMM,5,2026
Matching-Soft-Rerank,-0.011684726409928122,-0.2946969382028257,-1.0000051084774053,0.2830122117928976,0.7136432507838586,9,0.0,1.0,,GMM,5,2026
Target-Only,-0.0739524732101836,-0.17561111807769794,-1.0000051084774053,0.10165864486751434,0.890223686002276,0,0.0,1.0,0.0,GMM,5,777
Matching-Fixed-Filter,-0.0739524732101836,-0.855340150855705,-1.0000051084774053,0.7813876776455214,0.1562167765765882,9,1.0,0.25,1.0,GMM,5,777
Matching-Adaptive-Filter,-0.0739524732101836,-0.1369964617461267,-1.0000051084774053,0.0630439885359431,0.9319218086153914,9,1.0,0.7705,0.31252909051823663,GMM,5,777
Random-Adaptive-Filter,-0.0739524732101836,-0.11747287995082271,-1.0000051084774053,0.04352040674063912,0.9530043918852616,9,1.0,0.779,0.30208325742330955,GMM,5,777
Wrong-Adaptive-Filter,-0.0739524732101836,-0.5892894262040114,-1.0000051084774053,0.5153369529938278,0.4435122439394364,9,0.95,0.8014999999999999,0.2730169879935952,GMM,5,777
Oracle-Fixed-Filter,-0.0739524732101836,-0.28754639937718346,-1.0000051084774053,0.21359392616699985,0.7693501232731063,1,1.0,0.25,1.0,GMM,5,777
Matching-Soft-Rerank,-0.0739524732101836,-0.6183236607473614,-1.0000051084774053,0.5443711875371778,0.4121595611246286,9,0.0,1.0,,GMM,5,777
Target-Only,-0.0028049590188835498,-0.0028049590188835498,-1.0000051084774053,0.0,1.0,0,0.0,1.0,0.0,GMM,5,999
Matching-Fixed-Filter,-0.0028049590188835498,-0.15223573861975098,-1.0000051084774053,0.14943077960086742,0.850149661848719,9,1.0,0.25,1.0,GMM,5,999
Matching-Adaptive-Filter,-0.0028049590188835498,-0.003271863384555686,-1.0000051084774053,0.0004669043656721364,0.9995317847014707,9,1.0,0.6769999999999999,0.4380678023776759,GMM,5,999
Random-Adaptive-Filter,-0.0028049590188835498,-0.024144571734181428,-1.0000051084774053,0.021339612715297877,0.9786004718040955,9,1.0,0.8705,0.1783126302780242,GMM,5,999
Wrong-Adaptive-Filter,-0.0028049590188835498,-0.0028049590188835498,-1.0000051084774053,0.0,1.0,9,1.0,0.818,0.24825987098803054,GMM,5,999
Oracle-Fixed-Filter,-0.0028049590188835498,-0.0028049590188835498,-1.0000051084774053,0.0,1.0,1,0.0,1.0,0.0,GMM,5,999
Matching-Soft-Rerank,-0.0028049590188835498,-0.4266023233367189,-1.0000051084774053,0.4237973643178353,0.5750127348577347,9,0.0,1.0,,GMM,5,999
Target-Only,-1.727547103760686e-05,-0.2296217911470285,-1.0000051084774053,0.22960451567599088,0.7703926906933388,0,0.0,1.0,0.0,GMM,5,1234
Matching-Fixed-Filter,-1.727547103760686e-05,-0.28600981421824717,-1.0000051084774053,0.2859925387472096,0.7140039815410549,9,1.0,0.25,1.0,GMM,5,1234
Matching-Adaptive-Filter,-1.727547103760686e-05,-0.14054018877567317,-1.0000051084774053,0.14052291330463557,0.8594753769331703,9,1.0,0.713,0.3885773890107011,GMM,5,1234
Random-Adaptive-Filter,-1.727547103760686e-05,-0.01353210185866599,-1.0000051084774053,0.013514826387628383,0.9864850091755643,9,1.0,0.901,0.13785168363827477,GMM,5,1234
Wrong-Adaptive-Filter,-1.727547103760686e-05,-0.2296217911470285,-1.0000051084774053,0.22960451567599088,0.7703926906933388,9,1.0,0.7250000000000001,0.3739581244067105,GMM,5,1234
Oracle-Fixed-Filter,-1.727547103760686e-05,-0.002256444561927879,-1.0000051084774053,0.0022391690908902724,0.9977608036648221,1,0.65,0.5125,0.9,GMM,5,1234
Matching-Soft-Rerank,-1.727547103760686e-05,-0.30174991362255843,-1.0000051084774053,0.30173263815152085,0.6982636906247244,9,0.0,1.0,,GMM,5,1234
Target-Only,-0.061866127726089036,-0.15187728771805206,-1.0000051084774053,0.09001115999196302,0.9040534911790181,0,0.0,1.0,0.0,GMM,5,5678
Matching-Fixed-Filter,-0.061866127726089036,-0.30451320270491355,-1.0000051084774053,0.2426470749788245,0.7413527420164349,9,1.0,0.25,1.0,GMM,5,5678
Matching-Adaptive-Filter,-0.061866127726089036,-0.3815923713639033,-1.0000051084774053,0.31972624363781427,0.6591909618959028,9,1.0,0.776,0.3057690222219203,GMM,5,5678
Random-Adaptive-Filter,-0.061866127726089036,-0.12260803406979036,-1.0000051084774053,0.06074190634370132,0.935252763620316,9,1.0,0.753,0.3361358135845031,GMM,5,5678
Wrong-Adaptive-Filter,-0.061866127726089036,-0.3852837289433523,-1.0000051084774053,0.32341760121726326,0.6552561956670304,9,1.0,0.6984999999999999,0.4075074083169696,GMM,5,5678
Oracle-Fixed-Filter,-0.061866127726089036,-0.1521331084931348,-1.0000051084774053,0.09026698076704576,0.9037808015452522,1,0.4,0.7,0.5,GMM,5,5678
Matching-Soft-Rerank,-0.061866127726089036,-0.5816111889565566,-1.0000051084774053,0.5197450612304676,0.44598287471838605,9,0.0,1.0,,GMM,5,5678
Target-Only,-0.007207569150342763,-0.007579352668128444,-1.0000051084774053,0.0003717835177856812,0.9996255192996977,0,0.0,1.0,0.0,GMM,5,8888
Matching-Fixed-Filter,-0.007207569150342763,-0.24396987518647897,-1.0000051084774053,0.2367623060361362,0.7615200515136065,9,1.0,0.25,1.0,GMM,5,8888
Matching-Adaptive-Filter,-0.007207569150342763,-0.03576103112596551,-1.0000051084774053,0.028553461975622745,0.9712393908681756,9,1.0,0.6850000000000002,0.4276923521369844,GMM,5,8888
Random-Adaptive-Filter,-0.007207569150342763,-0.027866974951262335,-1.0000051084774053,0.020659405800919572,0.9791907161505227,9,1.0,0.9155,0.12053093555675978,GMM,5,8888
Wrong-Adaptive-Filter,-0.007207569150342763,-0.045727156916382794,-1.0000051084774053,0.03851958776604003,0.9612009637008676,9,1.0,0.6980000000000002,0.4103058543573931,GMM,5,8888
Oracle-Fixed-Filter,-0.007207569150342763,-0.2492632791428844,-1.0000051084774053,0.24205570999254164,0.756188245433594,1,0.95,0.2875,0.95,GMM,5,8888
Matching-Soft-Rerank,-0.007207569150342763,-0.4372496127018416,-1.0000051084774053,0.43004204355149883,0.5668381250793695,9,0.0,1.0,,GMM,5,8888
Target-Only,66.61295309467812,36.90902786897439,0.0,29.703925225703728,0.5540818437596509,0,0.0,1.0,0.0,Rastrigin,5,42
Matching-Fixed-Filter,66.61295309467812,20.533658052194742,0.0,46.07929504248338,0.3082532315150464,6,1.0,0.25,1.0,Rastrigin,5,42
Matching-Adaptive-Filter,66.61295309467812,36.90902786897439,0.0,29.703925225703728,0.5540818437596509,6,1.0,0.7655000000000001,0.3202965550740667,Rastrigin,5,42
Random-Adaptive-Filter,66.61295309467812,30.945988867850595,0.0,35.666964226827524,0.4645641340035854,6,1.0,0.8800000000000001,0.16826677937860085,Rastrigin,5,42
Wrong-Adaptive-Filter,66.61295309467812,42.74658500933568,0.0,23.866368085342437,0.6417158078636633,6,1.0,0.8554999999999999,0.1981541987274076,Rastrigin,5,42
Oracle-Fixed-Filter,66.61295309467812,36.90902786897439,0.0,29.703925225703728,0.5540818437596509,1,0.0,1.0,0.0,Rastrigin,5,42
Matching-Soft-Rerank,66.61295309467812,41.307405406842065,0.0,25.305547687836054,0.620110706518763,6,0.0,1.0,,Rastrigin,5,42
Target-Only,51.12177968503051,51.12177968503051,0.0,0.0,1.0,0,0.0,1.0,0.0,Rastrigin,5,101
Matching-Fixed-Filter,51.12177968503051,42.6302385746549,0.0,8.491541110375607,0.8338958236060373,6,1.0,0.25,1.0,Rastrigin,5,101
Matching-Adaptive-Filter,51.12177968503051,36.691324605457126,0.0,14.430455079573385,0.717723929634654,6,1.0,0.8809999999999999,0.1655468303693011,Rastrigin,5,101
Random-Adaptive-Filter,51.12177968503051,51.12177968503051,0.0,0.0,1.0,6,1.0,0.8724999999999999,0.1750879742815435,Rastrigin,5,101
Wrong-Adaptive-Filter,51.12177968503051,51.12177968503051,0.0,0.0,1.0,6,0.55,0.9620000000000001,0.06819318994199733,Rastrigin,5,101
Oracle-Fixed-Filter,51.12177968503051,51.12177968503051,0.0,0.0,1.0,1,0.0,1.0,0.0,Rastrigin,5,101
Matching-Soft-Rerank,51.12177968503051,39.12385969500041,0.0,11.997919990030098,0.765307075302323,6,0.0,1.0,,Rastrigin,5,101
Target-Only,69.49678317210348,42.50795846232929,0.0,26.988824709774185,0.6116536121831938,0,0.0,1.0,0.0,Rastrigin,5,2026
Matching-Fixed-Filter,69.49678317210348,34.30386221177676,0.0,35.19292096032672,0.4936035978359727,6,1.0,0.25,1.0,Rastrigin,5,2026
Matching-Adaptive-Filter,69.49678317210348,42.50795846232929,0.0,26.988824709774185,0.6116536121831938,6,0.25,0.9880000000000001,0.033133711680580505,Rastrigin,5,2026
Random-Adaptive-Filter,69.49678317210348,42.50795846232929,0.0,26.988824709774185,0.6116536121831938,6,0.0,1.0,0.02279916541782919,Rastrigin,5,2026
Wrong-Adaptive-Filter,69.49678317210348,28.4997599369277,0.0,40.997023235175774,0.4100874693199859,6,0.85,0.8355,0.2308620859042705,Rastrigin,5,2026
Oracle-Fixed-Filter,69.49678317210348,42.50795846232929,0.0,26.988824709774185,0.6116536121831938,1,0.0,1.0,0.0,Rastrigin,5,2026
Matching-Soft-Rerank,69.49678317210348,46.870603448821726,0.0,22.62617972328175,0.674428388041361,6,0.0,1.0,,Rastrigin,5,2026
Target-Only,61.25116591399666,40.11597456493905,0.0,21.135191349057607,0.6549422197328664,0,0.0,1.0,0.0,Rastrigin,5,777
Matching-Fixed-Filter,61.25116591399666,41.7095109215581,0.0,19.54165499243856,0.6809586446096849,6,1.0,0.25,1.0,Rastrigin,5,777
Matching-Adaptive-Filter,61.25116591399666,26.636525831353985,0.0,34.61464008264267,0.4348737764233677,6,1.0,0.7825,0.2958906067712662,Rastrigin,5,777
Random-Adaptive-Filter,61.25116591399666,34.605619028699266,0.0,26.645546885297392,0.5649789438667885,6,1.0,0.792,0.28351131646637334,Rastrigin,5,777
Wrong-Adaptive-Filter,61.25116591399666,43.78265466215856,0.0,17.468511251838095,0.7148052450729543,6,1.0,0.9095000000000002,0.1273855565963482,Rastrigin,5,777
Oracle-Fixed-Filter,61.25116591399666,40.11597456493905,0.0,21.135191349057607,0.6549422197328664,1,0.0,1.0,0.0,Rastrigin,5,777
Matching-Soft-Rerank,61.25116591399666,20.598382875817585,0.0,40.652783038179074,0.33629372712251665,6,0.0,1.0,,Rastrigin,5,777
Target-Only,71.20870146204726,57.10965856154236,0.0,14.099042900504898,0.8020039319489712,0,0.0,1.0,0.0,Rastrigin,5,999
Matching-Fixed-Filter,71.20870146204726,49.38167938987621,0.0,21.827022072171047,0.6934781617411688,6,1.0,0.25,1.0,Rastrigin,5,999
Matching-Adaptive-Filter,71.20870146204726,53.955076248216145,0.0,17.253625213831114,0.7577034146167244,6,1.0,0.806,0.2667647663644328,Rastrigin,5,999
Random-Adaptive-Filter,71.20870146204726,57.10965856154236,0.0,14.099042900504898,0.8020039319489712,6,0.65,0.9445,0.09040415941142402,Rastrigin,5,999
Wrong-Adaptive-Filter,71.20870146204726,57.10965856154236,0.0,14.099042900504898,0.8020039319489712,6,0.15,0.9949999999999999,0.03238614110312034,Rastrigin,5,999
Oracle-Fixed-Filter,71.20870146204726,57.10965856154236,0.0,14.099042900504898,0.8020039319489712,1,0.0,1.0,0.0,Rastrigin,5,999
Matching-Soft-Rerank,71.20870146204726,19.425951265396666,0.0,51.782750196650596,0.2728030544939833,6,0.0,1.0,,Rastrigin,5,999
Target-Only,46.1032673042093,46.1032673042093,0.0,0.0,1.0,0,0.0,1.0,0.0,Rastrigin,5,1234
Matching-Fixed-Filter,46.1032673042093,46.1032673042093,0.0,0.0,1.0,6,1.0,0.25,1.0,Rastrigin,5,1234
Matching-Adaptive-Filter,46.1032673042093,45.76120761024995,0.0,0.34205969395934943,0.9925805758689011,6,1.0,0.7875,0.28931976819988303,Rastrigin,5,1234
Random-Adaptive-Filter,46.1032673042093,46.1032673042093,0.0,0.0,1.0,6,1.0,0.9135000000000002,0.12193583725817381,Rastrigin,5,1234
Wrong-Adaptive-Filter,46.1032673042093,46.1032673042093,0.0,0.0,1.0,6,1.0,0.8564999999999999,0.19912500745314085,Rastrigin,5,1234
Oracle-Fixed-Filter,46.1032673042093,46.1032673042093,0.0,0.0,1.0,1,0.0,1.0,0.0,Rastrigin,5,1234
Matching-Soft-Rerank,46.1032673042093,23.44330634565874,0.0,22.659960958550556,0.5084955517570949,6,0.0,1.0,,Rastrigin,5,1234
Target-Only,50.59671119924187,35.70411805876092,0.0,14.892593140480948,0.705660846574864,0,0.0,1.0,0.0,Rastrigin,5,5678
Matching-Fixed-Filter,50.59671119924187,44.10700878685458,0.0,6.489702412387288,0.8717366750018225,6,1.0,0.25,1.0,Rastrigin,5,5678
Matching-Adaptive-Filter,50.59671119924187,50.59671119924187,0.0,0.0,1.0,6,1.0,0.7929999999999999,0.2824310477251873,Rastrigin,5,5678
Random-Adaptive-Filter,50.59671119924187,49.022524190729136,0.0,1.5741870085127303,0.96888756262608,6,1.0,0.858,0.19546448344111594,Rastrigin,5,5678
Wrong-Adaptive-Filter,50.59671119924187,50.59671119924187,0.0,0.0,1.0,6,1.0,0.716,0.3851075097821657,Rastrigin,5,5678
Oracle-Fixed-Filter,50.59671119924187,35.70411805876092,0.0,14.892593140480948,0.705660846574864,1,0.0,1.0,0.0,Rastrigin,5,5678
Matching-Soft-Rerank,50.59671119924187,41.87874144572672,0.0,8.717969753515149,0.8276969086155589,6,0.0,1.0,,Rastrigin,5,5678
Target-Only,72.89714095546057,22.0321164616751,0.0,50.86502449378547,0.3022356730716847,0,0.0,1.0,0.0,Rastrigin,5,8888
Matching-Fixed-Filter,72.89714095546057,44.1545201471039,0.0,28.74262080835667,0.6057099025883865,6,1.0,0.25,1.0,Rastrigin,5,8888
Matching-Adaptive-Filter,72.89714095546057,47.787669364757896,0.0,25.109471590702675,0.6555492950533641,6,0.5,0.967,0.05930379477353894,Rastrigin,5,8888
Random-Adaptive-Filter,72.89714095546057,22.0321164616751,0.0,50.86502449378547,0.3022356730716847,6,1.0,0.724,0.375666716814523,Rastrigin,5,8888
Wrong-Adaptive-Filter,72.89714095546057,22.0321164616751,0.0,50.86502449378547,0.3022356730716847,6,0.85,0.9299999999999999,0.10303890883261921,Rastrigin,5,8888
Oracle-Fixed-Filter,72.89714095546057,22.0321164616751,0.0,50.86502449378547,0.3022356730716847,1,0.0,1.0,0.0,Rastrigin,5,8888
Matching-Soft-Rerank,72.89714095546057,47.701902080476735,0.0,25.195238874983836,0.6543727429532815,6,0.0,1.0,,Rastrigin,5,8888
Target-Only,38.81207572462091,29.212158688168707,0.0,9.599917036452204,0.7526564385639807,0,0.0,1.0,0.0,Lunacek,5,42
Matching-Fixed-Filter,38.81207572462091,38.81207572462091,0.0,0.0,1.0,6,1.0,0.25,1.0,Lunacek,5,42
Matching-Adaptive-Filter,38.81207572462091,37.647720770909345,0.0,1.164354953711566,0.9700001885502624,6,0.35,0.9850000000000001,0.04277100917377552,Lunacek,5,42
Random-Adaptive-Filter,38.81207572462091,35.54142331730385,0.0,3.2706524073170584,0.9157310618859202,6,0.75,0.9349999999999999,0.10154022893107022,Lunacek,5,42
Wrong-Adaptive-Filter,38.81207572462091,29.212158688168707,0.0,9.599917036452204,0.7526564385639807,6,0.95,0.8924999999999997,0.15307117479511853,Lunacek,5,42
Oracle-Fixed-Filter,38.81207572462091,29.212158688168707,0.0,9.599917036452204,0.7526564385639807,1,0.0,1.0,0.0,Lunacek,5,42
Matching-Soft-Rerank,38.81207572462091,38.41515800906169,0.0,0.3969177155592192,0.9897733448121809,6,0.0,1.0,,Lunacek,5,42
Target-Only,44.72833436467948,33.137254047322315,0.0,11.591080317357168,0.7408559812924698,0,0.0,1.0,0.0,Lunacek,5,101
Matching-Fixed-Filter,44.72833436467948,44.72833436467948,0.0,0.0,1.0,6,1.0,0.25,1.0,Lunacek,5,101
Matching-Adaptive-Filter,44.72833436467948,33.137254047322315,0.0,11.591080317357168,0.7408559812924698,6,1.0,0.8995,0.14135816532836457,Lunacek,5,101
Random-Adaptive-Filter,44.72833436467948,33.137254047322315,0.0,11.591080317357168,0.7408559812924698,6,0.95,0.8975,0.14448747171185822,Lunacek,5,101
Wrong-Adaptive-Filter,44.72833436467948,33.137254047322315,0.0,11.591080317357168,0.7408559812924698,6,0.0,1.0,0.022653710872374652,Lunacek,5,101
Oracle-Fixed-Filter,44.72833436467948,33.137254047322315,0.0,11.591080317357168,0.7408559812924698,1,0.0,1.0,0.0,Lunacek,5,101
Matching-Soft-Rerank,44.72833436467948,34.026579780075025,0.0,10.701754584604458,0.760738808260759,6,0.0,1.0,,Lunacek,5,101
Target-Only,42.36913485589654,42.36913485589654,0.0,0.0,1.0,0,0.0,1.0,0.0,Lunacek,5,2026
Matching-Fixed-Filter,42.36913485589654,42.36913485589654,0.0,0.0,1.0,6,1.0,0.25,1.0,Lunacek,5,2026
Matching-Adaptive-Filter,42.36913485589654,42.36913485589654,0.0,0.0,1.0,6,1.0,0.8870000000000001,0.1568888653884802,Lunacek,5,2026
Random-Adaptive-Filter,42.36913485589654,42.36913485589654,0.0,0.0,1.0,6,0.3,0.9719999999999999,0.05605446841949034,Lunacek,5,2026
Wrong-Adaptive-Filter,42.36913485589654,42.36913485589654,0.0,0.0,1.0,6,1.0,0.9019999999999999,0.13803634279091123,Lunacek,5,2026
Oracle-Fixed-Filter,42.36913485589654,42.36913485589654,0.0,0.0,1.0,1,0.0,1.0,0.0,Lunacek,5,2026
Matching-Soft-Rerank,42.36913485589654,42.09113582113863,0.0,0.27799903475791155,0.9934386426415497,6,0.0,1.0,,Lunacek,5,2026
Target-Only,42.80151391035035,18.228041235199438,0.0,24.573472675150914,0.4258737500121811,0,0.0,1.0,0.0,Lunacek,5,777
Matching-Fixed-Filter,42.80151391035035,22.142366484806068,0.0,20.659147425544283,0.5173267125827424,6,1.0,0.25,1.0,Lunacek,5,777
Matching-Adaptive-Filter,42.80151391035035,20.626518238161992,0.0,22.17499567218836,0.48191095019127456,6,1.0,0.8695,0.17876544222725083,Lunacek,5,777
Random-Adaptive-Filter,42.80151391035035,18.228041235199438,0.0,24.573472675150914,0.4258737500121811,6,0.7,0.9365,0.09777031622848793,Lunacek,5,777
Wrong-Adaptive-Filter,42.80151391035035,21.77573610697079,0.0,21.02577780337956,0.5087608852476813,6,1.0,0.777,0.3047331276143084,Lunacek,5,777
Oracle-Fixed-Filter,42.80151391035035,18.228041235199438,0.0,24.573472675150914,0.4258737500121811,1,0.0,1.0,0.0,Lunacek,5,777
Matching-Soft-Rerank,42.80151391035035,22.524477020110403,0.0,20.27703689023995,0.526254213046971,6,0.0,1.0,,Lunacek,5,777
Target-Only,44.84898355409921,44.84898355409921,0.0,0.0,1.0,0,0.0,1.0,0.0,Lunacek,5,999
Matching-Fixed-Filter,44.84898355409921,44.84898355409921,0.0,0.0,1.0,6,1.0,0.25,1.0,Lunacek,5,999
Matching-Adaptive-Filter,44.84898355409921,40.968104233158904,0.0,3.880879320940309,0.9134678422252538,6,1.0,0.749,0.34033731784876164,Lunacek,5,999
Random-Adaptive-Filter,44.84898355409921,44.84898355409921,0.0,0.0,1.0,6,1.0,0.8835000000000001,0.1619275882932078,Lunacek,5,999
Wrong-Adaptive-Filter,44.84898355409921,44.84898355409921,0.0,0.0,1.0,5,0.0,1.0,0.023364665971878282,Lunacek,5,999
Oracle-Fixed-Filter,44.84898355409921,44.84898355409921,0.0,0.0,1.0,1,0.0,1.0,0.0,Lunacek,5,999
Matching-Soft-Rerank,44.84898355409921,44.84898355409921,0.0,0.0,1.0,6,0.0,1.0,,Lunacek,5,999
Target-Only,59.76692131670185,38.524921174488874,0.0,21.242000142212973,0.6445860072053452,0,0.0,1.0,0.0,Lunacek,5,1234
Matching-Fixed-Filter,59.76692131670185,30.389236656519955,0.0,29.37768466018189,0.5084624736731703,6,1.0,0.25,1.0,Lunacek,5,1234
Matching-Adaptive-Filter,59.76692131670185,38.524921174488874,0.0,21.242000142212973,0.6445860072053452,6,0.25,0.9895000000000002,0.04040841266461595,Lunacek,5,1234
Random-Adaptive-Filter,59.76692131670185,38.524921174488874,0.0,21.242000142212973,0.6445860072053452,6,1.0,0.9100000000000001,0.1280258449885175,Lunacek,5,1234
Wrong-Adaptive-Filter,59.76692131670185,40.593634436513035,0.0,19.17328688018881,0.6791990208331035,6,1.0,0.8679999999999998,0.1824707923290247,Lunacek,5,1234
Oracle-Fixed-Filter,59.76692131670185,38.524921174488874,0.0,21.242000142212973,0.6445860072053452,1,0.0,1.0,0.0,Lunacek,5,1234
Matching-Soft-Rerank,59.76692131670185,33.56616300514537,0.0,26.200758311556477,0.5616177354573778,6,0.0,1.0,,Lunacek,5,1234
Target-Only,38.0389599655423,27.538068555966767,0.0,10.50089140957553,0.723943782398683,0,0.0,1.0,0.0,Lunacek,5,5678
Matching-Fixed-Filter,38.0389599655423,38.0389599655423,0.0,0.0,1.0,6,1.0,0.25,1.0,Lunacek,5,5678
Matching-Adaptive-Filter,38.0389599655423,34.35643352930352,0.0,3.682526436238774,0.9031906645298767,6,1.0,0.868,0.18408592410947236,Lunacek,5,5678
Random-Adaptive-Filter,38.0389599655423,27.538068555966767,0.0,10.50089140957553,0.723943782398683,6,1.0,0.8944999999999999,0.14677381681480076,Lunacek,5,5678
Wrong-Adaptive-Filter,38.0389599655423,27.538068555966767,0.0,10.50089140957553,0.723943782398683,6,1.0,0.8705,0.178858057100223,Lunacek,5,5678
Oracle-Fixed-Filter,38.0389599655423,27.538068555966767,0.0,10.50089140957553,0.723943782398683,1,0.0,1.0,0.0,Lunacek,5,5678
Matching-Soft-Rerank,38.0389599655423,30.363020570834102,0.0,7.675939394708195,0.7982084840999474,6,0.0,1.0,,Lunacek,5,5678
Target-Only,63.49054045371574,29.563943003239707,0.0,33.92659745047603,0.46564327208384154,0,0.0,1.0,0.0,Lunacek,5,8888
Matching-Fixed-Filter,63.49054045371574,25.830310136988693,0.0,37.660230316727045,0.40683714380757,6,1.0,0.25,1.0,Lunacek,5,8888
Matching-Adaptive-Filter,63.49054045371574,43.95436050366186,0.0,19.536179950053878,0.6922977846708417,6,1.0,0.8355,0.22512660396369455,Lunacek,5,8888
Random-Adaptive-Filter,63.49054045371574,59.99185397696567,0.0,3.4986864767500663,0.9448943661252878,6,0.95,0.897,0.1438971673487909,Lunacek,5,8888
Wrong-Adaptive-Filter,63.49054045371574,42.22334061583662,0.0,21.26719983787912,0.6650335674275321,6,1.0,0.8880000000000001,0.15715762254901988,Lunacek,5,8888
Oracle-Fixed-Filter,63.49054045371574,29.563943003239707,0.0,33.92659745047603,0.46564327208384154,1,0.0,1.0,0.0,Lunacek,5,8888
Matching-Soft-Rerank,63.49054045371574,33.88238159467721,0.0,29.608158859038525,0.5336603114817913,6,0.0,1.0,,Lunacek,5,8888
Target-Only,9.336485390803412,2.955480013662197,4.440892098500626e-16,6.381005377141216,0.316551666923122,0,0.0,1.0,0.0,Ackley,5,42
Matching-Fixed-Filter,9.336485390803412,5.807301726087221,4.440892098500626e-16,3.529183664716191,0.6220008368253332,6,1.0,0.25,1.0,Ackley,5,42
Matching-Adaptive-Filter,9.336485390803412,7.009202868033398,4.440892098500626e-16,2.3272825227700142,0.7507324838678134,6,1.0,0.9129999999999999,0.12281889379711959,Ackley,5,42
Random-Adaptive-Filter,9.336485390803412,3.368179440097912,4.440892098500626e-16,5.968305950705501,0.3607545344006667,6,1.0,0.796,0.2788006338588748,Ackley,5,42
Wrong-Adaptive-Filter,9.336485390803412,3.5092110890063286,4.440892098500626e-16,5.827274301797084,0.3758599667989581,6,1.0,0.7665000000000001,0.3174465543122717,Ackley,5,42
Oracle-Fixed-Filter,9.336485390803412,3.524728967567676,4.440892098500626e-16,5.811756423235737,0.3775220353302957,1,0.45,0.6625,0.45,Ackley,5,42
Matching-Soft-Rerank,9.336485390803412,5.692370191756318,4.440892098500626e-16,3.6441151990470946,0.6096909011782307,6,0.0,1.0,,Ackley,5,42
Target-Only,7.6264432528809305,4.790226543587043,4.440892098500626e-16,2.836216709293888,0.6281075443362814,0,0.0,1.0,0.0,Ackley,5,101
Matching-Fixed-Filter,7.6264432528809305,3.1395549702899257,4.440892098500626e-16,4.486888282591005,0.4116669941920752,6,1.0,0.25,1.0,Ackley,5,101
Matching-Adaptive-Filter,7.6264432528809305,6.539465316242829,4.440892098500626e-16,1.0869779366381014,0.8574724939797475,6,1.0,0.718,0.38230378826506456,Ackley,5,101
Random-Adaptive-Filter,7.6264432528809305,5.304171689585793,4.440892098500626e-16,2.3222715632951374,0.6954974309396603,6,1.0,0.8355,0.22423736537863542,Ackley,5,101
Wrong-Adaptive-Filter,7.6264432528809305,4.790226543587043,4.440892098500626e-16,2.836216709293888,0.6281075443362814,6,0.5,0.959,0.07244102695885782,Ackley,5,101
Oracle-Fixed-Filter,7.6264432528809305,4.790226543587043,4.440892098500626e-16,2.836216709293888,0.6281075443362814,1,0.15,0.8875,0.15,Ackley,5,101
Matching-Soft-Rerank,7.6264432528809305,4.465853802647697,4.440892098500626e-16,3.1605894502332337,0.5855749075377564,6,0.0,1.0,,Ackley,5,101
Target-Only,8.683545502476353,2.2804181007313145,4.440892098500626e-16,6.403127401745039,0.26261371004286094,0,0.0,1.0,0.0,Ackley,5,2026
Matching-Fixed-Filter,8.683545502476353,3.5299064551629127,4.440892098500626e-16,5.15363904731344,0.4065052062151643,6,1.0,0.25,1.0,Ackley,5,2026
Matching-Adaptive-Filter,8.683545502476353,2.2804181007313145,4.440892098500626e-16,6.403127401745039,0.26261371004286094,6,0.15,0.99,0.032772100940359185,Ackley,5,2026
Random-Adaptive-Filter,8.683545502476353,2.2804181007313145,4.440892098500626e-16,6.403127401745039,0.26261371004286094,6,0.0,1.0,0.0,Ackley,5,2026
Wrong-Adaptive-Filter,8.683545502476353,2.1895195611980403,4.440892098500626e-16,6.494025941278313,0.25214580387396346,6,1.0,0.7264999999999999,0.371896913322905,Ackley,5,2026
Oracle-Fixed-Filter,8.683545502476353,2.800867774359745,4.440892098500626e-16,5.882677728116608,0.32254886826596346,1,0.9,0.325,0.95,Ackley,5,2026
Matching-Soft-Rerank,8.683545502476353,6.222902675715201,4.440892098500626e-16,2.460642826761152,0.7166315503201507,6,0.0,1.0,,Ackley,5,2026
Target-Only,6.521725263247674,2.5106807498366384,4.440892098500626e-16,4.011044513411036,0.38497186687474394,0,0.0,1.0,0.0,Ackley,5,777
Matching-Fixed-Filter,6.521725263247674,2.780600692210378,4.440892098500626e-16,3.7411245710372962,0.42635967937504016,6,1.0,0.25,1.0,Ackley,5,777
Matching-Adaptive-Filter,6.521725263247674,3.397671858648963,4.440892098500626e-16,3.1240534045987114,0.5209774594149336,6,1.0,0.7229999999999999,0.3768400752921104,Ackley,5,777
Random-Adaptive-Filter,6.521725263247674,3.048070758577094,4.440892098500626e-16,3.4736545046705802,0.46737184342218396,6,0.95,0.885,0.16132821799265815,Ackley,5,777
Wrong-Adaptive-Filter,6.521725263247674,3.124850426940775,4.440892098500626e-16,3.3968748363068992,0.47914475093737213,6,1.0,0.6984999999999999,0.40886730281475103,Ackley,5,777
Oracle-Fixed-Filter,6.521725263247674,3.2576157841859303,4.440892098500626e-16,3.264109479061744,0.4995021490009393,1,0.9,0.325,0.9,Ackley,5,777
Matching-Soft-Rerank,6.521725263247674,3.8619318444289417,4.440892098500626e-16,2.6597934188187327,0.5921641419322508,6,0.0,1.0,,Ackley,5,777
Target-Only,8.829574776802133,5.900916977553127,4.440892098500626e-16,2.928657799249006,0.6683127021084363,0,0.0,1.0,0.0,Ackley,5,999
Matching-Fixed-Filter,8.829574776802133,5.827425465610322,4.440892098500626e-16,3.002149311191811,0.65998936674965,6,1.0,0.25,1.0,Ackley,5,999
Matching-Adaptive-Filter,8.829574776802133,3.636237448320579,4.440892098500626e-16,5.1933373284815545,0.4118247526340718,6,1.0,0.7205000000000001,0.381135953950944,Ackley,5,999
Random-Adaptive-Filter,8.829574776802133,5.900916977553127,4.440892098500626e-16,2.928657799249006,0.6683127021084363,6,0.1,0.9955,0.03234587432304948,Ackley,5,999
Wrong-Adaptive-Filter,8.829574776802133,4.650658800582551,4.440892098500626e-16,4.1789159762195816,0.5267137906574151,6,0.95,0.8895,0.15635071731470024,Ackley,5,999
Oracle-Fixed-Filter,8.829574776802133,5.900916977553127,4.440892098500626e-16,2.928657799249006,0.6683127021084363,1,0.0,1.0,0.0,Ackley,5,999
Matching-Soft-Rerank,8.829574776802133,3.916048336695479,4.440892098500626e-16,4.913526440106654,0.4435149410574198,6,0.0,1.0,,Ackley,5,999
Target-Only,10.100374091973595,7.7443236562776825,4.440892098500626e-16,2.356050435695913,0.7667363194430411,0,0.0,1.0,0.0,Ackley,5,1234
Matching-Fixed-Filter,10.100374091973595,2.716486533995202,4.440892098500626e-16,7.383887557978394,0.26894910121733967,6,1.0,0.25,1.0,Ackley,5,1234
Matching-Adaptive-Filter,10.100374091973595,2.026052609415651,4.440892098500626e-16,8.074321482557945,0.20059183857612578,6,1.0,0.7095,0.39571531552201694,Ackley,5,1234
Random-Adaptive-Filter,10.100374091973595,7.7443236562776825,4.440892098500626e-16,2.356050435695913,0.7667363194430411,6,0.25,0.9875,0.03893487779468789,Ackley,5,1234
Wrong-Adaptive-Filter,10.100374091973595,4.118364318367139,4.440892098500626e-16,5.982009773606457,0.4077437410600321,6,1.0,0.7485,0.34262791869951875,Ackley,5,1234
Oracle-Fixed-Filter,10.100374091973595,7.7443236562776825,4.440892098500626e-16,2.356050435695913,0.7667363194430411,1,0.0,1.0,0.0,Ackley,5,1234
Matching-Soft-Rerank,10.100374091973595,2.716486533995202,4.440892098500626e-16,7.383887557978394,0.26894910121733967,6,0.0,1.0,,Ackley,5,1234
Target-Only,6.562282196693278,1.8905479378680998,4.440892098500626e-16,4.671734258825179,0.2880930568363462,0,0.0,1.0,0.0,Ackley,5,5678
Matching-Fixed-Filter,6.562282196693278,2.773335909089401,4.440892098500626e-16,3.7889462876038773,0.4226175933864714,6,1.0,0.25,1.0,Ackley,5,5678
Matching-Adaptive-Filter,6.562282196693278,1.901610219451055,4.440892098500626e-16,4.660671977242224,0.2897787937875138,6,1.0,0.6855,0.42497414156112623,Ackley,5,5678
Random-Adaptive-Filter,6.562282196693278,1.8905479378680998,4.440892098500626e-16,4.671734258825179,0.2880930568363462,6,0.15,0.993,0.03937629593242954,Ackley,5,5678
Wrong-Adaptive-Filter,6.562282196693278,2.2849622885157896,4.440892098500626e-16,4.277319908177489,0.3481962859913549,6,1.0,0.8174999999999999,0.249956326881113,Ackley,5,5678
Oracle-Fixed-Filter,6.562282196693278,1.901610219451055,4.440892098500626e-16,4.660671977242224,0.2897787937875138,1,0.55,0.5875,0.55,Ackley,5,5678
Matching-Soft-Rerank,6.562282196693278,3.5278040149541785,4.440892098500626e-16,3.0344781817391,0.5375879776599415,6,0.0,1.0,,Ackley,5,5678
Target-Only,7.046446719430779,3.071964947647079,4.440892098500626e-16,3.9744817717837004,0.43595943742482957,0,0.0,1.0,0.0,Ackley,5,8888
Matching-Fixed-Filter,7.046446719430779,3.7930694688447457,4.440892098500626e-16,3.2533772505860337,0.5382953451397351,6,1.0,0.25,1.0,Ackley,5,8888
Matching-Adaptive-Filter,7.046446719430779,5.119653772924355,4.440892098500626e-16,1.9267929465064242,0.7265582181735317,6,0.65,0.9525,0.07941020608406696,Ackley,5,8888
Random-Adaptive-Filter,7.046446719430779,4.146520285851782,4.440892098500626e-16,2.8999264335789974,0.5884554940886211,6,1.0,0.8749999999999998,0.17256058734579324,Ackley,5,8888
Wrong-Adaptive-Filter,7.046446719430779,2.820864937343764,4.440892098500626e-16,4.225581782087016,0.40032445424800384,6,1.0,0.7865000000000001,0.292441669816176,Ackley,5,8888
Oracle-Fixed-Filter,7.046446719430779,3.071964947647079,4.440892098500626e-16,3.9744817717837004,0.43595943742482957,1,0.2,0.85,0.2,Ackley,5,8888
Matching-Soft-Rerank,7.046446719430779,3.7930694688447457,4.440892098500626e-16,3.2533772505860337,0.5382953451397351,6,0.0,1.0,,Ackley,5,8888
