problem,dim,seed,n_init,target_only_r2,match_partial_corr,match_delta_r2,rand_partial_corr,rand_delta_r2,wrong_partial_corr,wrong_delta_r2,method,top1_true_y,top1_regret_pool,top1_improvement,top1_hit_top05,top1_hit_top10,rank_of_pool_oracle,top3_mean_regret_pool
GMM,2,42,6,0.14351067258395156,0.5817962466653742,0.2899103938813852,0.1871125585930808,0.029986641699046412,-0.28514245231896485,0.0696379080676075,Target-Only,-0.5283443291782803,0.41578592715972973,0.06094042079478257,0.0,0.0,392,0.41050417009490037
GMM,2,42,6,0.14351067258395156,0.5817962466653742,0.2899103938813852,0.1871125585930808,0.029986641699046412,-0.28514245231896485,0.0696379080676075,Source-Region,-0.3823351085815928,0.5617951477564173,0.0,0.0,0.0,146,0.6001793573850558
GMM,2,42,6,0.14351067258395156,0.5817962466653742,0.2899103938813852,0.1871125585930808,0.029986641699046412,-0.28514245231896485,0.0696379080676075,Random-Region,-0.038576738580704366,0.9055535177573057,0.0,0.0,0.0,44,0.9015601460880884
GMM,2,42,6,0.14351067258395156,0.5817962466653742,0.2899103938813852,0.1871125585930808,0.029986641699046412,-0.28514245231896485,0.0696379080676075,Wrong-Source,-0.1781119415371548,0.7660183148008552,0.0,0.0,0.0,333,0.7295603002281595
GMM,2,42,6,0.14351067258395156,0.5817962466653742,0.2899103938813852,0.1871125585930808,0.029986641699046412,-0.28514245231896485,0.0696379080676075,Oracle-Target-Region,-0.7079229238871018,0.2362073324509083,0.240519015503604,0.0,1.0,160,0.2258266139263344
GMM,2,42,6,0.14351067258395156,0.5817962466653742,0.2899103938813852,0.1871125585930808,0.029986641699046412,-0.28514245231896485,0.0696379080676075,Hard-Filter,-0.5514011373046654,0.3927291190333446,0.08399722892116768,0.0,0.0,200,0.37442661594807136
GMM,2,101,6,0.043164993349968483,0.4893395561821259,0.22911720540517144,-0.24479659229305722,0.05733869333175867,-0.2579043383725719,0.06364354342352962,Target-Only,-0.01280068330791982,0.9746523081536953,0.0,0.0,0.0,688,0.9769288696288322
GMM,2,101,6,0.043164993349968483,0.4893395561821259,0.22911720540517144,-0.24479659229305722,0.05733869333175867,-0.2579043383725719,0.06364354342352962,Source-Region,-0.30660692414601387,0.6808460673156013,0.16152206518954546,0.0,0.0,558,0.7087228937886048
GMM,2,101,6,0.043164993349968483,0.4893395561821259,0.22911720540517144,-0.24479659229305722,0.05733869333175867,-0.2579043383725719,0.06364354342352962,Random-Region,-0.010908126726913055,0.976544864734702,0.0,0.0,0.0,504,0.9740699210845979
GMM,2,101,6,0.043164993349968483,0.4893395561821259,0.22911720540517144,-0.24479659229305722,0.05733869333175867,-0.2579043383725719,0.06364354342352962,Wrong-Source,-0.06218897254379749,0.9252640189178176,0.0,0.0,0.0,760,0.9324603579724722
GMM,2,101,6,0.043164993349968483,0.4893395561821259,0.22911720540517144,-0.24479659229305722,0.05733869333175867,-0.2579043383725719,0.06364354342352962,Oracle-Target-Region,-0.39992988693142206,0.5875231045301931,0.2548450279749537,0.0,1.0,209,0.6005884192569106
GMM,2,101,6,0.043164993349968483,0.4893395561821259,0.22911720540517144,-0.24479659229305722,0.05733869333175867,-0.2579043383725719,0.06364354342352962,Hard-Filter,-0.38964767881945506,0.5978053126421601,0.24456281986298664,0.0,1.0,767,0.5699470114815876
GMM,2,2026,6,0.004712965986430007,0.7508658336436456,0.5611423322660721,0.20461512433345622,0.04167002971371703,-0.2728332886235383,0.07408717960310196,Target-Only,-0.0072325249822914345,0.984483171444096,0.0,0.0,0.0,531,0.9730791179988406
GMM,2,2026,6,0.004712965986430007,0.7508658336436456,0.5611423322660721,0.20461512433345622,0.04167002971371703,-0.2728332886235383,0.07408717960310196,Source-Region,-0.2195179182342658,0.7721977781921217,0.0,0.0,0.0,178,0.7688632129664501
GMM,2,2026,6,0.004712965986430007,0.7508658336436456,0.5611423322660721,0.20461512433345622,0.04167002971371703,-0.2728332886235383,0.07408717960310196,Random-Region,-0.03973687906818882,0.9519788173581987,0.0,0.0,0.0,674,0.9444234345898274
GMM,2,2026,6,0.004712965986430007,0.7508658336436456,0.5611423322660721,0.20461512433345622,0.04167002971371703,-0.2728332886235383,0.07408717960310196,Wrong-Source,-0.03973687906818882,0.9519788173581987,0.0,0.0,0.0,764,0.960979094467112
GMM,2,2026,6,0.004712965986430007,0.7508658336436456,0.5611423322660721,0.20461512433345622,0.04167002971371703,-0.2728332886235383,0.07408717960310196,Oracle-Target-Region,-0.3048259160282309,0.6868897803981566,0.0,0.0,0.0,180,0.6991055263255019
GMM,2,2026,6,0.004712965986430007,0.7508658336436456,0.5611423322660721,0.20461512433345622,0.04167002971371703,-0.2728332886235383,0.07408717960310196,Hard-Filter,-0.2669327228008717,0.7247829736255158,0.0,0.0,0.0,166,0.727541525590157
GMM,2,777,6,4.2784281006347236e-05,0.7535604183558261,0.5678290089172743,0.17848442902087613,0.031855328437271346,-0.31394500117883356,0.09855724688381551,Target-Only,-0.0019210491742356736,0.978468471328348,0.0,0.0,0.0,527,0.9172040211437205
GMM,2,777,6,4.2784281006347236e-05,0.7535604183558261,0.5678290089172743,0.17848442902087613,0.031855328437271346,-0.31394500117883356,0.09855724688381551,Source-Region,-0.43101969254093875,0.5493698279616449,0.0,0.0,1.0,236,0.5698507196772737
GMM,2,777,6,4.2784281006347236e-05,0.7535604183558261,0.5678290089172743,0.17848442902087613,0.031855328437271346,-0.31394500117883356,0.09855724688381551,Random-Region,-0.18688263774697866,0.793506882755605,0.0,0.0,0.0,260,0.848548599270065
GMM,2,777,6,4.2784281006347236e-05,0.7535604183558261,0.5678290089172743,0.17848442902087613,0.031855328437271346,-0.31394500117883356,0.09855724688381551,Wrong-Source,-0.0019210491742356736,0.978468471328348,0.0,0.0,0.0,552,0.9631495117995494
GMM,2,777,6,4.2784281006347236e-05,0.7535604183558261,0.5678290089172743,0.17848442902087613,0.031855328437271346,-0.31394500117883356,0.09855724688381551,Oracle-Target-Region,-0.5174210471440494,0.4629684733585343,0.0,0.0,1.0,124,0.4770722676845235
GMM,2,777,6,4.2784281006347236e-05,0.7535604183558261,0.5678290089172743,0.17848442902087613,0.031855328437271346,-0.31394500117883356,0.09855724688381551,Hard-Filter,-0.3278475561243377,0.652541964378246,0.0,0.0,0.0,203,0.5615679105844174
GMM,2,999,6,0.0046072384909903175,0.6932862008339551,0.47843130663797584,0.029198550365045733,0.0008486274176261466,-0.3873011635962877,0.1493110954534419,Target-Only,-0.036750073091413954,0.9606340296826401,0.0,0.0,0.0,849,0.9378203798317091
GMM,2,999,6,0.0046072384909903175,0.6932862008339551,0.47843130663797584,0.029198550365045733,0.0008486274176261466,-0.3873011635962877,0.1493110954534419,Source-Region,-0.6339162407809784,0.3634678619930757,0.0,0.0,1.0,403,0.382657499232153
GMM,2,999,6,0.0046072384909903175,0.6932862008339551,0.47843130663797584,0.029198550365045733,0.0008486274176261466,-0.3873011635962877,0.1493110954534419,Random-Region,-0.34664679383462116,0.6507373089394329,0.0,0.0,0.0,505,0.6517668940596928
GMM,2,999,6,0.0046072384909903175,0.6932862008339551,0.47843130663797584,0.029198550365045733,0.0008486274176261466,-0.3873011635962877,0.1493110954534419,Wrong-Source,-0.05734749765553406,0.94003660511852,0.0,0.0,0.0,897,0.9438055302937519
GMM,2,999,6,0.0046072384909903175,0.6932862008339551,0.47843130663797584,0.029198550365045733,0.0008486274176261466,-0.3873011635962877,0.1493110954534419,Oracle-Target-Region,-0.5599486849163794,0.4374354178576747,0.0,0.0,1.0,341,0.40062009135595233
GMM,2,999,6,0.0046072384909903175,0.6932862008339551,0.47843130663797584,0.029198550365045733,0.0008486274176261466,-0.3873011635962877,0.1493110954534419,Hard-Filter,-0.273056851321444,0.72432725145261,0.0,0.0,0.0,280,0.7093321289739405
Rastrigin,2,42,6,0.02360700699861229,0.44326440379462834,0.19184494828552978,0.22361156033002239,0.04882172928242012,0.050829937631432405,0.0025226895473482447,Target-Only,39.02517704121445,36.05193626636657,0.0,0.0,0.0,782,27.530922406110648
Rastrigin,2,42,6,0.02360700699861229,0.44326440379462834,0.19184494828552978,0.22361156033002239,0.04882172928242012,0.050829937631432405,0.0025226895473482447,Source-Region,44.41087443249846,41.43763365765058,0.0,0.0,0.0,419,35.92866931322994
Rastrigin,2,42,6,0.02360700699861229,0.44326440379462834,0.19184494828552978,0.22361156033002239,0.04882172928242012,0.050829937631432405,0.0025226895473482447,Random-Region,43.70143788895148,40.7281971141036,0.0,0.0,0.0,440,22.97515044436048
Rastrigin,2,42,6,0.02360700699861229,0.44326440379462834,0.19184494828552978,0.22361156033002239,0.04882172928242012,0.050829937631432405,0.0025226895473482447,Wrong-Source,34.74267218717615,31.769431412328267,0.0,0.0,0.0,452,36.934203795908196
Rastrigin,2,42,6,0.02360700699861229,0.44326440379462834,0.19184494828552978,0.22361156033002239,0.04882172928242012,0.050829937631432405,0.0025226895473482447,Oracle-Target-Region,23.04174891001997,20.068508135172088,3.1724915628037635,0.0,0.0,380,14.085334828584312
Rastrigin,2,42,6,0.02360700699861229,0.44326440379462834,0.19184494828552978,0.22361156033002239,0.04882172928242012,0.050829937631432405,0.0025226895473482447,Hard-Filter,23.04174891001997,20.068508135172088,3.1724915628037635,0.0,0.0,258,15.701281057689073
Rastrigin,2,101,6,0.15692447108496577,0.43152511808764643,0.15699240545260107,-0.06470263339301226,0.0035294773339895613,0.19748643212562705,0.0328806967015105,Target-Only,38.14166418709156,36.731744799601216,0.0,0.0,0.0,390,40.792361948009685
Rastrigin,2,101,6,0.15692447108496577,0.43152511808764643,0.15699240545260107,-0.06470263339301226,0.0035294773339895613,0.19748643212562705,0.0328806967015105,Source-Region,15.647514805295408,14.237595417805071,13.093670877268885,0.0,1.0,213,9.89109324643547
Rastrigin,2,101,6,0.15692447108496577,0.43152511808764643,0.15699240545260107,-0.06470263339301226,0.0035294773339895613,0.19748643212562705,0.0328806967015105,Random-Region,32.26590516097215,30.855985773481816,0.0,0.0,0.0,274,32.428922266527394
Rastrigin,2,101,6,0.15692447108496577,0.43152511808764643,0.15699240545260107,-0.06470263339301226,0.0035294773339895613,0.19748643212562705,0.0328806967015105,Wrong-Source,15.38661961024965,13.976700222759312,13.354566072314643,0.0,1.0,242,11.299693136525104
Rastrigin,2,101,6,0.15692447108496577,0.43152511808764643,0.15699240545260107,-0.06470263339301226,0.0035294773339895613,0.19748643212562705,0.0328806967015105,Oracle-Target-Region,12.833390716312788,11.423471328822451,15.907794966251505,0.0,1.0,96,17.045323790472903
Rastrigin,2,101,6,0.15692447108496577,0.43152511808764643,0.15699240545260107,-0.06470263339301226,0.0035294773339895613,0.19748643212562705,0.0328806967015105,Hard-Filter,10.534429310802423,9.124509923312086,18.20675637176187,1.0,1.0,143,13.73492037561613
Rastrigin,2,2026,6,2.603995251027058e-05,0.459083990129498,0.21075262186204557,-0.06300201994127243,0.003969151157481421,0.23198351850942592,0.05381495148474047,Target-Only,63.27394056002662,62.17877617277473,0.0,0.0,0.0,537,64.93605172161263
Rastrigin,2,2026,6,2.603995251027058e-05,0.459083990129498,0.21075262186204557,-0.06300201994127243,0.003969151157481421,0.23198351850942592,0.05381495148474047,Source-Region,36.62653608141271,35.531371694160825,0.0,0.0,0.0,248,21.67283182362166
Rastrigin,2,2026,6,2.603995251027058e-05,0.459083990129498,0.21075262186204557,-0.06300201994127243,0.003969151157481421,0.23198351850942592,0.05381495148474047,Random-Region,45.29318109228514,44.198016705033254,0.0,0.0,0.0,679,43.132970667763175
Rastrigin,2,2026,6,2.603995251027058e-05,0.459083990129498,0.21075262186204557,-0.06300201994127243,0.003969151157481421,0.23198351850942592,0.05381495148474047,Wrong-Source,37.24240705715031,36.147242669898425,0.0,0.0,0.0,430,33.83318145651214
Rastrigin,2,2026,6,2.603995251027058e-05,0.459083990129498,0.21075262186204557,-0.06300201994127243,0.003969151157481421,0.23198351850942592,0.05381495148474047,Oracle-Target-Region,37.43131247525841,36.336148088006524,0.0,0.0,0.0,183,35.77877707290165
Rastrigin,2,2026,6,2.603995251027058e-05,0.459083990129498,0.21075262186204557,-0.06300201994127243,0.003969151157481421,0.23198351850942592,0.05381495148474047,Hard-Filter,27.515509458396266,26.420345071144382,1.3693701549535042,0.0,0.0,183,22.59969133950212
Rastrigin,2,777,6,0.004144609952434708,0.39075854802107424,0.152059393062156,0.06410014349375483,0.004091798904857447,0.14905071323571248,0.022124037984259992,Target-Only,26.242625264594587,22.60213458127786,0.0,0.0,0.0,657,27.809231042909136
Rastrigin,2,777,6,0.004144609952434708,0.39075854802107424,0.152059393062156,0.06410014349375483,0.004091798904857447,0.14905071323571248,0.022124037984259992,Source-Region,25.845270856927613,22.204780173610885,0.0,0.0,0.0,253,14.898243121223597
Rastrigin,2,777,6,0.004144609952434708,0.39075854802107424,0.152059393062156,0.06410014349375483,0.004091798904857447,0.14905071323571248,0.022124037984259992,Random-Region,16.80446685891209,13.163976175595362,1.7484411312000177,0.0,1.0,483,17.068807386166135
Rastrigin,2,777,6,0.004144609952434708,0.39075854802107424,0.152059393062156,0.06410014349375483,0.004091798904857447,0.14905071323571248,0.022124037984259992,Wrong-Source,15.096684017835777,11.45619333451905,3.45622397227633,1.0,1.0,443,15.246797838463888
Rastrigin,2,777,6,0.004144609952434708,0.39075854802107424,0.152059393062156,0.06410014349375483,0.004091798904857447,0.14905071323571248,0.022124037984259992,Oracle-Target-Region,26.242625264594587,22.60213458127786,0.0,0.0,0.0,274,11.045884052887587
Rastrigin,2,777,6,0.004144609952434708,0.39075854802107424,0.152059393062156,0.06410014349375483,0.004091798904857447,0.14905071323571248,0.022124037984259992,Hard-Filter,26.242625264594587,22.60213458127786,0.0,0.0,0.0,228,27.566893049542376
Rastrigin,2,999,6,0.10695850586620237,0.2988688829256063,0.07976879636310796,0.038299024204088206,0.0013099268869302128,-0.1399478660513266,0.017490579534025996,Target-Only,17.712549857113533,16.981064336034272,0.0,0.0,0.0,45,21.338690414430914
Rastrigin,2,999,6,0.10695850586620237,0.2988688829256063,0.07976879636310796,0.038299024204088206,0.0013099268869302128,-0.1399478660513266,0.017490579534025996,Source-Region,31.239605179322375,30.508119658243114,0.0,0.0,0.0,6,15.113691379206475
Rastrigin,2,999,6,0.10695850586620237,0.2988688829256063,0.07976879636310796,0.038299024204088206,0.0013099268869302128,-0.1399478660513266,0.017490579534025996,Random-Region,25.82946070987081,25.097975188791548,0.0,0.0,0.0,25,31.039267233547907
Rastrigin,2,999,6,0.10695850586620237,0.2988688829256063,0.07976879636310796,0.038299024204088206,0.0013099268869302128,-0.1399478660513266,0.017490579534025996,Wrong-Source,25.921838412608412,25.19035289152915,0.0,0.0,0.0,238,31.502490441615176
Rastrigin,2,999,6,0.10695850586620237,0.2988688829256063,0.07976879636310796,0.038299024204088206,0.0013099268869302128,-0.1399478660513266,0.017490579534025996,Oracle-Target-Region,17.712549857113533,16.981064336034272,0.0,0.0,0.0,13,14.66511521652684
Rastrigin,2,999,6,0.10695850586620237,0.2988688829256063,0.07976879636310796,0.038299024204088206,0.0013099268869302128,-0.1399478660513266,0.017490579534025996,Hard-Filter,17.712549857113533,16.981064336034272,0.0,0.0,0.0,25,23.465695282448337
Lunacek,2,42,6,0.03560241889178262,0.06769240051317436,0.004419121508536739,-0.03435629233541041,0.0011383313361855718,0.22580532122279356,0.04917274542387662,Target-Only,9.258559505484198,8.836832690594514,13.817553315042632,0.0,1.0,552,21.154278752663508
Lunacek,2,42,6,0.03560241889178262,0.06769240051317436,0.004419121508536739,-0.03435629233541041,0.0011383313361855718,0.22580532122279356,0.04917274542387662,Source-Region,11.887078508303285,11.4653516934136,11.189034312223546,0.0,0.0,355,18.727603227536928
Lunacek,2,42,6,0.03560241889178262,0.06769240051317436,0.004419121508536739,-0.03435629233541041,0.0011383313361855718,0.22580532122279356,0.04917274542387662,Random-Region,9.037993878858392,8.616267063968708,14.038118941668438,0.0,1.0,506,20.321146906755537
Lunacek,2,42,6,0.03560241889178262,0.06769240051317436,0.004419121508536739,-0.03435629233541041,0.0011383313361855718,0.22580532122279356,0.04917274542387662,Wrong-Source,25.502075863874992,25.08034904898531,0.0,0.0,0.0,177,24.501838624842872
Lunacek,2,42,6,0.03560241889178262,0.06769240051317436,0.004419121508536739,-0.03435629233541041,0.0011383313361855718,0.22580532122279356,0.04917274542387662,Oracle-Target-Region,17.762518954038622,17.340792139148938,5.313593866488208,0.0,0.0,132,24.71121313580005
Lunacek,2,42,6,0.03560241889178262,0.06769240051317436,0.004419121508536739,-0.03435629233541041,0.0011383313361855718,0.22580532122279356,0.04917274542387662,Hard-Filter,18.93129015612164,18.509563341231956,4.14482266440519,0.0,0.0,777,16.89148384288155
Lunacek,2,101,6,0.024374726846655315,0.08896010036700172,0.007721000319743543,0.055044804019593385,0.002956076722483325,0.06276680378352927,0.003843643236690397,Target-Only,51.07206826978252,49.656164884140125,0.0,0.0,0.0,556,35.361707755912384
Lunacek,2,101,6,0.024374726846655315,0.08896010036700172,0.007721000319743543,0.055044804019593385,0.002956076722483325,0.06276680378352927,0.003843643236690397,Source-Region,24.413383435642253,22.99748004999986,0.0,0.0,0.0,282,23.70871110164399
Lunacek,2,101,6,0.024374726846655315,0.08896010036700172,0.007721000319743543,0.055044804019593385,0.002956076722483325,0.06276680378352927,0.003843643236690397,Random-Region,29.53695533469614,28.12105194905375,0.0,0.0,0.0,335,26.122796624688874
Lunacek,2,101,6,0.024374726846655315,0.08896010036700172,0.007721000319743543,0.055044804019593385,0.002956076722483325,0.06276680378352927,0.003843643236690397,Wrong-Source,12.467419727839836,11.051516342197445,0.0,0.0,0.0,200,16.841094087243018
Lunacek,2,101,6,0.024374726846655315,0.08896010036700172,0.007721000319743543,0.055044804019593385,0.002956076722483325,0.06276680378352927,0.003843643236690397,Oracle-Target-Region,8.357655024405123,6.941751638762732,0.0,1.0,1.0,85,6.5252585724075995
Lunacek,2,101,6,0.024374726846655315,0.08896010036700172,0.007721000319743543,0.055044804019593385,0.002956076722483325,0.06276680378352927,0.003843643236690397,Hard-Filter,39.928382511658626,38.51247912601623,0.0,0.0,0.0,145,31.198975329922302
Lunacek,2,2026,6,2.578104785211366e-08,0.2057824325695214,0.04234640846249482,0.0288956979797141,0.000834961340208884,0.09977732607409844,0.00995551454183341,Target-Only,48.04332663195234,46.315609748911506,0.0,0.0,0.0,933,38.99183028735476
Lunacek,2,2026,6,2.578104785211366e-08,0.2057824325695214,0.04234640846249482,0.0288956979797141,0.000834961340208884,0.09977732607409844,0.00995551454183341,Source-Region,10.929107690431673,9.20139080739084,0.0,0.0,0.0,796,30.39163889868337
Lunacek,2,2026,6,2.578104785211366e-08,0.2057824325695214,0.04234640846249482,0.0288956979797141,0.000834961340208884,0.09977732607409844,0.00995551454183341,Random-Region,9.937530963130042,8.20981408008921,0.534337381823649,0.0,1.0,597,10.847979376188214
Lunacek,2,2026,6,2.578104785211366e-08,0.2057824325695214,0.04234640846249482,0.0288956979797141,0.000834961340208884,0.09977732607409844,0.00995551454183341,Wrong-Source,32.49461057520851,30.76689369216768,0.0,0.0,0.0,988,18.34923342329139
Lunacek,2,2026,6,2.578104785211366e-08,0.2057824325695214,0.04234640846249482,0.0288956979797141,0.000834961340208884,0.09977732607409844,0.00995551454183341,Oracle-Target-Region,20.5385367733021,18.810819890261268,0.0,0.0,0.0,494,16.731307498579135
Lunacek,2,2026,6,2.578104785211366e-08,0.2057824325695214,0.04234640846249482,0.0288956979797141,0.000834961340208884,0.09977732607409844,0.00995551454183341,Hard-Filter,38.185384728714894,36.45766784567406,0.0,0.0,0.0,967,31.22125206689572
Lunacek,2,777,6,0.05953146867055237,0.179346472048778,0.030250317997950527,0.04318876212542271,0.001754226960536731,0.042073500027258716,0.0016647980247809224,Target-Only,20.601812688670588,19.43957715873812,0.0,0.0,0.0,84,14.07655287655853
Lunacek,2,777,6,0.05953146867055237,0.179346472048778,0.030250317997950527,0.04318876212542271,0.001754226960536731,0.042073500027258716,0.0016647980247809224,Source-Region,17.61778153389892,16.455546003966454,0.0,0.0,0.0,49,16.74007578769413
Lunacek,2,777,6,0.05953146867055237,0.179346472048778,0.030250317997950527,0.04318876212542271,0.001754226960536731,0.042073500027258716,0.0016647980247809224,Random-Region,21.891850216629102,20.729614686696635,0.0,0.0,0.0,6,13.295030354573498
Lunacek,2,777,6,0.05953146867055237,0.179346472048778,0.030250317997950527,0.04318876212542271,0.001754226960536731,0.042073500027258716,0.0016647980247809224,Wrong-Source,8.98301654303584,7.820781013103374,1.8369489911418775,0.0,1.0,52,14.333313877520887
Lunacek,2,777,6,0.05953146867055237,0.179346472048778,0.030250317997950527,0.04318876212542271,0.001754226960536731,0.042073500027258716,0.0016647980247809224,Oracle-Target-Region,15.525950081883728,14.363714551951261,0.0,0.0,0.0,16,11.911801636187725
Lunacek,2,777,6,0.05953146867055237,0.179346472048778,0.030250317997950527,0.04318876212542271,0.001754226960536731,0.042073500027258716,0.0016647980247809224,Hard-Filter,20.601812688670588,19.43957715873812,0.0,0.0,0.0,21,17.946073580815177
Lunacek,2,999,6,0.0027856483690955613,0.0647396830283077,0.004179551275178217,0.011240463205106693,0.00012599605192864516,0.04991753082925893,0.0024848187172326064,Target-Only,24.264278884570825,23.139913855010413,0.0,0.0,0.0,312,24.632736909031333
Lunacek,2,999,6,0.0027856483690955613,0.0647396830283077,0.004179551275178217,0.011240463205106693,0.00012599605192864516,0.04991753082925893,0.0024848187172326064,Source-Region,28.850350301620587,27.725985272060175,0.0,0.0,0.0,102,35.90551212726538
Lunacek,2,999,6,0.0027856483690955613,0.0647396830283077,0.004179551275178217,0.011240463205106693,0.00012599605192864516,0.04991753082925893,0.0024848187172326064,Random-Region,29.007092159667838,27.882727130107426,0.0,0.0,0.0,237,31.817756666552395
Lunacek,2,999,6,0.0027856483690955613,0.0647396830283077,0.004179551275178217,0.011240463205106693,0.00012599605192864516,0.04991753082925893,0.0024848187172326064,Wrong-Source,37.59028466816213,36.46591963860171,0.0,0.0,0.0,355,34.998144756829234
Lunacek,2,999,6,0.0027856483690955613,0.0647396830283077,0.004179551275178217,0.011240463205106693,0.00012599605192864516,0.04991753082925893,0.0024848187172326064,Oracle-Target-Region,22.74985388868016,21.62548885911975,0.0,0.0,0.0,70,30.16226032205161
Lunacek,2,999,6,0.0027856483690955613,0.0647396830283077,0.004179551275178217,0.011240463205106693,0.00012599605192864516,0.04991753082925893,0.0024848187172326064,Hard-Filter,24.264278884570825,23.139913855010413,0.0,0.0,0.0,96,24.632736909031333
Ackley,2,42,6,0.21050937633330613,0.6079206981029412,0.29177013541739916,0.18888166685398822,0.02816609176333018,-0.10883183268725122,0.009351017326148847,Target-Only,9.267819144324552,7.538789925763012,0.8058029746541404,0.0,0.0,528,7.728360023981049
Ackley,2,42,6,0.21050937633330613,0.6079206981029412,0.29177013541739916,0.18888166685398822,0.02816609176333018,-0.10883183268725122,0.009351017326148847,Source-Region,4.584798182921311,2.8557689643597715,5.488823936057381,0.0,1.0,285,2.6034383161433543
Ackley,2,42,6,0.21050937633330613,0.6079206981029412,0.29177013541739916,0.18888166685398822,0.02816609176333018,-0.10883183268725122,0.009351017326148847,Random-Region,4.147808563324183,2.4187793447626436,5.925813555654509,1.0,1.0,468,2.41260974823463
Ackley,2,42,6,0.21050937633330613,0.6079206981029412,0.29177013541739916,0.18888166685398822,0.02816609176333018,-0.10883183268725122,0.009351017326148847,Wrong-Source,9.87970333240559,8.150674113844051,0.1939187865731018,0.0,0.0,754,6.602154452728632
Ackley,2,42,6,0.21050937633330613,0.6079206981029412,0.29177013541739916,0.18888166685398822,0.02816609176333018,-0.10883183268725122,0.009351017326148847,Oracle-Target-Region,2.86406143756609,1.1350322190045503,7.2095606814126025,1.0,1.0,212,2.2110003358299717
Ackley,2,42,6,0.21050937633330613,0.6079206981029412,0.29177013541739916,0.18888166685398822,0.02816609176333018,-0.10883183268725122,0.009351017326148847,Hard-Filter,9.290206922094718,7.561177703533179,0.7834151968839738,0.0,0.0,234,6.829638866765153
Ackley,2,101,6,0.05316679692803916,0.5470741560014323,0.28337783448531384,-0.28148219074560393,0.07501970015896042,-0.04233980542121421,0.001697349179546892,Target-Only,11.748307522730249,11.539214520937039,0.0,0.0,0.0,314,11.473542002376798
Ackley,2,101,6,0.05316679692803916,0.5470741560014323,0.28337783448531384,-0.28148219074560393,0.07501970015896042,-0.04233980542121421,0.001697349179546892,Source-Region,6.410591489512427,6.201498487719217,0.20174180484907112,0.0,0.0,113,5.511206736732275
Ackley,2,101,6,0.05316679692803916,0.5470741560014323,0.28337783448531384,-0.28148219074560393,0.07501970015896042,-0.04233980542121421,0.001697349179546892,Random-Region,11.748307522730249,11.539214520937039,0.0,0.0,0.0,499,11.378277574821519
Ackley,2,101,6,0.05316679692803916,0.5470741560014323,0.28337783448531384,-0.28148219074560393,0.07501970015896042,-0.04233980542121421,0.001697349179546892,Wrong-Source,8.173538240146561,7.964445238353351,0.0,0.0,0.0,384,7.546012366714454
Ackley,2,101,6,0.05316679692803916,0.5470741560014323,0.28337783448531384,-0.28148219074560393,0.07501970015896042,-0.04233980542121421,0.001697349179546892,Oracle-Target-Region,2.937817275908675,2.7287242741154643,3.6745160184528234,1.0,1.0,104,3.2741379549358847
Ackley,2,101,6,0.05316679692803916,0.5470741560014323,0.28337783448531384,-0.28148219074560393,0.07501970015896042,-0.04233980542121421,0.001697349179546892,Hard-Filter,5.954878424750852,5.745785422957642,0.6574548696106461,0.0,0.0,132,5.351714162323784
Ackley,2,2026,6,1.552661229475838e-06,0.5105953857560804,0.26070724316474325,0.017908166670472757,0.00032070193555511217,0.15589378379909088,0.02430283409307077,Target-Only,12.569599464592212,10.126941950144658,0.0,0.0,0.0,761,8.440493989435575
Ackley,2,2026,6,1.552661229475838e-06,0.5105953857560804,0.26070724316474325,0.017908166670472757,0.00032070193555511217,0.15589378379909088,0.02430283409307077,Source-Region,7.938738497648103,5.4960809832005495,0.0,0.0,0.0,384,5.369083776280764
Ackley,2,2026,6,1.552661229475838e-06,0.5105953857560804,0.26070724316474325,0.017908166670472757,0.00032070193555511217,0.15589378379909088,0.02430283409307077,Random-Region,8.434903831612058,5.992246317164504,0.0,0.0,0.0,758,5.734347711054468
Ackley,2,2026,6,1.552661229475838e-06,0.5105953857560804,0.26070724316474325,0.017908166670472757,0.00032070193555511217,0.15589378379909088,0.02430283409307077,Wrong-Source,8.680672041488565,6.2380145270410114,0.0,0.0,0.0,324,6.386613738037923
Ackley,2,2026,6,1.552661229475838e-06,0.5105953857560804,0.26070724316474325,0.017908166670472757,0.00032070193555511217,0.15589378379909088,0.02430283409307077,Oracle-Target-Region,7.823698515179677,5.381041000732123,0.0,0.0,0.0,338,5.308783384029544
Ackley,2,2026,6,1.552661229475838e-06,0.5105953857560804,0.26070724316474325,0.017908166670472757,0.00032070193555511217,0.15589378379909088,0.02430283409307077,Hard-Filter,8.077355259919841,5.6346977454722875,0.0,0.0,0.0,228,6.879886837252011
Ackley,2,777,6,0.07036872887926138,0.6237484437014165,0.3616843141086965,0.2512100910566602,0.05866578496663599,0.07463334878393933,0.005178173307874179,Target-Only,5.414099000117059,3.305694648515551,0.6297086437158868,0.0,1.0,857,5.422314616682643
Ackley,2,777,6,0.07036872887926138,0.6237484437014165,0.3616843141086965,0.2512100910566602,0.05866578496663599,0.07463334878393933,0.005178173307874179,Source-Region,4.618182493081395,2.5097781414798876,1.42562515075155,1.0,1.0,586,2.7477976381238203
Ackley,2,777,6,0.07036872887926138,0.6237484437014165,0.3616843141086965,0.2512100910566602,0.05866578496663599,0.07463334878393933,0.005178173307874179,Random-Region,7.823848575956735,5.7154442243552275,0.0,0.0,0.0,639,4.469525533513636
Ackley,2,777,6,0.07036872887926138,0.6237484437014165,0.3616843141086965,0.2512100910566602,0.05866578496663599,0.07463334878393933,0.005178173307874179,Wrong-Source,7.367608873758357,5.25920452215685,0.0,0.0,0.0,953,5.3626248825859655
Ackley,2,777,6,0.07036872887926138,0.6237484437014165,0.3616843141086965,0.2512100910566602,0.05866578496663599,0.07463334878393933,0.005178173307874179,Oracle-Target-Region,2.904392857522098,0.7959885059205902,3.1394147863108475,1.0,1.0,406,1.6747724391580343
Ackley,2,777,6,0.07036872887926138,0.6237484437014165,0.3616843141086965,0.2512100910566602,0.05866578496663599,0.07463334878393933,0.005178173307874179,Hard-Filter,5.414099000117059,3.305694648515551,0.6297086437158868,0.0,1.0,268,3.1602154483489913
Ackley,2,999,6,0.05421374861730288,0.6684804119521628,0.4226397768581984,-0.08345837911396684,0.0065876859644694585,-0.07517954669285609,0.005345550072390792,Target-Only,11.412123249907879,10.12047274999275,0.0,0.0,0.0,592,10.10817196368965
Ackley,2,999,6,0.05421374861730288,0.6684804119521628,0.4226397768581984,-0.08345837911396684,0.0065876859644694585,-0.07517954669285609,0.005345550072390792,Source-Region,3.5522056349300972,2.260555135014968,1.057972195480438,1.0,1.0,287,2.2054380850811484
Ackley,2,999,6,0.05421374861730288,0.6684804119521628,0.4226397768581984,-0.08345837911396684,0.0065876859644694585,-0.07517954669285609,0.005345550072390792,Random-Region,11.412123249907879,10.12047274999275,0.0,0.0,0.0,718,8.279652166649313
Ackley,2,999,6,0.05421374861730288,0.6684804119521628,0.4226397768581984,-0.08345837911396684,0.0065876859644694585,-0.07517954669285609,0.005345550072390792,Wrong-Source,6.147237125465935,4.8555866255508064,0.0,0.0,0.0,529,6.061056681698277
Ackley,2,999,6,0.05421374861730288,0.6684804119521628,0.4226397768581984,-0.08345837911396684,0.0065876859644694585,-0.07517954669285609,0.005345550072390792,Oracle-Target-Region,3.829975081474338,2.538324581559209,0.7802027489361971,1.0,1.0,247,2.764390307942025
Ackley,2,999,6,0.05421374861730288,0.6684804119521628,0.4226397768581984,-0.08345837911396684,0.0065876859644694585,-0.07517954669285609,0.005345550072390792,Hard-Filter,6.147237125465935,4.8555866255508064,0.0,0.0,0.0,194,3.5638155246826373
GMM,5,42,12,4.5425854313219105e-05,0.07831983662366665,0.006088570954444372,-0.016782886897879382,0.0002362394383136346,0.001220847039685734,0.0,Target-Only,-7.923878687619123e-14,0.22915155007626323,0.0,0.0,0.0,637,0.22915155007470436
GMM,5,42,12,4.5425854313219105e-05,0.07831983662366665,0.006088570954444372,-0.016782886897879382,0.0002362394383136346,0.001220847039685734,0.0,Source-Region,-0.00015933546046790654,0.22899221461587457,0.0,0.0,0.0,652,0.22909797867951556
GMM,5,42,12,4.5425854313219105e-05,0.07831983662366665,0.006088570954444372,-0.016782886897879382,0.0002362394383136346,0.001220847039685734,0.0,Random-Region,-5.956833971309485e-11,0.22915155001677412,0.0,0.0,0.0,479,0.22915113623323155
GMM,5,42,12,4.5425854313219105e-05,0.07831983662366665,0.006088570954444372,-0.016782886897879382,0.0002362394383136346,0.001220847039685734,0.0,Wrong-Source,-1.4364137309396268e-17,0.22915155007634244,0.0,0.0,0.0,252,0.22912656001246876
GMM,5,42,12,4.5425854313219105e-05,0.07831983662366665,0.006088570954444372,-0.016782886897879382,0.0002362394383136346,0.001220847039685734,0.0,Oracle-Target-Region,-0.11071409047550694,0.11843745960083553,0.10801559367393776,1.0,1.0,229,0.13080529840210592
GMM,5,42,12,4.5425854313219105e-05,0.07831983662366665,0.006088570954444372,-0.016782886897879382,0.0002362394383136346,0.001220847039685734,0.0,Hard-Filter,-4.438319928380335e-15,0.22915155007633803,0.0,0.0,0.0,756,0.22915155007634094
GMM,5,101,12,0.0,0.08891436780883746,0.007905764802845217,-0.007652090434112566,5.855448801195262e-05,0.23697035032239466,0.05615494693191847,Target-Only,-1.3109268808651536e-05,0.3097990932543562,0.0,0.0,0.0,779,0.3039061060252994
GMM,5,101,12,0.0,0.08891436780883746,0.007905764802845217,-0.007652090434112566,5.855448801195262e-05,0.23697035032239466,0.05615494693191847,Source-Region,-1.9789513901863742e-11,0.3098122025033753,0.0,0.0,0.0,577,0.3063799402659941
GMM,5,101,12,0.0,0.08891436780883746,0.007905764802845217,-0.007652090434112566,5.855448801195262e-05,0.23697035032239466,0.05615494693191847,Random-Region,-0.009989328229856135,0.29982287429330867,0.00984866208689447,1.0,1.0,675,0.306287956317532
GMM,5,101,12,0.0,0.08891436780883746,0.007905764802845217,-0.007652090434112566,5.855448801195262e-05,0.23697035032239466,0.05615494693191847,Wrong-Source,-0.007526260877808395,0.30228594164535644,0.007385594734846731,0.0,1.0,314,0.3048674706957011
GMM,5,101,12,0.0,0.08891436780883746,0.007905764802845217,-0.007652090434112566,5.855448801195262e-05,0.23697035032239466,0.05615494693191847,Oracle-Target-Region,-0.01755674090217061,0.2922554616209942,0.017416074759208946,1.0,1.0,301,0.29821510450593247
GMM,5,101,12,0.0,0.08891436780883746,0.007905764802845217,-0.007652090434112566,5.855448801195262e-05,0.23697035032239466,0.05615494693191847,Hard-Filter,-0.0006311973324655858,0.30918100519069924,0.000490531189503921,0.0,0.0,220,0.3095980454965134
GMM,5,2026,12,0.0,0.13531699297164618,0.018310688586888557,-0.017698554150657485,0.0003132388190236757,0.07673351897309649,0.005888032933994425,Target-Only,-1.0527765412184121e-14,0.23700569523420148,0.0,0.0,0.0,130,0.23686855259408213
GMM,5,2026,12,0.0,0.13531699297164618,0.018310688586888557,-0.017698554150657485,0.0003132388190236757,0.07673351897309649,0.005888032933994425,Source-Region,-8.54023802959839e-06,0.2369971549961824,0.0,0.0,0.0,97,0.23669662418779525
GMM,5,2026,12,0.0,0.13531699297164618,0.018310688586888557,-0.017698554150657485,0.0003132388190236757,0.07673351897309649,0.005888032933994425,Random-Region,-0.0019511520290042147,0.23505454320520777,0.0019220394523409472,0.0,1.0,208,0.236355278585699
GMM,5,2026,12,0.0,0.13531699297164618,0.018310688586888557,-0.017698554150657485,0.0003132388190236757,0.07673351897309649,0.005888032933994425,Wrong-Source,-0.01140211395515357,0.22560358127905844,0.011373001378490302,1.0,1.0,47,0.23319514312276673
GMM,5,2026,12,0.0,0.13531699297164618,0.018310688586888557,-0.017698554150657485,0.0003132388190236757,0.07673351897309649,0.005888032933994425,Oracle-Target-Region,-0.21523362481485808,0.021772070419353917,0.2152045122381948,1.0,1.0,15,0.1509844164636257
GMM,5,2026,12,0.0,0.13531699297164618,0.018310688586888557,-0.017698554150657485,0.0003132388190236757,0.07673351897309649,0.005888032933994425,Hard-Filter,-0.0004114279203692418,0.23659426731384275,0.00038231534370597426,0.0,0.0,398,0.2368546371720591
GMM,5,777,12,0.018083165552146507,0.02843906258903408,0.0,0.09079646732958765,0.0,-0.012910937134181467,0.0,Target-Only,-4.603343878359216e-10,0.2706868123759907,0.0,0.0,0.0,17,0.2224580427752386
GMM,5,777,12,0.018083165552146507,0.02843906258903408,0.0,0.09079646732958765,0.0,-0.012910937134181467,0.0,Source-Region,-0.0004962471980111896,0.2701905656383139,0.0,0.0,0.0,168,0.2652624279755547
GMM,5,777,12,0.018083165552146507,0.02843906258903408,0.0,0.09079646732958765,0.0,-0.012910937134181467,0.0,Random-Region,-0.015317511124003843,0.2553693017123212,0.009562881681371071,1.0,1.0,3,0.2555735266538889
GMM,5,777,12,0.018083165552146507,0.02843906258903408,0.0,0.09079646732958765,0.0,-0.012910937134181467,0.0,Wrong-Source,-0.0005401754212259639,0.2701466374150991,0.0,0.0,0.0,4,0.27046618980360937
GMM,5,777,12,0.018083165552146507,0.02843906258903408,0.0,0.09079646732958765,0.0,-0.012910937134181467,0.0,Oracle-Target-Region,-0.14468604276102043,0.12600077007530464,0.13893141331838765,1.0,1.0,1,0.11568803950026135
GMM,5,777,12,0.018083165552146507,0.02843906258903408,0.0,0.09079646732958765,0.0,-0.012910937134181467,0.0,Hard-Filter,-2.669619046152053e-07,0.2706865458744204,0.0,0.0,0.0,313,0.25745905357010457
GMM,5,999,12,0.0,0.11335645931903651,0.012849686869348398,0.27409728650791837,0.07512932247100379,0.06780577439724511,0.004597623041610155,Target-Only,-3.4861940812019655e-06,0.29025471719362594,0.0,0.0,0.0,125,0.2902515072480504
GMM,5,999,12,0.0,0.11335645931903651,0.012849686869348398,0.27409728650791837,0.07512932247100379,0.06780577439724511,0.004597623041610155,Source-Region,-1.2438119961912212e-07,0.2902580790065075,0.0,0.0,0.0,175,0.29025803557816726
GMM,5,999,12,0.0,0.11335645931903651,0.012849686869348398,0.27409728650791837,0.07512932247100379,0.06780577439724511,0.004597623041610155,Random-Region,-3.373176142211494e-05,0.290224471626285,0.0,0.0,0.0,69,0.2898193779162239
GMM,5,999,12,0.0,0.11335645931903651,0.012849686869348398,0.27409728650791837,0.07512932247100379,0.06780577439724511,0.004597623041610155,Wrong-Source,-3.4861940812019655e-06,0.29025471719362594,0.0,0.0,0.0,3,0.2896151711040942
GMM,5,999,12,0.0,0.11335645931903651,0.012849686869348398,0.27409728650791837,0.07512932247100379,0.06780577439724511,0.004597623041610155,Oracle-Target-Region,-0.02695948886840346,0.2632987145193037,0.02616367413638031,1.0,1.0,4,0.2800420574280829
GMM,5,999,12,0.0,0.11335645931903651,0.012849686869348398,0.27409728650791837,0.07512932247100379,0.06780577439724511,0.004597623041610155,Hard-Filter,-1.6233299345399348e-05,0.2902419700883617,0.0,0.0,0.0,386,0.29025279170319657
Rastrigin,5,42,12,0.05487978794857107,0.2655693830512107,0.06665658507445704,-0.01739900838732796,0.0002861119820072311,0.07745665780547704,0.005670280693553353,Target-Only,88.13429328753455,62.52636285163441,0.0,0.0,0.0,244,53.783586907166686
Rastrigin,5,42,12,0.05487978794857107,0.2655693830512107,0.06665658507445704,-0.01739900838732796,0.0002861119820072311,0.07745665780547704,0.005670280693553353,Source-Region,87.6877815613049,62.079851125404765,0.0,0.0,0.0,498,46.92734589358009
Rastrigin,5,42,12,0.05487978794857107,0.2655693830512107,0.06665658507445704,-0.01739900838732796,0.0002861119820072311,0.07745665780547704,0.005670280693553353,Random-Region,88.76428311784686,63.15635268194672,0.0,0.0,0.0,441,61.23724385974294
Rastrigin,5,42,12,0.05487978794857107,0.2655693830512107,0.06665658507445704,-0.01739900838732796,0.0002861119820072311,0.07745665780547704,0.005670280693553353,Wrong-Source,98.1750200635964,72.56708962769628,0.0,0.0,0.0,601,61.546513563497506
Rastrigin,5,42,12,0.05487978794857107,0.2655693830512107,0.06665658507445704,-0.01739900838732796,0.0002861119820072311,0.07745665780547704,0.005670280693553353,Oracle-Target-Region,50.24351980941367,24.635589373513533,0.0,1.0,1.0,37,30.095865727151562
Rastrigin,5,42,12,0.05487978794857107,0.2655693830512107,0.06665658507445704,-0.01739900838732796,0.0002861119820072311,0.07745665780547704,0.005670280693553353,Hard-Filter,55.28808868834768,29.68015825244754,0.0,1.0,1.0,467,51.60232226719487
Rastrigin,5,101,12,0.042164462326313434,0.16085330113428895,0.024782830274607703,0.025241794441740115,0.000610283175927262,0.22247210067434692,0.04740695461282418,Target-Only,111.56094009925613,92.76961577147785,0.0,0.0,0.0,530,87.35170099874234
Rastrigin,5,101,12,0.042164462326313434,0.16085330113428895,0.024782830274607703,0.025241794441740115,0.000610283175927262,0.22247210067434692,0.04740695461282418,Source-Region,79.8766942974124,61.085369969634115,0.0,0.0,0.0,131,75.15498276479195
Rastrigin,5,101,12,0.042164462326313434,0.16085330113428895,0.024782830274607703,0.025241794441740115,0.000610283175927262,0.22247210067434692,0.04740695461282418,Random-Region,105.24780303991811,86.45647871213983,0.0,0.0,0.0,167,80.01632736571811
Rastrigin,5,101,12,0.042164462326313434,0.16085330113428895,0.024782830274607703,0.025241794441740115,0.000610283175927262,0.22247210067434692,0.04740695461282418,Wrong-Source,82.78729542663419,63.995971098855904,0.0,0.0,0.0,282,55.74427722594379
Rastrigin,5,101,12,0.042164462326313434,0.16085330113428895,0.024782830274607703,0.025241794441740115,0.000610283175927262,0.22247210067434692,0.04740695461282418,Oracle-Target-Region,41.77036171102304,22.979037383244755,13.929165464426205,1.0,1.0,184,49.00083906015726
Rastrigin,5,101,12,0.042164462326313434,0.16085330113428895,0.024782830274607703,0.025241794441740115,0.000610283175927262,0.22247210067434692,0.04740695461282418,Hard-Filter,115.0421274944448,96.25080316666651,0.0,0.0,0.0,156,82.28042177013721
Rastrigin,5,2026,12,0.0010034001749482657,0.0990389547517651,0.009798872492418287,0.009737112150631227,9.471621930579044e-05,0.07119619314022098,0.005063811784602246,Target-Only,141.28542664897444,117.26080292675289,0.0,0.0,0.0,152,100.1322696664566
Rastrigin,5,2026,12,0.0010034001749482657,0.0990389547517651,0.009798872492418287,0.009737112150631227,9.471621930579044e-05,0.07119619314022098,0.005063811784602246,Source-Region,109.98163696682971,85.95701324460816,0.0,0.0,0.0,143,78.89442266506201
Rastrigin,5,2026,12,0.0010034001749482657,0.0990389547517651,0.009798872492418287,0.009737112150631227,9.471621930579044e-05,0.07119619314022098,0.005063811784602246,Random-Region,74.24746268878765,50.2228389665661,0.0,0.0,0.0,166,66.6627372381823
Rastrigin,5,2026,12,0.0010034001749482657,0.0990389547517651,0.009798872492418287,0.009737112150631227,9.471621930579044e-05,0.07119619314022098,0.005063811784602246,Wrong-Source,109.98877080414661,85.96414708192506,0.0,0.0,0.0,307,89.45169759275036
Rastrigin,5,2026,12,0.0010034001749482657,0.0990389547517651,0.009798872492418287,0.009737112150631227,9.471621930579044e-05,0.07119619314022098,0.005063811784602246,Oracle-Target-Region,61.96008941682345,37.9354656946019,0.0,0.0,1.0,15,44.39898268340522
Rastrigin,5,2026,12,0.0010034001749482657,0.0990389547517651,0.009798872492418287,0.009737112150631227,9.471621930579044e-05,0.07119619314022098,0.005063811784602246,Hard-Filter,109.98163696682971,85.95701324460816,0.0,0.0,0.0,395,96.65213862180693
Rastrigin,5,777,12,0.004010172721503058,0.13268104773333095,0.017533664302665564,0.0880987637522474,0.007730267651494649,0.07761914825464089,0.00600057195915038,Target-Only,70.94278427138435,42.636516464575124,0.0,0.0,0.0,553,61.05526746274094
Rastrigin,5,777,12,0.004010172721503058,0.13268104773333095,0.017533664302665564,0.0880987637522474,0.007730267651494649,0.07761914825464089,0.00600057195915038,Source-Region,61.11921790773772,32.81295010092849,0.0,0.0,0.0,483,57.446641515876394
Rastrigin,5,777,12,0.004010172721503058,0.13268104773333095,0.017533664302665564,0.0880987637522474,0.007730267651494649,0.07761914825464089,0.00600057195915038,Random-Region,66.7921746997647,38.48590689295547,0.0,0.0,0.0,141,36.453647169197396
Rastrigin,5,777,12,0.004010172721503058,0.13268104773333095,0.017533664302665564,0.0880987637522474,0.007730267651494649,0.07761914825464089,0.00600057195915038,Wrong-Source,90.67890551615841,62.37263770934918,0.0,0.0,0.0,218,60.22053857301228
Rastrigin,5,777,12,0.004010172721503058,0.13268104773333095,0.017533664302665564,0.0880987637522474,0.007730267651494649,0.07761914825464089,0.00600057195915038,Oracle-Target-Region,90.10077462971515,61.794506822905916,0.0,0.0,0.0,192,42.356603551695784
Rastrigin,5,777,12,0.004010172721503058,0.13268104773333095,0.017533664302665564,0.0880987637522474,0.007730267651494649,0.07761914825464089,0.00600057195915038,Hard-Filter,104.32992877024478,76.02366096343555,0.0,0.0,0.0,689,55.383991152340826
Rastrigin,5,999,12,0.10848357950402765,0.13240261729436506,0.01562868676742779,0.14007071176495434,0.017491377695322274,0.042292904244515706,0.0015946462827947094,Target-Only,71.72956878867205,44.76122438335746,0.0,0.0,0.0,227,59.76101684797058
Rastrigin,5,999,12,0.10848357950402765,0.13240261729436506,0.01562868676742779,0.14007071176495434,0.017491377695322274,0.042292904244515706,0.0015946462827947094,Source-Region,77.98843810482965,51.02009369951506,0.0,0.0,0.0,264,50.35135070347458
Rastrigin,5,999,12,0.10848357950402765,0.13240261729436506,0.01562868676742779,0.14007071176495434,0.017491377695322274,0.042292904244515706,0.0015946462827947094,Random-Region,98.23487883742744,71.26653443211285,0.0,0.0,0.0,164,69.7214077300346
Rastrigin,5,999,12,0.10848357950402765,0.13240261729436506,0.01562868676742779,0.14007071176495434,0.017491377695322274,0.042292904244515706,0.0015946462827947094,Wrong-Source,88.0912260208487,61.1228816155341,0.0,0.0,0.0,132,46.34502259214925
Rastrigin,5,999,12,0.10848357950402765,0.13240261729436506,0.01562868676742779,0.14007071176495434,0.017491377695322274,0.042292904244515706,0.0015946462827947094,Oracle-Target-Region,71.72956878867205,44.76122438335746,0.0,0.0,0.0,73,43.333545319736345
Rastrigin,5,999,12,0.10848357950402765,0.13240261729436506,0.01562868676742779,0.14007071176495434,0.017491377695322274,0.042292904244515706,0.0015946462827947094,Hard-Filter,100.36728895033478,73.39894454502019,0.0,0.0,0.0,474,52.86843308296555
Lunacek,5,42,12,0.011031589535865916,0.14464919968569134,0.020692572708834733,-0.04465944161460834,0.0019724635981034355,0.19254054470326978,0.03666289979683701,Target-Only,54.946992524798,31.02656693197229,8.00124714877051,0.0,1.0,466,56.29219783338249
Lunacek,5,42,12,0.011031589535865916,0.14464919968569134,0.020692572708834733,-0.04465944161460834,0.0019724635981034355,0.19254054470326978,0.03666289979683701,Source-Region,62.16432838852016,38.24390279569445,0.7839112850483474,0.0,0.0,569,49.85921633781919
Lunacek,5,42,12,0.011031589535865916,0.14464919968569134,0.020692572708834733,-0.04465944161460834,0.0019724635981034355,0.19254054470326978,0.03666289979683701,Random-Region,83.15721037644975,59.236784783624046,0.0,0.0,0.0,471,63.023040614782616
Lunacek,5,42,12,0.011031589535865916,0.14464919968569134,0.020692572708834733,-0.04465944161460834,0.0019724635981034355,0.19254054470326978,0.03666289979683701,Wrong-Source,65.34636687615205,41.42594128332634,0.0,0.0,0.0,327,43.33535963014417
Lunacek,5,42,12,0.011031589535865916,0.14464919968569134,0.020692572708834733,-0.04465944161460834,0.0019724635981034355,0.19254054470326978,0.03666289979683701,Oracle-Target-Region,59.71233510854445,35.79190951571874,3.2359045650240574,0.0,0.0,129,44.95217708343213
Lunacek,5,42,12,0.011031589535865916,0.14464919968569134,0.020692572708834733,-0.04465944161460834,0.0019724635981034355,0.19254054470326978,0.03666289979683701,Hard-Filter,88.92472827514275,65.00430268231705,0.0,0.0,0.0,634,58.697976454623216
Lunacek,5,101,12,0.0027429449463577393,0.1842899714520579,0.03386963550479183,-0.02964249177423817,0.0008762671550752721,0.1730750662728579,0.02987281370828021,Target-Only,96.79835040832495,72.95060980152275,0.0,0.0,0.0,314,62.99338334269408
Lunacek,5,101,12,0.0027429449463577393,0.1842899714520579,0.03386963550479183,-0.02964249177423817,0.0008762671550752721,0.1730750662728579,0.02987281370828021,Source-Region,86.76708687210584,62.91934626530362,0.0,0.0,0.0,305,80.09144422215331
Lunacek,5,101,12,0.0027429449463577393,0.1842899714520579,0.03386963550479183,-0.02964249177423817,0.0008762671550752721,0.1730750662728579,0.02987281370828021,Random-Region,100.873430538652,77.0256899318498,0.0,0.0,0.0,158,69.0424065015437
Lunacek,5,101,12,0.0027429449463577393,0.1842899714520579,0.03386963550479183,-0.02964249177423817,0.0008762671550752721,0.1730750662728579,0.02987281370828021,Wrong-Source,116.74868998264392,92.90094937584172,0.0,0.0,0.0,69,70.14959203864171
Lunacek,5,101,12,0.0027429449463577393,0.1842899714520579,0.03386963550479183,-0.02964249177423817,0.0008762671550752721,0.1730750662728579,0.02987281370828021,Oracle-Target-Region,85.39744932179983,61.549708714997614,0.0,0.0,0.0,93,40.92893718628907
Lunacek,5,101,12,0.0027429449463577393,0.1842899714520579,0.03386963550479183,-0.02964249177423817,0.0008762671550752721,0.1730750662728579,0.02987281370828021,Hard-Filter,96.79835040832495,72.95060980152275,0.0,0.0,0.0,512,77.60507426659004
Lunacek,5,2026,12,0.06721869639505185,0.06195557714286582,0.003580475007285977,-0.029063631397495748,0.0007879153954394313,0.15957394762853222,0.02375219831166242,Target-Only,62.62821184834635,39.84709342339531,0.0,0.0,0.0,185,35.01101498408631
Lunacek,5,2026,12,0.06721869639505185,0.06195557714286582,0.003580475007285977,-0.029063631397495748,0.0007879153954394313,0.15957394762853222,0.02375219831166242,Source-Region,77.9985124869183,55.217394061967255,0.0,0.0,0.0,572,57.40892718929962
Lunacek,5,2026,12,0.06721869639505185,0.06195557714286582,0.003580475007285977,-0.029063631397495748,0.0007879153954394313,0.15957394762853222,0.02375219831166242,Random-Region,53.960366977754575,31.17924855280353,0.0,0.0,1.0,140,44.661872055482775
Lunacek,5,2026,12,0.06721869639505185,0.06195557714286582,0.003580475007285977,-0.029063631397495748,0.0007879153954394313,0.15957394762853222,0.02375219831166242,Wrong-Source,63.15477996557536,40.37366154062431,0.0,0.0,0.0,450,43.00398197119033
Lunacek,5,2026,12,0.06721869639505185,0.06195557714286582,0.003580475007285977,-0.029063631397495748,0.0007879153954394313,0.15957394762853222,0.02375219831166242,Oracle-Target-Region,41.93191161855235,19.150793193601302,5.4846304805167065,1.0,1.0,59,28.949145041283792
Lunacek,5,2026,12,0.06721869639505185,0.06195557714286582,0.003580475007285977,-0.029063631397495748,0.0007879153954394313,0.15957394762853222,0.02375219831166242,Hard-Filter,35.73175574133283,12.950637316381787,11.684786357736222,1.0,1.0,443,40.78718238431637
Lunacek,5,777,12,0.003540838439075822,0.19911527272160295,0.039506508592413336,0.10298628444226011,0.010568620031858211,0.1467564190022615,0.021461185899855684,Target-Only,55.140568737649104,28.431201544889316,0.0,0.0,0.0,967,41.77510500681079
Lunacek,5,777,12,0.003540838439075822,0.19911527272160295,0.039506508592413336,0.10298628444226011,0.010568620031858211,0.1467564190022615,0.021461185899855684,Source-Region,83.75796650899491,57.048599316235126,0.0,0.0,0.0,991,46.42404093584783
Lunacek,5,777,12,0.003540838439075822,0.19911527272160295,0.039506508592413336,0.10298628444226011,0.010568620031858211,0.1467564190022615,0.021461185899855684,Random-Region,79.77160388937085,53.062236696611066,0.0,0.0,0.0,997,46.40682479324835
Lunacek,5,777,12,0.003540838439075822,0.19911527272160295,0.039506508592413336,0.10298628444226011,0.010568620031858211,0.1467564190022615,0.021461185899855684,Wrong-Source,55.140568737649104,28.431201544889316,0.0,0.0,0.0,910,42.896532651220866
Lunacek,5,777,12,0.003540838439075822,0.19911527272160295,0.039506508592413336,0.10298628444226011,0.010568620031858211,0.1467564190022615,0.021461185899855684,Oracle-Target-Region,75.13341451559089,48.4240473228311,0.0,0.0,0.0,734,43.32260832842165
Lunacek,5,777,12,0.003540838439075822,0.19911527272160295,0.039506508592413336,0.10298628444226011,0.010568620031858211,0.1467564190022615,0.021461185899855684,Hard-Filter,74.6218581548039,47.91249096204412,0.0,0.0,0.0,977,47.218721530482384
Lunacek,5,999,12,0.012230527461527307,0.17404387848030195,0.029920793406871815,0.019689979228681945,0.0003829535642323467,0.16217288773499755,0.025978382087381457,Target-Only,56.82125626885171,34.6039079862231,0.0,0.0,0.0,456,42.84512594863046
Lunacek,5,999,12,0.012230527461527307,0.17404387848030195,0.029920793406871815,0.019689979228681945,0.0003829535642323467,0.16217288773499755,0.025978382087381457,Source-Region,55.59804872782226,33.380700445193646,0.0,0.0,0.0,324,42.63156754137295
Lunacek,5,999,12,0.012230527461527307,0.17404387848030195,0.029920793406871815,0.019689979228681945,0.0003829535642323467,0.16217288773499755,0.025978382087381457,Random-Region,57.03183815691144,34.81448987428283,0.0,0.0,0.0,777,40.62447623748145
Lunacek,5,999,12,0.012230527461527307,0.17404387848030195,0.029920793406871815,0.019689979228681945,0.0003829535642323467,0.16217288773499755,0.025978382087381457,Wrong-Source,64.46816721063689,42.25081892800828,0.0,0.0,0.0,230,40.93613424157557
Lunacek,5,999,12,0.012230527461527307,0.17404387848030195,0.029920793406871815,0.019689979228681945,0.0003829535642323467,0.16217288773499755,0.025978382087381457,Oracle-Target-Region,56.82125626885171,34.6039079862231,0.0,0.0,0.0,144,41.34886200600403
Lunacek,5,999,12,0.012230527461527307,0.17404387848030195,0.029920793406871815,0.019689979228681945,0.0003829535642323467,0.16217288773499755,0.025978382087381457,Hard-Filter,67.86501349306373,45.647665210435115,0.0,0.0,0.0,642,49.91627849223848
Ackley,5,42,12,0.027584301873689432,0.24683018368530668,0.05924456213630247,0.06437483893436358,0.0040298072338388335,0.023363066459326436,0.0005307764556033989,Target-Only,9.856527588718416,4.618968698733484,0.0,0.0,0.0,490,4.03382552853399
Ackley,5,42,12,0.027584301873689432,0.24683018368530668,0.05924456213630247,0.06437483893436358,0.0040298072338388335,0.023363066459326436,0.0005307764556033989,Source-Region,8.968902747979087,3.7313438579941547,0.0,0.0,0.0,372,3.8301924360414628
Ackley,5,42,12,0.027584301873689432,0.24683018368530668,0.05924456213630247,0.06437483893436358,0.0040298072338388335,0.023363066459326436,0.0005307764556033989,Random-Region,9.246763001958739,4.009204111973807,0.0,0.0,0.0,118,3.7701183687205297
Ackley,5,42,12,0.027584301873689432,0.24683018368530668,0.05924456213630247,0.06437483893436358,0.0040298072338388335,0.023363066459326436,0.0005307764556033989,Wrong-Source,8.60892816091161,3.371369270926678,0.0,0.0,0.0,743,4.527932627558634
Ackley,5,42,12,0.027584301873689432,0.24683018368530668,0.05924456213630247,0.06437483893436358,0.0040298072338388335,0.023363066459326436,0.0005307764556033989,Oracle-Target-Region,6.474588292462812,1.23702940247788,0.8769658006742844,1.0,1.0,128,1.5988113790342808
Ackley,5,42,12,0.027584301873689432,0.24683018368530668,0.05924456213630247,0.06437483893436358,0.0040298072338388335,0.023363066459326436,0.0005307764556033989,Hard-Filter,10.721071445526961,5.483512555542029,0.0,0.0,0.0,616,4.242735736787049
Ackley,5,101,12,0.10395147388170356,0.21771896851215702,0.04247408834118416,-0.005479397446821196,2.6902778495041524e-05,0.09222338267040668,0.007621029192837359,Target-Only,9.539177654545304,5.534406441242984,0.0,0.0,0.0,7,4.853370377674629
Ackley,5,101,12,0.10395147388170356,0.21771896851215702,0.04247408834118416,-0.005479397446821196,2.6902778495041524e-05,0.09222338267040668,0.007621029192837359,Source-Region,6.948733210323516,2.943961997021196,1.5898163956019609,1.0,1.0,102,4.921302544087228
Ackley,5,101,12,0.10395147388170356,0.21771896851215702,0.04247408834118416,-0.005479397446821196,2.6902778495041524e-05,0.09222338267040668,0.007621029192837359,Random-Region,7.309897757138842,3.305126543836522,1.228651848786635,0.0,1.0,23,4.433849234410729
Ackley,5,101,12,0.10395147388170356,0.21771896851215702,0.04247408834118416,-0.005479397446821196,2.6902778495041524e-05,0.09222338267040668,0.007621029192837359,Wrong-Source,7.690502715057663,3.6857315017553436,0.8480468908678134,0.0,1.0,2,1.792696808043222
Ackley,5,101,12,0.10395147388170356,0.21771896851215702,0.04247408834118416,-0.005479397446821196,2.6902778495041524e-05,0.09222338267040668,0.007621029192837359,Oracle-Target-Region,4.00477121330232,0.0,4.533778392623157,1.0,1.0,0,0.4269918566255422
Ackley,5,101,12,0.10395147388170356,0.21771896851215702,0.04247408834118416,-0.005479397446821196,2.6902778495041524e-05,0.09222338267040668,0.007621029192837359,Hard-Filter,8.478035685231346,4.473264471929026,0.060513920694130974,0.0,0.0,306,4.241905014538851
Ackley,5,2026,12,8.841719868923903e-06,0.18661280270403927,0.034824030226014435,-0.06010928070359265,0.003613093680458923,0.02733719771125718,0.0007473157710894407,Target-Only,10.200490769567251,5.527261713903128,0.0,0.0,0.0,937,6.183640697160152
Ackley,5,2026,12,8.841719868923903e-06,0.18661280270403927,0.034824030226014435,-0.06010928070359265,0.003613093680458923,0.02733719771125718,0.0007473157710894407,Source-Region,9.367488538903952,4.694259483239829,0.0,0.0,0.0,777,5.304351818968383
Ackley,5,2026,12,8.841719868923903e-06,0.18661280270403927,0.034824030226014435,-0.06010928070359265,0.003613093680458923,0.02733719771125718,0.0007473157710894407,Random-Region,10.710660895112326,6.037431839448203,0.0,0.0,0.0,751,6.764570357028532
Ackley,5,2026,12,8.841719868923903e-06,0.18661280270403927,0.034824030226014435,-0.06010928070359265,0.003613093680458923,0.02733719771125718,0.0007473157710894407,Wrong-Source,11.655376803851187,6.982147748187064,0.0,0.0,0.0,912,6.270869971276902
Ackley,5,2026,12,8.841719868923903e-06,0.18661280270403927,0.034824030226014435,-0.06010928070359265,0.003613093680458923,0.02733719771125718,0.0007473157710894407,Oracle-Target-Region,7.162762656053523,2.4895336003894,1.08603299806445,1.0,1.0,472,2.924292349539752
Ackley,5,2026,12,8.841719868923903e-06,0.18661280270403927,0.034824030226014435,-0.06010928070359265,0.003613093680458923,0.02733719771125718,0.0007473157710894407,Hard-Filter,11.65945759379325,6.986228538129128,0.0,0.0,0.0,955,5.808597284846011
Ackley,5,777,12,0.10173531573917838,0.15222367296149797,0.020814631131709116,0.12285296963071732,0.013557376068497495,0.09149286683569981,0.007519323981575399,Target-Only,8.507127995390517,4.29769750460232,0.0,0.0,0.0,29,3.288843521893412
Ackley,5,777,12,0.10173531573917838,0.15222367296149797,0.020814631131709116,0.12285296963071732,0.013557376068497495,0.09149286683569981,0.007519323981575399,Source-Region,7.488502947180168,3.2790724563919706,0.0,0.0,1.0,32,4.01163323590608
Ackley,5,777,12,0.10173531573917838,0.15222367296149797,0.020814631131709116,0.12285296963071732,0.013557376068497495,0.09149286683569981,0.007519323981575399,Random-Region,7.995347270730171,3.7859167799419744,0.0,0.0,0.0,1,1.8518742066756841
Ackley,5,777,12,0.10173531573917838,0.15222367296149797,0.020814631131709116,0.12285296963071732,0.013557376068497495,0.09149286683569981,0.007519323981575399,Wrong-Source,9.941222931687006,5.7317924408988095,0.0,0.0,0.0,74,5.05910652461753
Ackley,5,777,12,0.10173531573917838,0.15222367296149797,0.020814631131709116,0.12285296963071732,0.013557376068497495,0.09149286683569981,0.007519323981575399,Oracle-Target-Region,6.092571488228881,1.8831409974406839,0.7536263177421763,1.0,1.0,1,1.390967200708876
Ackley,5,777,12,0.10173531573917838,0.15222367296149797,0.020814631131709116,0.12285296963071732,0.013557376068497495,0.09149286683569981,0.007519323981575399,Hard-Filter,8.507127995390517,4.29769750460232,0.0,0.0,0.0,13,4.01163323590608
Ackley,5,999,12,0.07645805523324767,0.18028790496689104,0.03001855679485166,0.1775230128763077,0.029104888827980235,0.05282987774259549,0.0025776018573274717,Target-Only,8.240495720303349,3.9235802264023807,0.0,0.0,0.0,62,5.418852605765425
Ackley,5,999,12,0.07645805523324767,0.18028790496689104,0.03001855679485166,0.1775230128763077,0.029104888827980235,0.05282987774259549,0.0025776018573274717,Source-Region,5.0430674038931365,0.7261519099921685,3.0053860378817205,1.0,1.0,82,3.0638412256207728
Ackley,5,999,12,0.07645805523324767,0.18028790496689104,0.03001855679485166,0.1775230128763077,0.029104888827980235,0.05282987774259549,0.0025776018573274717,Random-Region,6.1911106506895095,1.8741951567885415,1.8573427910853475,1.0,1.0,28,3.02422003365404
Ackley,5,999,12,0.07645805523324767,0.18028790496689104,0.03001855679485166,0.1775230128763077,0.029104888827980235,0.05282987774259549,0.0025776018573274717,Wrong-Source,5.968096853677583,1.651181359776615,2.080356588097274,1.0,1.0,143,2.8094234097821813
Ackley,5,999,12,0.07645805523324767,0.18028790496689104,0.03001855679485166,0.1775230128763077,0.029104888827980235,0.05282987774259549,0.0025776018573274717,Oracle-Target-Region,5.0430674038931365,0.7261519099921685,3.0053860378817205,1.0,1.0,3,1.4127175082577166
Ackley,5,999,12,0.07645805523324767,0.18028790496689104,0.03001855679485166,0.1775230128763077,0.029104888827980235,0.05282987774259549,0.0025776018573274717,Hard-Filter,8.240495720303349,3.9235802264023807,0.0,0.0,0.0,347,4.427148013284166
