problem,dim,seed,mode,step,best_y
GMM,2,42,Matching-Transfer,0,-0.12722582054929782
GMM,2,42,Matching-Transfer,1,-0.1476407259390084
GMM,2,42,Matching-Transfer,2,-0.1545882935838025
GMM,2,42,Matching-Transfer,3,-0.2371518798409955
GMM,2,42,Matching-Transfer,4,-0.2371518798409955
GMM,2,42,Matching-Transfer,5,-0.3074670248303149
GMM,2,42,Matching-Transfer,6,-0.3074670248303149
GMM,2,42,Matching-Transfer,7,-0.3074670248303149
GMM,2,42,Matching-Transfer,8,-0.43130420398640645
GMM,2,42,Matching-Transfer,9,-0.4675810707813124
GMM,2,42,Matching-Transfer,10,-0.4967572260480128
GMM,2,42,No-Transfer,0,-0.12722582054929782
GMM,2,42,No-Transfer,1,-0.12722582054929782
GMM,2,42,No-Transfer,2,-0.5598615810361709
GMM,2,42,No-Transfer,3,-0.5598615810361709
GMM,2,42,No-Transfer,4,-0.6178051124371545
GMM,2,42,No-Transfer,5,-0.6178051124371545
GMM,2,42,No-Transfer,6,-0.6178051124371545
GMM,2,42,No-Transfer,7,-0.7258931199209624
GMM,2,42,No-Transfer,8,-0.7956631853471715
GMM,2,42,No-Transfer,9,-0.7956631853471715
GMM,2,42,No-Transfer,10,-0.7956631853471715
GMM,2,42,Random-Transfer,0,-0.12722582054929782
GMM,2,42,Random-Transfer,1,-0.12722582054929782
GMM,2,42,Random-Transfer,2,-0.6500243477578865
GMM,2,42,Random-Transfer,3,-0.6500243477578865
GMM,2,42,Random-Transfer,4,-0.6500243477578865
GMM,2,42,Random-Transfer,5,-0.6500243477578865
GMM,2,42,Random-Transfer,6,-0.6896486997880353
GMM,2,42,Random-Transfer,7,-0.6896486997880353
GMM,2,42,Random-Transfer,8,-0.6896486997880353
GMM,2,42,Random-Transfer,9,-0.7689005683632185
GMM,2,42,Random-Transfer,10,-0.7853637191284716
GMM,2,42,Wrong-Transfer,0,-0.12722582054929782
GMM,2,42,Wrong-Transfer,1,-0.20172221287708253
GMM,2,42,Wrong-Transfer,2,-0.20172221287708253
GMM,2,42,Wrong-Transfer,3,-0.20172221287708253
GMM,2,42,Wrong-Transfer,4,-0.20172221287708253
GMM,2,42,Wrong-Transfer,5,-0.20574786208552057
GMM,2,42,Wrong-Transfer,6,-0.37400858988078417
GMM,2,42,Wrong-Transfer,7,-0.5870816282032045
GMM,2,42,Wrong-Transfer,8,-0.5870816282032045
GMM,2,42,Wrong-Transfer,9,-0.5870816282032045
GMM,2,42,Wrong-Transfer,10,-0.5999531468785336
GMM,2,101,Matching-Transfer,0,-0.31590510428679913
GMM,2,101,Matching-Transfer,1,-0.31590510428679913
GMM,2,101,Matching-Transfer,2,-0.7508688444633034
GMM,2,101,Matching-Transfer,3,-0.7508688444633034
GMM,2,101,Matching-Transfer,4,-0.7517513234851828
GMM,2,101,Matching-Transfer,5,-0.7517513234851828
GMM,2,101,Matching-Transfer,6,-0.7517513234851828
GMM,2,101,Matching-Transfer,7,-0.7969614538125859
GMM,2,101,Matching-Transfer,8,-0.7969614538125859
GMM,2,101,Matching-Transfer,9,-0.9101512953194021
GMM,2,101,Matching-Transfer,10,-0.9118750114715538
GMM,2,101,No-Transfer,0,-0.31590510428679913
GMM,2,101,No-Transfer,1,-0.31590510428679913
GMM,2,101,No-Transfer,2,-0.31590510428679913
GMM,2,101,No-Transfer,3,-0.45683620197638247
GMM,2,101,No-Transfer,4,-0.45683620197638247
GMM,2,101,No-Transfer,5,-0.45683620197638247
GMM,2,101,No-Transfer,6,-0.45683620197638247
GMM,2,101,No-Transfer,7,-0.45683620197638247
GMM,2,101,No-Transfer,8,-0.45683620197638247
GMM,2,101,No-Transfer,9,-0.45683620197638247
GMM,2,101,No-Transfer,10,-0.4596459155488584
GMM,2,101,Random-Transfer,0,-0.31590510428679913
GMM,2,101,Random-Transfer,1,-0.31667034187544235
GMM,2,101,Random-Transfer,2,-0.31667034187544235
GMM,2,101,Random-Transfer,3,-0.31667034187544235
GMM,2,101,Random-Transfer,4,-0.31667034187544235
GMM,2,101,Random-Transfer,5,-0.31667034187544235
GMM,2,101,Random-Transfer,6,-0.4627255571468262
GMM,2,101,Random-Transfer,7,-0.5381239161204074
GMM,2,101,Random-Transfer,8,-0.5381239161204074
GMM,2,101,Random-Transfer,9,-0.5640616530265493
GMM,2,101,Random-Transfer,10,-0.6715560491199462
GMM,2,101,Wrong-Transfer,0,-0.31590510428679913
GMM,2,101,Wrong-Transfer,1,-0.31590510428679913
GMM,2,101,Wrong-Transfer,2,-0.44456723059866365
GMM,2,101,Wrong-Transfer,3,-0.4618190898021061
GMM,2,101,Wrong-Transfer,4,-0.4618190898021061
GMM,2,101,Wrong-Transfer,5,-0.5560029845118626
GMM,2,101,Wrong-Transfer,6,-0.5560029845118626
GMM,2,101,Wrong-Transfer,7,-0.5560029845118626
GMM,2,101,Wrong-Transfer,8,-0.5803584549014571
GMM,2,101,Wrong-Transfer,9,-0.5924617028374108
GMM,2,101,Wrong-Transfer,10,-0.5924617028374108
GMM,2,2026,Matching-Transfer,0,-0.44113973547464025
GMM,2,2026,Matching-Transfer,1,-0.8555730608264311
GMM,2,2026,Matching-Transfer,2,-0.8555730608264311
GMM,2,2026,Matching-Transfer,3,-0.9668261427782775
GMM,2,2026,Matching-Transfer,4,-0.9668261427782775
GMM,2,2026,Matching-Transfer,5,-0.9668261427782775
GMM,2,2026,Matching-Transfer,6,-0.9818578547829327
GMM,2,2026,Matching-Transfer,7,-0.9818578547829327
GMM,2,2026,Matching-Transfer,8,-0.9949815756363422
GMM,2,2026,Matching-Transfer,9,-0.9949815756363422
GMM,2,2026,Matching-Transfer,10,-0.9949815756363422
GMM,2,2026,No-Transfer,0,-0.44113973547464025
GMM,2,2026,No-Transfer,1,-0.44113973547464025
GMM,2,2026,No-Transfer,2,-0.44113973547464025
GMM,2,2026,No-Transfer,3,-0.44113973547464025
GMM,2,2026,No-Transfer,4,-0.4560601176887794
GMM,2,2026,No-Transfer,5,-0.5409649898663668
GMM,2,2026,No-Transfer,6,-0.5790716012800504
GMM,2,2026,No-Transfer,7,-0.5790716012800504
GMM,2,2026,No-Transfer,8,-0.8267810997630592
GMM,2,2026,No-Transfer,9,-0.8267810997630592
GMM,2,2026,No-Transfer,10,-0.8783258659248513
GMM,2,2026,Random-Transfer,0,-0.44113973547464025
GMM,2,2026,Random-Transfer,1,-0.7397891044445875
GMM,2,2026,Random-Transfer,2,-0.7397891044445875
GMM,2,2026,Random-Transfer,3,-0.887705087717103
GMM,2,2026,Random-Transfer,4,-0.887705087717103
GMM,2,2026,Random-Transfer,5,-0.887705087717103
GMM,2,2026,Random-Transfer,6,-0.9818578547829327
GMM,2,2026,Random-Transfer,7,-0.9818578547829327
GMM,2,2026,Random-Transfer,8,-0.9818578547829327
GMM,2,2026,Random-Transfer,9,-0.9818578547829327
GMM,2,2026,Random-Transfer,10,-0.9818578547829327
GMM,2,2026,Wrong-Transfer,0,-0.44113973547464025
GMM,2,2026,Wrong-Transfer,1,-0.44113973547464025
GMM,2,2026,Wrong-Transfer,2,-0.44113973547464025
GMM,2,2026,Wrong-Transfer,3,-0.5279941692724847
GMM,2,2026,Wrong-Transfer,4,-0.5279941692724847
GMM,2,2026,Wrong-Transfer,5,-0.5279941692724847
GMM,2,2026,Wrong-Transfer,6,-0.5605713336705453
GMM,2,2026,Wrong-Transfer,7,-0.597273771223658
GMM,2,2026,Wrong-Transfer,8,-0.597273771223658
GMM,2,2026,Wrong-Transfer,9,-0.597273771223658
GMM,2,2026,Wrong-Transfer,10,-0.597273771223658
Rastrigin,2,42,Matching-Transfer,0,29.314341565150336
Rastrigin,2,42,Matching-Transfer,1,29.314341565150336
Rastrigin,2,42,Matching-Transfer,2,18.69900461086643
Rastrigin,2,42,Matching-Transfer,3,18.69900461086643
Rastrigin,2,42,Matching-Transfer,4,12.082098603907088
Rastrigin,2,42,Matching-Transfer,5,12.082098603907088
Rastrigin,2,42,Matching-Transfer,6,12.082098603907088
Rastrigin,2,42,Matching-Transfer,7,12.082098603907088
Rastrigin,2,42,Matching-Transfer,8,12.082098603907088
Rastrigin,2,42,Matching-Transfer,9,12.082098603907088
Rastrigin,2,42,Matching-Transfer,10,12.082098603907088
Rastrigin,2,42,No-Transfer,0,29.314341565150336
Rastrigin,2,42,No-Transfer,1,29.314341565150336
Rastrigin,2,42,No-Transfer,2,29.314341565150336
Rastrigin,2,42,No-Transfer,3,29.314341565150336
Rastrigin,2,42,No-Transfer,4,29.314341565150336
Rastrigin,2,42,No-Transfer,5,27.235109104740562
Rastrigin,2,42,No-Transfer,6,27.235109104740562
Rastrigin,2,42,No-Transfer,7,27.235109104740562
Rastrigin,2,42,No-Transfer,8,27.235109104740562
Rastrigin,2,42,No-Transfer,9,27.235109104740562
Rastrigin,2,42,No-Transfer,10,27.235109104740562
Rastrigin,2,42,Random-Transfer,0,29.314341565150336
Rastrigin,2,42,Random-Transfer,1,29.314341565150336
Rastrigin,2,42,Random-Transfer,2,29.314341565150336
Rastrigin,2,42,Random-Transfer,3,25.473212156026364
Rastrigin,2,42,Random-Transfer,4,21.13848626258954
Rastrigin,2,42,Random-Transfer,5,21.13848626258954
Rastrigin,2,42,Random-Transfer,6,21.13848626258954
Rastrigin,2,42,Random-Transfer,7,4.467486146493901
Rastrigin,2,42,Random-Transfer,8,4.467486146493901
Rastrigin,2,42,Random-Transfer,9,4.467486146493901
Rastrigin,2,42,Random-Transfer,10,4.467486146493901
Rastrigin,2,42,Wrong-Transfer,0,29.314341565150336
Rastrigin,2,42,Wrong-Transfer,1,15.241016316968942
Rastrigin,2,42,Wrong-Transfer,2,15.241016316968942
Rastrigin,2,42,Wrong-Transfer,3,15.241016316968942
Rastrigin,2,42,Wrong-Transfer,4,14.536785292860976
Rastrigin,2,42,Wrong-Transfer,5,14.536785292860976
Rastrigin,2,42,Wrong-Transfer,6,14.096127319804108
Rastrigin,2,42,Wrong-Transfer,7,12.960685742157386
Rastrigin,2,42,Wrong-Transfer,8,12.960685742157386
Rastrigin,2,42,Wrong-Transfer,9,12.960685742157386
Rastrigin,2,42,Wrong-Transfer,10,12.960685742157386
Rastrigin,2,101,Matching-Transfer,0,20.840408205090856
Rastrigin,2,101,Matching-Transfer,1,20.840408205090856
Rastrigin,2,101,Matching-Transfer,2,20.840408205090856
Rastrigin,2,101,Matching-Transfer,3,20.840408205090856
Rastrigin,2,101,Matching-Transfer,4,20.840408205090856
Rastrigin,2,101,Matching-Transfer,5,20.840408205090856
Rastrigin,2,101,Matching-Transfer,6,20.840408205090856
Rastrigin,2,101,Matching-Transfer,7,20.840408205090856
Rastrigin,2,101,Matching-Transfer,8,20.840408205090856
Rastrigin,2,101,Matching-Transfer,9,20.840408205090856
Rastrigin,2,101,Matching-Transfer,10,19.822266978510875
Rastrigin,2,101,No-Transfer,0,20.840408205090856
Rastrigin,2,101,No-Transfer,1,20.840408205090856
Rastrigin,2,101,No-Transfer,2,20.840408205090856
Rastrigin,2,101,No-Transfer,3,20.840408205090856
Rastrigin,2,101,No-Transfer,4,11.517046303567197
Rastrigin,2,101,No-Transfer,5,11.517046303567197
Rastrigin,2,101,No-Transfer,6,11.517046303567197
Rastrigin,2,101,No-Transfer,7,11.517046303567197
Rastrigin,2,101,No-Transfer,8,11.517046303567197
Rastrigin,2,101,No-Transfer,9,11.517046303567197
Rastrigin,2,101,No-Transfer,10,11.517046303567197
Rastrigin,2,101,Random-Transfer,0,20.840408205090856
Rastrigin,2,101,Random-Transfer,1,20.840408205090856
Rastrigin,2,101,Random-Transfer,2,20.840408205090856
Rastrigin,2,101,Random-Transfer,3,10.443135656717363
Rastrigin,2,101,Random-Transfer,4,10.443135656717363
Rastrigin,2,101,Random-Transfer,5,10.443135656717363
Rastrigin,2,101,Random-Transfer,6,10.443135656717363
Rastrigin,2,101,Random-Transfer,7,6.645081025758909
Rastrigin,2,101,Random-Transfer,8,6.645081025758909
Rastrigin,2,101,Random-Transfer,9,6.645081025758909
Rastrigin,2,101,Random-Transfer,10,6.645081025758909
Rastrigin,2,101,Wrong-Transfer,0,20.840408205090856
Rastrigin,2,101,Wrong-Transfer,1,19.215435601581596
Rastrigin,2,101,Wrong-Transfer,2,18.83585031852514
Rastrigin,2,101,Wrong-Transfer,3,18.83585031852514
Rastrigin,2,101,Wrong-Transfer,4,18.83585031852514
Rastrigin,2,101,Wrong-Transfer,5,18.83585031852514
Rastrigin,2,101,Wrong-Transfer,6,15.345377981246958
Rastrigin,2,101,Wrong-Transfer,7,15.345377981246958
Rastrigin,2,101,Wrong-Transfer,8,15.345377981246958
Rastrigin,2,101,Wrong-Transfer,9,15.345377981246958
Rastrigin,2,101,Wrong-Transfer,10,15.345377981246958
Rastrigin,2,2026,Matching-Transfer,0,25.58255184211822
Rastrigin,2,2026,Matching-Transfer,1,25.58255184211822
Rastrigin,2,2026,Matching-Transfer,2,25.58255184211822
Rastrigin,2,2026,Matching-Transfer,3,25.58255184211822
Rastrigin,2,2026,Matching-Transfer,4,25.58255184211822
Rastrigin,2,2026,Matching-Transfer,5,25.58255184211822
Rastrigin,2,2026,Matching-Transfer,6,25.58255184211822
Rastrigin,2,2026,Matching-Transfer,7,25.58255184211822
Rastrigin,2,2026,Matching-Transfer,8,21.69742427969863
Rastrigin,2,2026,Matching-Transfer,9,13.840526764528313
Rastrigin,2,2026,Matching-Transfer,10,13.487391094152215
Rastrigin,2,2026,No-Transfer,0,25.58255184211822
Rastrigin,2,2026,No-Transfer,1,25.58255184211822
Rastrigin,2,2026,No-Transfer,2,25.58255184211822
Rastrigin,2,2026,No-Transfer,3,25.58255184211822
Rastrigin,2,2026,No-Transfer,4,25.58255184211822
Rastrigin,2,2026,No-Transfer,5,25.58255184211822
Rastrigin,2,2026,No-Transfer,6,25.58255184211822
Rastrigin,2,2026,No-Transfer,7,25.58255184211822
Rastrigin,2,2026,No-Transfer,8,25.58255184211822
Rastrigin,2,2026,No-Transfer,9,25.58255184211822
Rastrigin,2,2026,No-Transfer,10,25.58255184211822
Rastrigin,2,2026,Random-Transfer,0,25.58255184211822
Rastrigin,2,2026,Random-Transfer,1,25.58255184211822
Rastrigin,2,2026,Random-Transfer,2,25.58255184211822
Rastrigin,2,2026,Random-Transfer,3,25.58255184211822
Rastrigin,2,2026,Random-Transfer,4,21.73038944057676
Rastrigin,2,2026,Random-Transfer,5,21.73038944057676
Rastrigin,2,2026,Random-Transfer,6,21.73038944057676
Rastrigin,2,2026,Random-Transfer,7,21.73038944057676
Rastrigin,2,2026,Random-Transfer,8,21.73038944057676
Rastrigin,2,2026,Random-Transfer,9,21.73038944057676
Rastrigin,2,2026,Random-Transfer,10,21.73038944057676
Rastrigin,2,2026,Wrong-Transfer,0,25.58255184211822
Rastrigin,2,2026,Wrong-Transfer,1,25.58255184211822
Rastrigin,2,2026,Wrong-Transfer,2,25.58255184211822
Rastrigin,2,2026,Wrong-Transfer,3,25.58255184211822
Rastrigin,2,2026,Wrong-Transfer,4,25.58255184211822
Rastrigin,2,2026,Wrong-Transfer,5,25.58255184211822
Rastrigin,2,2026,Wrong-Transfer,6,25.58255184211822
Rastrigin,2,2026,Wrong-Transfer,7,8.230499078742138
Rastrigin,2,2026,Wrong-Transfer,8,8.230499078742138
Rastrigin,2,2026,Wrong-Transfer,9,8.230499078742138
Rastrigin,2,2026,Wrong-Transfer,10,8.230499078742138
Lunacek,2,42,Matching-Transfer,0,19.212009816103823
Lunacek,2,42,Matching-Transfer,1,5.537766565748268
Lunacek,2,42,Matching-Transfer,2,5.537766565748268
Lunacek,2,42,Matching-Transfer,3,5.537766565748268
Lunacek,2,42,Matching-Transfer,4,4.58531441383119
Lunacek,2,42,Matching-Transfer,5,4.58531441383119
Lunacek,2,42,Matching-Transfer,6,4.58531441383119
Lunacek,2,42,Matching-Transfer,7,4.58531441383119
Lunacek,2,42,Matching-Transfer,8,4.58531441383119
Lunacek,2,42,Matching-Transfer,9,4.58531441383119
Lunacek,2,42,Matching-Transfer,10,4.58531441383119
Lunacek,2,42,No-Transfer,0,19.212009816103823
Lunacek,2,42,No-Transfer,1,19.212009816103823
Lunacek,2,42,No-Transfer,2,9.804579373565032
Lunacek,2,42,No-Transfer,3,9.804579373565032
Lunacek,2,42,No-Transfer,4,9.804579373565032
Lunacek,2,42,No-Transfer,5,9.804579373565032
Lunacek,2,42,No-Transfer,6,9.519529568705718
Lunacek,2,42,No-Transfer,7,8.743747362004408
Lunacek,2,42,No-Transfer,8,8.743747362004408
Lunacek,2,42,No-Transfer,9,3.253073146853858
Lunacek,2,42,No-Transfer,10,3.253073146853858
Lunacek,2,42,Random-Transfer,0,19.212009816103823
Lunacek,2,42,Random-Transfer,1,19.212009816103823
Lunacek,2,42,Random-Transfer,2,13.032721693624435
Lunacek,2,42,Random-Transfer,3,13.032721693624435
Lunacek,2,42,Random-Transfer,4,13.032721693624435
Lunacek,2,42,Random-Transfer,5,13.032721693624435
Lunacek,2,42,Random-Transfer,6,4.2764899871386355
Lunacek,2,42,Random-Transfer,7,4.2764899871386355
Lunacek,2,42,Random-Transfer,8,4.2764899871386355
Lunacek,2,42,Random-Transfer,9,4.2764899871386355
Lunacek,2,42,Random-Transfer,10,4.2764899871386355
Lunacek,2,42,Wrong-Transfer,0,19.212009816103823
Lunacek,2,42,Wrong-Transfer,1,19.212009816103823
Lunacek,2,42,Wrong-Transfer,2,9.804579373565032
Lunacek,2,42,Wrong-Transfer,3,9.804579373565032
Lunacek,2,42,Wrong-Transfer,4,7.815764351005745
Lunacek,2,42,Wrong-Transfer,5,4.455501854775512
Lunacek,2,42,Wrong-Transfer,6,4.455501854775512
Lunacek,2,42,Wrong-Transfer,7,4.455501854775512
Lunacek,2,42,Wrong-Transfer,8,4.455501854775512
Lunacek,2,42,Wrong-Transfer,9,4.455501854775512
Lunacek,2,42,Wrong-Transfer,10,4.455501854775512
Lunacek,2,101,Matching-Transfer,0,4.869941703257785
Lunacek,2,101,Matching-Transfer,1,4.869941703257785
Lunacek,2,101,Matching-Transfer,2,4.869941703257785
Lunacek,2,101,Matching-Transfer,3,4.869941703257785
Lunacek,2,101,Matching-Transfer,4,4.869941703257785
Lunacek,2,101,Matching-Transfer,5,4.869941703257785
Lunacek,2,101,Matching-Transfer,6,3.054221938012157
Lunacek,2,101,Matching-Transfer,7,3.054221938012157
Lunacek,2,101,Matching-Transfer,8,3.054221938012157
Lunacek,2,101,Matching-Transfer,9,3.054221938012157
Lunacek,2,101,Matching-Transfer,10,3.054221938012157
Lunacek,2,101,No-Transfer,0,4.869941703257785
Lunacek,2,101,No-Transfer,1,4.869941703257785
Lunacek,2,101,No-Transfer,2,4.869941703257785
Lunacek,2,101,No-Transfer,3,4.869941703257785
Lunacek,2,101,No-Transfer,4,4.869941703257785
Lunacek,2,101,No-Transfer,5,4.869941703257785
Lunacek,2,101,No-Transfer,6,4.869941703257785
Lunacek,2,101,No-Transfer,7,4.869941703257785
Lunacek,2,101,No-Transfer,8,4.869941703257785
Lunacek,2,101,No-Transfer,9,4.869941703257785
Lunacek,2,101,No-Transfer,10,4.869941703257785
Lunacek,2,101,Random-Transfer,0,4.869941703257785
Lunacek,2,101,Random-Transfer,1,4.869941703257785
Lunacek,2,101,Random-Transfer,2,4.869941703257785
Lunacek,2,101,Random-Transfer,3,4.869941703257785
Lunacek,2,101,Random-Transfer,4,4.869941703257785
Lunacek,2,101,Random-Transfer,5,4.869941703257785
Lunacek,2,101,Random-Transfer,6,4.869941703257785
Lunacek,2,101,Random-Transfer,7,4.869941703257785
Lunacek,2,101,Random-Transfer,8,4.869941703257785
Lunacek,2,101,Random-Transfer,9,4.869941703257785
Lunacek,2,101,Random-Transfer,10,4.869941703257785
Lunacek,2,101,Wrong-Transfer,0,4.869941703257785
Lunacek,2,101,Wrong-Transfer,1,4.869941703257785
Lunacek,2,101,Wrong-Transfer,2,4.869941703257785
Lunacek,2,101,Wrong-Transfer,3,4.869941703257785
Lunacek,2,101,Wrong-Transfer,4,4.869941703257785
Lunacek,2,101,Wrong-Transfer,5,4.869941703257785
Lunacek,2,101,Wrong-Transfer,6,4.869941703257785
Lunacek,2,101,Wrong-Transfer,7,4.869941703257785
Lunacek,2,101,Wrong-Transfer,8,3.294261197213661
Lunacek,2,101,Wrong-Transfer,9,3.294261197213661
Lunacek,2,101,Wrong-Transfer,10,3.294261197213661
Lunacek,2,2026,Matching-Transfer,0,10.533262831239806
Lunacek,2,2026,Matching-Transfer,1,10.533262831239806
Lunacek,2,2026,Matching-Transfer,2,10.533262831239806
Lunacek,2,2026,Matching-Transfer,3,10.533262831239806
Lunacek,2,2026,Matching-Transfer,4,10.533262831239806
Lunacek,2,2026,Matching-Transfer,5,10.533262831239806
Lunacek,2,2026,Matching-Transfer,6,10.533262831239806
Lunacek,2,2026,Matching-Transfer,7,10.533262831239806
Lunacek,2,2026,Matching-Transfer,8,10.533262831239806
Lunacek,2,2026,Matching-Transfer,9,10.533262831239806
Lunacek,2,2026,Matching-Transfer,10,10.533262831239806
Lunacek,2,2026,No-Transfer,0,10.533262831239806
Lunacek,2,2026,No-Transfer,1,10.533262831239806
Lunacek,2,2026,No-Transfer,2,9.53739673459615
Lunacek,2,2026,No-Transfer,3,9.53739673459615
Lunacek,2,2026,No-Transfer,4,9.53739673459615
Lunacek,2,2026,No-Transfer,5,9.53739673459615
Lunacek,2,2026,No-Transfer,6,6.746992357882508
Lunacek,2,2026,No-Transfer,7,6.746992357882508
Lunacek,2,2026,No-Transfer,8,6.746992357882508
Lunacek,2,2026,No-Transfer,9,6.746992357882508
Lunacek,2,2026,No-Transfer,10,6.746992357882508
Lunacek,2,2026,Random-Transfer,0,10.533262831239806
Lunacek,2,2026,Random-Transfer,1,10.533262831239806
Lunacek,2,2026,Random-Transfer,2,10.428439541154033
Lunacek,2,2026,Random-Transfer,3,10.428439541154033
Lunacek,2,2026,Random-Transfer,4,10.428439541154033
Lunacek,2,2026,Random-Transfer,5,8.535933322149496
Lunacek,2,2026,Random-Transfer,6,8.535933322149496
Lunacek,2,2026,Random-Transfer,7,8.535933322149496
Lunacek,2,2026,Random-Transfer,8,8.535933322149496
Lunacek,2,2026,Random-Transfer,9,8.535933322149496
Lunacek,2,2026,Random-Transfer,10,7.984941154845621
Lunacek,2,2026,Wrong-Transfer,0,10.533262831239806
Lunacek,2,2026,Wrong-Transfer,1,10.533262831239806
Lunacek,2,2026,Wrong-Transfer,2,5.442650828432627
Lunacek,2,2026,Wrong-Transfer,3,5.442650828432627
Lunacek,2,2026,Wrong-Transfer,4,5.442650828432627
Lunacek,2,2026,Wrong-Transfer,5,5.442650828432627
Lunacek,2,2026,Wrong-Transfer,6,5.442650828432627
Lunacek,2,2026,Wrong-Transfer,7,5.442650828432627
Lunacek,2,2026,Wrong-Transfer,8,5.442650828432627
Lunacek,2,2026,Wrong-Transfer,9,5.442650828432627
Lunacek,2,2026,Wrong-Transfer,10,5.442650828432627
Ackley,2,42,Matching-Transfer,0,8.09282858543249
Ackley,2,42,Matching-Transfer,1,7.449515423493025
Ackley,2,42,Matching-Transfer,2,7.133756324544709
Ackley,2,42,Matching-Transfer,3,1.9201408020339028
Ackley,2,42,Matching-Transfer,4,1.9201408020339028
Ackley,2,42,Matching-Transfer,5,1.9201408020339028
Ackley,2,42,Matching-Transfer,6,0.7295103489237253
Ackley,2,42,Matching-Transfer,7,0.7295103489237253
Ackley,2,42,Matching-Transfer,8,0.7295103489237253
Ackley,2,42,Matching-Transfer,9,0.7295103489237253
Ackley,2,42,Matching-Transfer,10,0.7295103489237253
Ackley,2,42,No-Transfer,0,8.09282858543249
Ackley,2,42,No-Transfer,1,8.09282858543249
Ackley,2,42,No-Transfer,2,6.337044322910703
Ackley,2,42,No-Transfer,3,4.861811625465496
Ackley,2,42,No-Transfer,4,4.861811625465496
Ackley,2,42,No-Transfer,5,3.568768137527091
Ackley,2,42,No-Transfer,6,3.568768137527091
Ackley,2,42,No-Transfer,7,3.4390542247310063
Ackley,2,42,No-Transfer,8,3.4390542247310063
Ackley,2,42,No-Transfer,9,3.4390542247310063
Ackley,2,42,No-Transfer,10,0.9813578478508025
Ackley,2,42,Random-Transfer,0,8.09282858543249
Ackley,2,42,Random-Transfer,1,5.931957735921642
Ackley,2,42,Random-Transfer,2,4.583604142948495
Ackley,2,42,Random-Transfer,3,4.583604142948495
Ackley,2,42,Random-Transfer,4,2.9409714160270295
Ackley,2,42,Random-Transfer,5,2.9409714160270295
Ackley,2,42,Random-Transfer,6,2.9409714160270295
Ackley,2,42,Random-Transfer,7,2.9409714160270295
Ackley,2,42,Random-Transfer,8,0.8398061630090798
Ackley,2,42,Random-Transfer,9,0.8398061630090798
Ackley,2,42,Random-Transfer,10,0.8398061630090798
Ackley,2,42,Wrong-Transfer,0,8.09282858543249
Ackley,2,42,Wrong-Transfer,1,8.09282858543249
Ackley,2,42,Wrong-Transfer,2,7.133756324544709
Ackley,2,42,Wrong-Transfer,3,5.518428061852454
Ackley,2,42,Wrong-Transfer,4,4.192755435146477
Ackley,2,42,Wrong-Transfer,5,3.293398944409216
Ackley,2,42,Wrong-Transfer,6,3.293398944409216
Ackley,2,42,Wrong-Transfer,7,3.293398944409216
Ackley,2,42,Wrong-Transfer,8,2.3800095671427504
Ackley,2,42,Wrong-Transfer,9,2.3800095671427504
Ackley,2,42,Wrong-Transfer,10,2.3800095671427504
Ackley,2,101,Matching-Transfer,0,5.67539244950752
Ackley,2,101,Matching-Transfer,1,5.67539244950752
Ackley,2,101,Matching-Transfer,2,5.67539244950752
Ackley,2,101,Matching-Transfer,3,5.67539244950752
Ackley,2,101,Matching-Transfer,4,5.67539244950752
Ackley,2,101,Matching-Transfer,5,5.67539244950752
Ackley,2,101,Matching-Transfer,6,5.529703689453719
Ackley,2,101,Matching-Transfer,7,5.529703689453719
Ackley,2,101,Matching-Transfer,8,5.529703689453719
Ackley,2,101,Matching-Transfer,9,3.0751865290074254
Ackley,2,101,Matching-Transfer,10,3.0751865290074254
Ackley,2,101,No-Transfer,0,5.67539244950752
Ackley,2,101,No-Transfer,1,5.67539244950752
Ackley,2,101,No-Transfer,2,5.67539244950752
Ackley,2,101,No-Transfer,3,5.67539244950752
Ackley,2,101,No-Transfer,4,5.610829355162743
Ackley,2,101,No-Transfer,5,5.610829355162743
Ackley,2,101,No-Transfer,6,5.610829355162743
Ackley,2,101,No-Transfer,7,3.0151236581302965
Ackley,2,101,No-Transfer,8,0.38690535713341534
Ackley,2,101,No-Transfer,9,0.38690535713341534
Ackley,2,101,No-Transfer,10,0.38690535713341534
Ackley,2,101,Random-Transfer,0,5.67539244950752
Ackley,2,101,Random-Transfer,1,5.67539244950752
Ackley,2,101,Random-Transfer,2,5.67539244950752
Ackley,2,101,Random-Transfer,3,5.67539244950752
Ackley,2,101,Random-Transfer,4,5.67539244950752
Ackley,2,101,Random-Transfer,5,5.67539244950752
Ackley,2,101,Random-Transfer,6,5.444180612363549
Ackley,2,101,Random-Transfer,7,5.444180612363549
Ackley,2,101,Random-Transfer,8,5.444180612363549
Ackley,2,101,Random-Transfer,9,5.444180612363549
Ackley,2,101,Random-Transfer,10,3.2154694512540485
Ackley,2,101,Wrong-Transfer,0,5.67539244950752
Ackley,2,101,Wrong-Transfer,1,5.67539244950752
Ackley,2,101,Wrong-Transfer,2,5.67539244950752
Ackley,2,101,Wrong-Transfer,3,4.690990081852103
Ackley,2,101,Wrong-Transfer,4,4.690990081852103
Ackley,2,101,Wrong-Transfer,5,4.477656500403281
Ackley,2,101,Wrong-Transfer,6,1.6833602271587265
Ackley,2,101,Wrong-Transfer,7,1.6833602271587265
Ackley,2,101,Wrong-Transfer,8,1.6833602271587265
Ackley,2,101,Wrong-Transfer,9,1.6833602271587265
Ackley,2,101,Wrong-Transfer,10,1.0606231090380587
Ackley,2,2026,Matching-Transfer,0,6.622011972623028
Ackley,2,2026,Matching-Transfer,1,6.342337060614021
Ackley,2,2026,Matching-Transfer,2,2.937626266234553
Ackley,2,2026,Matching-Transfer,3,2.937626266234553
Ackley,2,2026,Matching-Transfer,4,2.937626266234553
Ackley,2,2026,Matching-Transfer,5,2.864459400764194
Ackley,2,2026,Matching-Transfer,6,2.864459400764194
Ackley,2,2026,Matching-Transfer,7,2.5966201630818735
Ackley,2,2026,Matching-Transfer,8,2.5966201630818735
Ackley,2,2026,Matching-Transfer,9,2.5966201630818735
Ackley,2,2026,Matching-Transfer,10,2.5966201630818735
Ackley,2,2026,No-Transfer,0,6.622011972623028
Ackley,2,2026,No-Transfer,1,6.622011972623028
Ackley,2,2026,No-Transfer,2,5.018650456697941
Ackley,2,2026,No-Transfer,3,2.937989701841183
Ackley,2,2026,No-Transfer,4,2.937989701841183
Ackley,2,2026,No-Transfer,5,1.9002399846778109
Ackley,2,2026,No-Transfer,6,1.9002399846778109
Ackley,2,2026,No-Transfer,7,1.9002399846778109
Ackley,2,2026,No-Transfer,8,0.7808277894565774
Ackley,2,2026,No-Transfer,9,0.7808277894565774
Ackley,2,2026,No-Transfer,10,0.7808277894565774
Ackley,2,2026,Random-Transfer,0,6.622011972623028
Ackley,2,2026,Random-Transfer,1,6.622011972623028
Ackley,2,2026,Random-Transfer,2,5.748329923127759
Ackley,2,2026,Random-Transfer,3,4.146965110829402
Ackley,2,2026,Random-Transfer,4,4.146965110829402
Ackley,2,2026,Random-Transfer,5,4.146965110829402
Ackley,2,2026,Random-Transfer,6,4.146965110829402
Ackley,2,2026,Random-Transfer,7,3.9518635400736852
Ackley,2,2026,Random-Transfer,8,3.9518635400736852
Ackley,2,2026,Random-Transfer,9,3.5299809199374548
Ackley,2,2026,Random-Transfer,10,2.7519360847827987
Ackley,2,2026,Wrong-Transfer,0,6.622011972623028
Ackley,2,2026,Wrong-Transfer,1,6.622011972623028
Ackley,2,2026,Wrong-Transfer,2,5.767907943246499
Ackley,2,2026,Wrong-Transfer,3,5.767907943246499
Ackley,2,2026,Wrong-Transfer,4,3.673809906364433
Ackley,2,2026,Wrong-Transfer,5,3.6695428218905097
Ackley,2,2026,Wrong-Transfer,6,3.5097686281958578
Ackley,2,2026,Wrong-Transfer,7,3.5097686281958578
Ackley,2,2026,Wrong-Transfer,8,3.11828660160942
Ackley,2,2026,Wrong-Transfer,9,3.11828660160942
Ackley,2,2026,Wrong-Transfer,10,3.11828660160942
GMM,5,42,Matching-Transfer,0,-0.002946928864770502
GMM,5,42,Matching-Transfer,1,-0.04701178140370669
GMM,5,42,Matching-Transfer,2,-0.14300645561177683
GMM,5,42,Matching-Transfer,3,-0.14300645561177683
GMM,5,42,Matching-Transfer,4,-0.3700816722567945
GMM,5,42,Matching-Transfer,5,-0.3700816722567945
GMM,5,42,Matching-Transfer,6,-0.3700816722567945
GMM,5,42,Matching-Transfer,7,-0.3700816722567945
GMM,5,42,Matching-Transfer,8,-0.3700816722567945
GMM,5,42,Matching-Transfer,9,-0.3700816722567945
GMM,5,42,Matching-Transfer,10,-0.3700816722567945
GMM,5,42,No-Transfer,0,-0.002946928864770502
GMM,5,42,No-Transfer,1,-0.002946928864770502
GMM,5,42,No-Transfer,2,-0.002946928864770502
GMM,5,42,No-Transfer,3,-0.0047857551045035526
GMM,5,42,No-Transfer,4,-0.0047857551045035526
GMM,5,42,No-Transfer,5,-0.0047857551045035526
GMM,5,42,No-Transfer,6,-0.0047857551045035526
GMM,5,42,No-Transfer,7,-0.0047857551045035526
GMM,5,42,No-Transfer,8,-0.0047857551045035526
GMM,5,42,No-Transfer,9,-0.0047857551045035526
GMM,5,42,No-Transfer,10,-0.0047857551045035526
GMM,5,42,Random-Transfer,0,-0.002946928864770502
GMM,5,42,Random-Transfer,1,-0.002946928864770502
GMM,5,42,Random-Transfer,2,-0.002946928864770502
GMM,5,42,Random-Transfer,3,-0.0047857551045035526
GMM,5,42,Random-Transfer,4,-0.0047857551045035526
GMM,5,42,Random-Transfer,5,-0.0047857551045035526
GMM,5,42,Random-Transfer,6,-0.0047857551045035526
GMM,5,42,Random-Transfer,7,-0.0047857551045035526
GMM,5,42,Random-Transfer,8,-0.0047857551045035526
GMM,5,42,Random-Transfer,9,-0.0047857551045035526
GMM,5,42,Random-Transfer,10,-0.0047857551045035526
GMM,5,42,Wrong-Transfer,0,-0.002946928864770502
GMM,5,42,Wrong-Transfer,1,-0.002946928864770502
GMM,5,42,Wrong-Transfer,2,-0.06289437643700242
GMM,5,42,Wrong-Transfer,3,-0.06289437643700242
GMM,5,42,Wrong-Transfer,4,-0.29731310983153963
GMM,5,42,Wrong-Transfer,5,-0.29731310983153963
GMM,5,42,Wrong-Transfer,6,-0.4870083455454685
GMM,5,42,Wrong-Transfer,7,-0.4870083455454685
GMM,5,42,Wrong-Transfer,8,-0.4870083455454685
GMM,5,42,Wrong-Transfer,9,-0.4870083455454685
GMM,5,42,Wrong-Transfer,10,-0.4870083455454685
GMM,5,101,Matching-Transfer,0,-0.013425305549179837
GMM,5,101,Matching-Transfer,1,-0.013425305549179837
GMM,5,101,Matching-Transfer,2,-0.013425305549179837
GMM,5,101,Matching-Transfer,3,-0.013425305549179837
GMM,5,101,Matching-Transfer,4,-0.013425305549179837
GMM,5,101,Matching-Transfer,5,-0.029843533317174844
GMM,5,101,Matching-Transfer,6,-0.029843533317174844
GMM,5,101,Matching-Transfer,7,-0.12531967270267827
GMM,5,101,Matching-Transfer,8,-0.12531967270267827
GMM,5,101,Matching-Transfer,9,-0.12531967270267827
GMM,5,101,Matching-Transfer,10,-0.19291935069469215
GMM,5,101,No-Transfer,0,-0.013425305549179837
GMM,5,101,No-Transfer,1,-0.013425305549179837
GMM,5,101,No-Transfer,2,-0.013425305549179837
GMM,5,101,No-Transfer,3,-0.013425305549179837
GMM,5,101,No-Transfer,4,-0.013425305549179837
GMM,5,101,No-Transfer,5,-0.013425305549179837
GMM,5,101,No-Transfer,6,-0.013425305549179837
GMM,5,101,No-Transfer,7,-0.013425305549179837
GMM,5,101,No-Transfer,8,-0.013425305549179837
GMM,5,101,No-Transfer,9,-0.013425305549179837
GMM,5,101,No-Transfer,10,-0.013425305549179837
GMM,5,101,Random-Transfer,0,-0.013425305549179837
GMM,5,101,Random-Transfer,1,-0.013425305549179837
GMM,5,101,Random-Transfer,2,-0.013425305549179837
GMM,5,101,Random-Transfer,3,-0.013425305549179837
GMM,5,101,Random-Transfer,4,-0.013425305549179837
GMM,5,101,Random-Transfer,5,-0.013425305549179837
GMM,5,101,Random-Transfer,6,-0.013425305549179837
GMM,5,101,Random-Transfer,7,-0.013425305549179837
GMM,5,101,Random-Transfer,8,-0.013425305549179837
GMM,5,101,Random-Transfer,9,-0.013425305549179837
GMM,5,101,Random-Transfer,10,-0.013425305549179837
GMM,5,101,Wrong-Transfer,0,-0.013425305549179837
GMM,5,101,Wrong-Transfer,1,-0.013425305549179837
GMM,5,101,Wrong-Transfer,2,-0.013425305549179837
GMM,5,101,Wrong-Transfer,3,-0.013425305549179837
GMM,5,101,Wrong-Transfer,4,-0.013425305549179837
GMM,5,101,Wrong-Transfer,5,-0.013425305549179837
GMM,5,101,Wrong-Transfer,6,-0.013425305549179837
GMM,5,101,Wrong-Transfer,7,-0.013425305549179837
GMM,5,101,Wrong-Transfer,8,-0.10079620346464917
GMM,5,101,Wrong-Transfer,9,-0.10079620346464917
GMM,5,101,Wrong-Transfer,10,-0.10079620346464917
GMM,5,2026,Matching-Transfer,0,-0.011684726409928122
GMM,5,2026,Matching-Transfer,1,-0.04493274354251203
GMM,5,2026,Matching-Transfer,2,-0.04493274354251203
GMM,5,2026,Matching-Transfer,3,-0.04493274354251203
GMM,5,2026,Matching-Transfer,4,-0.04493274354251203
GMM,5,2026,Matching-Transfer,5,-0.04493274354251203
GMM,5,2026,Matching-Transfer,6,-0.04493274354251203
GMM,5,2026,Matching-Transfer,7,-0.04493274354251203
GMM,5,2026,Matching-Transfer,8,-0.04493274354251203
GMM,5,2026,Matching-Transfer,9,-0.04493274354251203
GMM,5,2026,Matching-Transfer,10,-0.05508986892479811
GMM,5,2026,No-Transfer,0,-0.011684726409928122
GMM,5,2026,No-Transfer,1,-0.04493274354251203
GMM,5,2026,No-Transfer,2,-0.04493274354251203
GMM,5,2026,No-Transfer,3,-0.04493274354251203
GMM,5,2026,No-Transfer,4,-0.04493274354251203
GMM,5,2026,No-Transfer,5,-0.04493274354251203
GMM,5,2026,No-Transfer,6,-0.04493274354251203
GMM,5,2026,No-Transfer,7,-0.04493274354251203
GMM,5,2026,No-Transfer,8,-0.04493274354251203
GMM,5,2026,No-Transfer,9,-0.04493274354251203
GMM,5,2026,No-Transfer,10,-0.04493274354251203
GMM,5,2026,Random-Transfer,0,-0.011684726409928122
GMM,5,2026,Random-Transfer,1,-0.04493274354251203
GMM,5,2026,Random-Transfer,2,-0.04493274354251203
GMM,5,2026,Random-Transfer,3,-0.04493274354251203
GMM,5,2026,Random-Transfer,4,-0.04493274354251203
GMM,5,2026,Random-Transfer,5,-0.04493274354251203
GMM,5,2026,Random-Transfer,6,-0.04493274354251203
GMM,5,2026,Random-Transfer,7,-0.04493274354251203
GMM,5,2026,Random-Transfer,8,-0.04493274354251203
GMM,5,2026,Random-Transfer,9,-0.04493274354251203
GMM,5,2026,Random-Transfer,10,-0.04493274354251203
GMM,5,2026,Wrong-Transfer,0,-0.011684726409928122
GMM,5,2026,Wrong-Transfer,1,-0.04493274354251203
GMM,5,2026,Wrong-Transfer,2,-0.04493274354251203
GMM,5,2026,Wrong-Transfer,3,-0.04493274354251203
GMM,5,2026,Wrong-Transfer,4,-0.04493274354251203
GMM,5,2026,Wrong-Transfer,5,-0.04734427134615068
GMM,5,2026,Wrong-Transfer,6,-0.04734427134615068
GMM,5,2026,Wrong-Transfer,7,-0.04734427134615068
GMM,5,2026,Wrong-Transfer,8,-0.04734427134615068
GMM,5,2026,Wrong-Transfer,9,-0.04734427134615068
GMM,5,2026,Wrong-Transfer,10,-0.04734427134615068
Rastrigin,5,42,Matching-Transfer,0,66.61295309467812
Rastrigin,5,42,Matching-Transfer,1,63.27740688074036
Rastrigin,5,42,Matching-Transfer,2,63.27740688074036
Rastrigin,5,42,Matching-Transfer,3,63.27740688074036
Rastrigin,5,42,Matching-Transfer,4,63.27740688074036
Rastrigin,5,42,Matching-Transfer,5,63.27740688074036
Rastrigin,5,42,Matching-Transfer,6,63.27740688074036
Rastrigin,5,42,Matching-Transfer,7,63.27740688074036
Rastrigin,5,42,Matching-Transfer,8,63.27740688074036
Rastrigin,5,42,Matching-Transfer,9,63.27740688074036
Rastrigin,5,42,Matching-Transfer,10,63.27740688074036
Rastrigin,5,42,No-Transfer,0,66.61295309467812
Rastrigin,5,42,No-Transfer,1,66.61295309467812
Rastrigin,5,42,No-Transfer,2,66.61295309467812
Rastrigin,5,42,No-Transfer,3,66.61295309467812
Rastrigin,5,42,No-Transfer,4,66.61295309467812
Rastrigin,5,42,No-Transfer,5,66.61295309467812
Rastrigin,5,42,No-Transfer,6,66.61295309467812
Rastrigin,5,42,No-Transfer,7,66.61295309467812
Rastrigin,5,42,No-Transfer,8,66.61295309467812
Rastrigin,5,42,No-Transfer,9,50.78783115988941
Rastrigin,5,42,No-Transfer,10,50.78783115988941
Rastrigin,5,42,Random-Transfer,0,66.61295309467812
Rastrigin,5,42,Random-Transfer,1,66.61295309467812
Rastrigin,5,42,Random-Transfer,2,66.61295309467812
Rastrigin,5,42,Random-Transfer,3,66.61295309467812
Rastrigin,5,42,Random-Transfer,4,66.61295309467812
Rastrigin,5,42,Random-Transfer,5,66.61295309467812
Rastrigin,5,42,Random-Transfer,6,66.61295309467812
Rastrigin,5,42,Random-Transfer,7,66.61295309467812
Rastrigin,5,42,Random-Transfer,8,66.61295309467812
Rastrigin,5,42,Random-Transfer,9,50.78783115988941
Rastrigin,5,42,Random-Transfer,10,50.78783115988941
Rastrigin,5,42,Wrong-Transfer,0,66.61295309467812
Rastrigin,5,42,Wrong-Transfer,1,66.61295309467812
Rastrigin,5,42,Wrong-Transfer,2,66.61295309467812
Rastrigin,5,42,Wrong-Transfer,3,66.61295309467812
Rastrigin,5,42,Wrong-Transfer,4,66.61295309467812
Rastrigin,5,42,Wrong-Transfer,5,66.61295309467812
Rastrigin,5,42,Wrong-Transfer,6,66.61295309467812
Rastrigin,5,42,Wrong-Transfer,7,66.61295309467812
Rastrigin,5,42,Wrong-Transfer,8,66.61295309467812
Rastrigin,5,42,Wrong-Transfer,9,50.78783115988941
Rastrigin,5,42,Wrong-Transfer,10,50.78783115988941
Rastrigin,5,101,Matching-Transfer,0,51.12177968503051
Rastrigin,5,101,Matching-Transfer,1,51.12177968503051
Rastrigin,5,101,Matching-Transfer,2,51.12177968503051
Rastrigin,5,101,Matching-Transfer,3,51.12177968503051
Rastrigin,5,101,Matching-Transfer,4,51.12177968503051
Rastrigin,5,101,Matching-Transfer,5,51.12177968503051
Rastrigin,5,101,Matching-Transfer,6,51.12177968503051
Rastrigin,5,101,Matching-Transfer,7,51.12177968503051
Rastrigin,5,101,Matching-Transfer,8,51.12177968503051
Rastrigin,5,101,Matching-Transfer,9,51.12177968503051
Rastrigin,5,101,Matching-Transfer,10,51.12177968503051
Rastrigin,5,101,No-Transfer,0,51.12177968503051
Rastrigin,5,101,No-Transfer,1,51.12177968503051
Rastrigin,5,101,No-Transfer,2,51.12177968503051
Rastrigin,5,101,No-Transfer,3,51.12177968503051
Rastrigin,5,101,No-Transfer,4,51.12177968503051
Rastrigin,5,101,No-Transfer,5,51.12177968503051
Rastrigin,5,101,No-Transfer,6,51.12177968503051
Rastrigin,5,101,No-Transfer,7,46.05782655824484
Rastrigin,5,101,No-Transfer,8,46.05782655824484
Rastrigin,5,101,No-Transfer,9,46.05782655824484
Rastrigin,5,101,No-Transfer,10,46.05782655824484
Rastrigin,5,101,Random-Transfer,0,51.12177968503051
Rastrigin,5,101,Random-Transfer,1,51.12177968503051
Rastrigin,5,101,Random-Transfer,2,51.12177968503051
Rastrigin,5,101,Random-Transfer,3,51.12177968503051
Rastrigin,5,101,Random-Transfer,4,51.12177968503051
Rastrigin,5,101,Random-Transfer,5,51.12177968503051
Rastrigin,5,101,Random-Transfer,6,51.12177968503051
Rastrigin,5,101,Random-Transfer,7,51.12177968503051
Rastrigin,5,101,Random-Transfer,8,51.12177968503051
Rastrigin,5,101,Random-Transfer,9,51.12177968503051
Rastrigin,5,101,Random-Transfer,10,51.12177968503051
Rastrigin,5,101,Wrong-Transfer,0,51.12177968503051
Rastrigin,5,101,Wrong-Transfer,1,51.12177968503051
Rastrigin,5,101,Wrong-Transfer,2,51.12177968503051
Rastrigin,5,101,Wrong-Transfer,3,51.12177968503051
Rastrigin,5,101,Wrong-Transfer,4,51.12177968503051
Rastrigin,5,101,Wrong-Transfer,5,51.12177968503051
Rastrigin,5,101,Wrong-Transfer,6,51.12177968503051
Rastrigin,5,101,Wrong-Transfer,7,51.12177968503051
Rastrigin,5,101,Wrong-Transfer,8,45.68996506898618
Rastrigin,5,101,Wrong-Transfer,9,45.68996506898618
Rastrigin,5,101,Wrong-Transfer,10,45.68996506898618
Rastrigin,5,2026,Matching-Transfer,0,69.49678317210348
Rastrigin,5,2026,Matching-Transfer,1,69.49678317210348
Rastrigin,5,2026,Matching-Transfer,2,69.49678317210348
Rastrigin,5,2026,Matching-Transfer,3,38.68099069846893
Rastrigin,5,2026,Matching-Transfer,4,38.68099069846893
Rastrigin,5,2026,Matching-Transfer,5,38.68099069846893
Rastrigin,5,2026,Matching-Transfer,6,38.68099069846893
Rastrigin,5,2026,Matching-Transfer,7,38.68099069846893
Rastrigin,5,2026,Matching-Transfer,8,38.68099069846893
Rastrigin,5,2026,Matching-Transfer,9,38.68099069846893
Rastrigin,5,2026,Matching-Transfer,10,38.68099069846893
Rastrigin,5,2026,No-Transfer,0,69.49678317210348
Rastrigin,5,2026,No-Transfer,1,69.49678317210348
Rastrigin,5,2026,No-Transfer,2,34.70415795644996
Rastrigin,5,2026,No-Transfer,3,34.70415795644996
Rastrigin,5,2026,No-Transfer,4,34.70415795644996
Rastrigin,5,2026,No-Transfer,5,34.70415795644996
Rastrigin,5,2026,No-Transfer,6,34.70415795644996
Rastrigin,5,2026,No-Transfer,7,34.70415795644996
Rastrigin,5,2026,No-Transfer,8,34.70415795644996
Rastrigin,5,2026,No-Transfer,9,34.70415795644996
Rastrigin,5,2026,No-Transfer,10,34.70415795644996
Rastrigin,5,2026,Random-Transfer,0,69.49678317210348
Rastrigin,5,2026,Random-Transfer,1,69.49678317210348
Rastrigin,5,2026,Random-Transfer,2,34.70415795644996
Rastrigin,5,2026,Random-Transfer,3,34.70415795644996
Rastrigin,5,2026,Random-Transfer,4,34.70415795644996
Rastrigin,5,2026,Random-Transfer,5,34.70415795644996
Rastrigin,5,2026,Random-Transfer,6,34.70415795644996
Rastrigin,5,2026,Random-Transfer,7,29.335579286245874
Rastrigin,5,2026,Random-Transfer,8,29.335579286245874
Rastrigin,5,2026,Random-Transfer,9,29.335579286245874
Rastrigin,5,2026,Random-Transfer,10,29.335579286245874
Rastrigin,5,2026,Wrong-Transfer,0,69.49678317210348
Rastrigin,5,2026,Wrong-Transfer,1,69.49678317210348
Rastrigin,5,2026,Wrong-Transfer,2,34.70415795644996
Rastrigin,5,2026,Wrong-Transfer,3,34.70415795644996
Rastrigin,5,2026,Wrong-Transfer,4,34.70415795644996
Rastrigin,5,2026,Wrong-Transfer,5,34.70415795644996
Rastrigin,5,2026,Wrong-Transfer,6,34.70415795644996
Rastrigin,5,2026,Wrong-Transfer,7,34.70415795644996
Rastrigin,5,2026,Wrong-Transfer,8,34.70415795644996
Rastrigin,5,2026,Wrong-Transfer,9,34.70415795644996
Rastrigin,5,2026,Wrong-Transfer,10,34.70415795644996
Lunacek,5,42,Matching-Transfer,0,38.81207572462091
Lunacek,5,42,Matching-Transfer,1,38.81207572462091
Lunacek,5,42,Matching-Transfer,2,38.81207572462091
Lunacek,5,42,Matching-Transfer,3,38.81207572462091
Lunacek,5,42,Matching-Transfer,4,38.81207572462091
Lunacek,5,42,Matching-Transfer,5,38.81207572462091
Lunacek,5,42,Matching-Transfer,6,38.81207572462091
Lunacek,5,42,Matching-Transfer,7,38.81207572462091
Lunacek,5,42,Matching-Transfer,8,38.81207572462091
Lunacek,5,42,Matching-Transfer,9,38.81207572462091
Lunacek,5,42,Matching-Transfer,10,38.81207572462091
Lunacek,5,42,No-Transfer,0,38.81207572462091
Lunacek,5,42,No-Transfer,1,38.81207572462091
Lunacek,5,42,No-Transfer,2,38.81207572462091
Lunacek,5,42,No-Transfer,3,38.81207572462091
Lunacek,5,42,No-Transfer,4,38.81207572462091
Lunacek,5,42,No-Transfer,5,38.81207572462091
Lunacek,5,42,No-Transfer,6,38.81207572462091
Lunacek,5,42,No-Transfer,7,38.81207572462091
Lunacek,5,42,No-Transfer,8,38.81207572462091
Lunacek,5,42,No-Transfer,9,38.81207572462091
Lunacek,5,42,No-Transfer,10,38.81207572462091
Lunacek,5,42,Random-Transfer,0,38.81207572462091
Lunacek,5,42,Random-Transfer,1,38.81207572462091
Lunacek,5,42,Random-Transfer,2,38.81207572462091
Lunacek,5,42,Random-Transfer,3,38.81207572462091
Lunacek,5,42,Random-Transfer,4,38.81207572462091
Lunacek,5,42,Random-Transfer,5,38.81207572462091
Lunacek,5,42,Random-Transfer,6,38.81207572462091
Lunacek,5,42,Random-Transfer,7,38.81207572462091
Lunacek,5,42,Random-Transfer,8,38.81207572462091
Lunacek,5,42,Random-Transfer,9,38.81207572462091
Lunacek,5,42,Random-Transfer,10,38.81207572462091
Lunacek,5,42,Wrong-Transfer,0,38.81207572462091
Lunacek,5,42,Wrong-Transfer,1,38.81207572462091
Lunacek,5,42,Wrong-Transfer,2,38.81207572462091
Lunacek,5,42,Wrong-Transfer,3,38.81207572462091
Lunacek,5,42,Wrong-Transfer,4,38.81207572462091
Lunacek,5,42,Wrong-Transfer,5,38.81207572462091
Lunacek,5,42,Wrong-Transfer,6,38.81207572462091
Lunacek,5,42,Wrong-Transfer,7,38.81207572462091
Lunacek,5,42,Wrong-Transfer,8,38.81207572462091
Lunacek,5,42,Wrong-Transfer,9,38.81207572462091
Lunacek,5,42,Wrong-Transfer,10,38.81207572462091
Lunacek,5,101,Matching-Transfer,0,44.72833436467948
Lunacek,5,101,Matching-Transfer,1,44.72833436467948
Lunacek,5,101,Matching-Transfer,2,44.72833436467948
Lunacek,5,101,Matching-Transfer,3,44.72833436467948
Lunacek,5,101,Matching-Transfer,4,44.72833436467948
Lunacek,5,101,Matching-Transfer,5,44.72833436467948
Lunacek,5,101,Matching-Transfer,6,44.72833436467948
Lunacek,5,101,Matching-Transfer,7,44.72833436467948
Lunacek,5,101,Matching-Transfer,8,22.68952596696392
Lunacek,5,101,Matching-Transfer,9,22.68952596696392
Lunacek,5,101,Matching-Transfer,10,22.68952596696392
Lunacek,5,101,No-Transfer,0,44.72833436467948
Lunacek,5,101,No-Transfer,1,44.72833436467948
Lunacek,5,101,No-Transfer,2,44.72833436467948
Lunacek,5,101,No-Transfer,3,44.72833436467948
Lunacek,5,101,No-Transfer,4,44.72833436467948
Lunacek,5,101,No-Transfer,5,44.72833436467948
Lunacek,5,101,No-Transfer,6,44.72833436467948
Lunacek,5,101,No-Transfer,7,44.72833436467948
Lunacek,5,101,No-Transfer,8,44.72833436467948
Lunacek,5,101,No-Transfer,9,44.72833436467948
Lunacek,5,101,No-Transfer,10,44.72833436467948
Lunacek,5,101,Random-Transfer,0,44.72833436467948
Lunacek,5,101,Random-Transfer,1,44.72833436467948
Lunacek,5,101,Random-Transfer,2,44.72833436467948
Lunacek,5,101,Random-Transfer,3,44.72833436467948
Lunacek,5,101,Random-Transfer,4,44.72833436467948
Lunacek,5,101,Random-Transfer,5,44.72833436467948
Lunacek,5,101,Random-Transfer,6,40.81332103920811
Lunacek,5,101,Random-Transfer,7,40.81332103920811
Lunacek,5,101,Random-Transfer,8,36.100602584419725
Lunacek,5,101,Random-Transfer,9,36.100602584419725
Lunacek,5,101,Random-Transfer,10,36.100602584419725
Lunacek,5,101,Wrong-Transfer,0,44.72833436467948
Lunacek,5,101,Wrong-Transfer,1,44.72833436467948
Lunacek,5,101,Wrong-Transfer,2,44.72833436467948
Lunacek,5,101,Wrong-Transfer,3,44.72833436467948
Lunacek,5,101,Wrong-Transfer,4,44.72833436467948
Lunacek,5,101,Wrong-Transfer,5,44.72833436467948
Lunacek,5,101,Wrong-Transfer,6,44.72833436467948
Lunacek,5,101,Wrong-Transfer,7,44.72833436467948
Lunacek,5,101,Wrong-Transfer,8,22.68952596696392
Lunacek,5,101,Wrong-Transfer,9,22.68952596696392
Lunacek,5,101,Wrong-Transfer,10,22.68952596696392
Lunacek,5,2026,Matching-Transfer,0,42.36913485589654
Lunacek,5,2026,Matching-Transfer,1,42.36913485589654
Lunacek,5,2026,Matching-Transfer,2,42.36913485589654
Lunacek,5,2026,Matching-Transfer,3,42.36913485589654
Lunacek,5,2026,Matching-Transfer,4,42.36913485589654
Lunacek,5,2026,Matching-Transfer,5,42.36913485589654
Lunacek,5,2026,Matching-Transfer,6,42.36913485589654
Lunacek,5,2026,Matching-Transfer,7,42.36913485589654
Lunacek,5,2026,Matching-Transfer,8,42.011031384362234
Lunacek,5,2026,Matching-Transfer,9,42.011031384362234
Lunacek,5,2026,Matching-Transfer,10,32.1156351948279
Lunacek,5,2026,No-Transfer,0,42.36913485589654
Lunacek,5,2026,No-Transfer,1,42.36913485589654
Lunacek,5,2026,No-Transfer,2,42.36913485589654
Lunacek,5,2026,No-Transfer,3,42.36913485589654
Lunacek,5,2026,No-Transfer,4,42.36913485589654
Lunacek,5,2026,No-Transfer,5,42.36913485589654
Lunacek,5,2026,No-Transfer,6,42.36913485589654
Lunacek,5,2026,No-Transfer,7,42.36913485589654
Lunacek,5,2026,No-Transfer,8,42.36913485589654
Lunacek,5,2026,No-Transfer,9,42.36913485589654
Lunacek,5,2026,No-Transfer,10,42.36913485589654
Lunacek,5,2026,Random-Transfer,0,42.36913485589654
Lunacek,5,2026,Random-Transfer,1,42.36913485589654
Lunacek,5,2026,Random-Transfer,2,42.36913485589654
Lunacek,5,2026,Random-Transfer,3,42.36913485589654
Lunacek,5,2026,Random-Transfer,4,42.36913485589654
Lunacek,5,2026,Random-Transfer,5,42.36913485589654
Lunacek,5,2026,Random-Transfer,6,42.36913485589654
Lunacek,5,2026,Random-Transfer,7,42.36913485589654
Lunacek,5,2026,Random-Transfer,8,42.36913485589654
Lunacek,5,2026,Random-Transfer,9,42.36913485589654
Lunacek,5,2026,Random-Transfer,10,42.36913485589654
Lunacek,5,2026,Wrong-Transfer,0,42.36913485589654
Lunacek,5,2026,Wrong-Transfer,1,42.36913485589654
Lunacek,5,2026,Wrong-Transfer,2,42.36913485589654
Lunacek,5,2026,Wrong-Transfer,3,36.694010122572976
Lunacek,5,2026,Wrong-Transfer,4,36.694010122572976
Lunacek,5,2026,Wrong-Transfer,5,36.694010122572976
Lunacek,5,2026,Wrong-Transfer,6,36.694010122572976
Lunacek,5,2026,Wrong-Transfer,7,36.694010122572976
Lunacek,5,2026,Wrong-Transfer,8,36.694010122572976
Lunacek,5,2026,Wrong-Transfer,9,36.694010122572976
Lunacek,5,2026,Wrong-Transfer,10,36.694010122572976
Ackley,5,42,Matching-Transfer,0,9.336485390803412
Ackley,5,42,Matching-Transfer,1,7.836032988809958
Ackley,5,42,Matching-Transfer,2,7.836032988809958
Ackley,5,42,Matching-Transfer,3,7.603203984850451
Ackley,5,42,Matching-Transfer,4,7.603203984850451
Ackley,5,42,Matching-Transfer,5,7.603203984850451
Ackley,5,42,Matching-Transfer,6,7.603203984850451
Ackley,5,42,Matching-Transfer,7,7.603203984850451
Ackley,5,42,Matching-Transfer,8,7.603203984850451
Ackley,5,42,Matching-Transfer,9,7.603203984850451
Ackley,5,42,Matching-Transfer,10,7.603203984850451
Ackley,5,42,No-Transfer,0,9.336485390803412
Ackley,5,42,No-Transfer,1,9.328443799277492
Ackley,5,42,No-Transfer,2,9.268412999689753
Ackley,5,42,No-Transfer,3,8.49388338064607
Ackley,5,42,No-Transfer,4,8.49388338064607
Ackley,5,42,No-Transfer,5,8.49388338064607
Ackley,5,42,No-Transfer,6,8.49388338064607
Ackley,5,42,No-Transfer,7,8.140559626865286
Ackley,5,42,No-Transfer,8,8.140559626865286
Ackley,5,42,No-Transfer,9,6.732017900079896
Ackley,5,42,No-Transfer,10,6.732017900079896
Ackley,5,42,Random-Transfer,0,9.336485390803412
Ackley,5,42,Random-Transfer,1,9.328443799277492
Ackley,5,42,Random-Transfer,2,9.268412999689753
Ackley,5,42,Random-Transfer,3,8.49388338064607
Ackley,5,42,Random-Transfer,4,8.49388338064607
Ackley,5,42,Random-Transfer,5,8.49388338064607
Ackley,5,42,Random-Transfer,6,8.49388338064607
Ackley,5,42,Random-Transfer,7,8.140559626865286
Ackley,5,42,Random-Transfer,8,8.140559626865286
Ackley,5,42,Random-Transfer,9,6.732017900079896
Ackley,5,42,Random-Transfer,10,6.732017900079896
Ackley,5,42,Wrong-Transfer,0,9.336485390803412
Ackley,5,42,Wrong-Transfer,1,9.328443799277492
Ackley,5,42,Wrong-Transfer,2,9.268412999689753
Ackley,5,42,Wrong-Transfer,3,8.49388338064607
Ackley,5,42,Wrong-Transfer,4,8.49388338064607
Ackley,5,42,Wrong-Transfer,5,8.49388338064607
Ackley,5,42,Wrong-Transfer,6,8.49388338064607
Ackley,5,42,Wrong-Transfer,7,8.49388338064607
Ackley,5,42,Wrong-Transfer,8,8.49388338064607
Ackley,5,42,Wrong-Transfer,9,8.143729276979522
Ackley,5,42,Wrong-Transfer,10,5.685690746837231
Ackley,5,101,Matching-Transfer,0,7.6264432528809305
Ackley,5,101,Matching-Transfer,1,7.6264432528809305
Ackley,5,101,Matching-Transfer,2,7.6264432528809305
Ackley,5,101,Matching-Transfer,3,7.6264432528809305
Ackley,5,101,Matching-Transfer,4,7.6264432528809305
Ackley,5,101,Matching-Transfer,5,7.6264432528809305
Ackley,5,101,Matching-Transfer,6,7.6264432528809305
Ackley,5,101,Matching-Transfer,7,7.6264432528809305
Ackley,5,101,Matching-Transfer,8,7.6264432528809305
Ackley,5,101,Matching-Transfer,9,7.6264432528809305
Ackley,5,101,Matching-Transfer,10,6.846164442729348
Ackley,5,101,No-Transfer,0,7.6264432528809305
Ackley,5,101,No-Transfer,1,7.6264432528809305
Ackley,5,101,No-Transfer,2,7.6264432528809305
Ackley,5,101,No-Transfer,3,7.6264432528809305
Ackley,5,101,No-Transfer,4,7.6264432528809305
Ackley,5,101,No-Transfer,5,7.6264432528809305
Ackley,5,101,No-Transfer,6,7.6264432528809305
Ackley,5,101,No-Transfer,7,7.6264432528809305
Ackley,5,101,No-Transfer,8,7.6264432528809305
Ackley,5,101,No-Transfer,9,7.391928413935535
Ackley,5,101,No-Transfer,10,7.391928413935535
Ackley,5,101,Random-Transfer,0,7.6264432528809305
Ackley,5,101,Random-Transfer,1,7.6264432528809305
Ackley,5,101,Random-Transfer,2,7.6264432528809305
Ackley,5,101,Random-Transfer,3,7.6264432528809305
Ackley,5,101,Random-Transfer,4,7.6264432528809305
Ackley,5,101,Random-Transfer,5,7.6264432528809305
Ackley,5,101,Random-Transfer,6,7.6264432528809305
Ackley,5,101,Random-Transfer,7,7.6264432528809305
Ackley,5,101,Random-Transfer,8,7.6264432528809305
Ackley,5,101,Random-Transfer,9,6.230620944348203
Ackley,5,101,Random-Transfer,10,6.230620944348203
Ackley,5,101,Wrong-Transfer,0,7.6264432528809305
Ackley,5,101,Wrong-Transfer,1,7.6264432528809305
Ackley,5,101,Wrong-Transfer,2,7.6264432528809305
Ackley,5,101,Wrong-Transfer,3,7.6264432528809305
Ackley,5,101,Wrong-Transfer,4,7.6264432528809305
Ackley,5,101,Wrong-Transfer,5,7.6264432528809305
Ackley,5,101,Wrong-Transfer,6,7.6264432528809305
Ackley,5,101,Wrong-Transfer,7,7.6264432528809305
Ackley,5,101,Wrong-Transfer,8,6.590588232884343
Ackley,5,101,Wrong-Transfer,9,6.590588232884343
Ackley,5,101,Wrong-Transfer,10,6.590588232884343
Ackley,5,2026,Matching-Transfer,0,8.683545502476353
Ackley,5,2026,Matching-Transfer,1,8.683545502476353
Ackley,5,2026,Matching-Transfer,2,8.683545502476353
Ackley,5,2026,Matching-Transfer,3,7.470381504399118
Ackley,5,2026,Matching-Transfer,4,7.470381504399118
Ackley,5,2026,Matching-Transfer,5,7.470381504399118
Ackley,5,2026,Matching-Transfer,6,6.947666620662925
Ackley,5,2026,Matching-Transfer,7,6.947666620662925
Ackley,5,2026,Matching-Transfer,8,6.947666620662925
Ackley,5,2026,Matching-Transfer,9,6.733357032840988
Ackley,5,2026,Matching-Transfer,10,6.733357032840988
Ackley,5,2026,No-Transfer,0,8.683545502476353
Ackley,5,2026,No-Transfer,1,8.683545502476353
Ackley,5,2026,No-Transfer,2,8.683545502476353
Ackley,5,2026,No-Transfer,3,7.470381504399118
Ackley,5,2026,No-Transfer,4,7.470381504399118
Ackley,5,2026,No-Transfer,5,7.470381504399118
Ackley,5,2026,No-Transfer,6,6.947666620662925
Ackley,5,2026,No-Transfer,7,6.947666620662925
Ackley,5,2026,No-Transfer,8,6.947666620662925
Ackley,5,2026,No-Transfer,9,6.733357032840988
Ackley,5,2026,No-Transfer,10,6.733357032840988
Ackley,5,2026,Random-Transfer,0,8.683545502476353
Ackley,5,2026,Random-Transfer,1,8.683545502476353
Ackley,5,2026,Random-Transfer,2,5.920662646094694
Ackley,5,2026,Random-Transfer,3,5.920662646094694
Ackley,5,2026,Random-Transfer,4,5.652817184691003
Ackley,5,2026,Random-Transfer,5,5.652817184691003
Ackley,5,2026,Random-Transfer,6,5.652817184691003
Ackley,5,2026,Random-Transfer,7,5.652817184691003
Ackley,5,2026,Random-Transfer,8,5.652817184691003
Ackley,5,2026,Random-Transfer,9,5.652817184691003
Ackley,5,2026,Random-Transfer,10,5.652817184691003
Ackley,5,2026,Wrong-Transfer,0,8.683545502476353
Ackley,5,2026,Wrong-Transfer,1,6.981274224227631
Ackley,5,2026,Wrong-Transfer,2,6.981274224227631
Ackley,5,2026,Wrong-Transfer,3,6.981274224227631
Ackley,5,2026,Wrong-Transfer,4,6.981274224227631
Ackley,5,2026,Wrong-Transfer,5,6.981274224227631
Ackley,5,2026,Wrong-Transfer,6,6.981274224227631
Ackley,5,2026,Wrong-Transfer,7,6.276434439961786
Ackley,5,2026,Wrong-Transfer,8,6.276434439961786
Ackley,5,2026,Wrong-Transfer,9,6.276434439961786
Ackley,5,2026,Wrong-Transfer,10,6.276434439961786
