problem,dim,seed,mode,init_best_y,final_best_y,total_improvement,n_regions_extracted
GMM,2,42,Matching-Transfer,-0.12722582054929782,-0.4967572260480128,0.369531405498715,9
GMM,2,42,No-Transfer,-0.12722582054929782,-0.7956631853471715,0.6684373647978736,0
GMM,2,42,Random-Transfer,-0.12722582054929782,-0.7853637191284716,0.6581378985791737,6
GMM,2,42,Wrong-Transfer,-0.12722582054929782,-0.5999531468785336,0.4727273263292358,6
GMM,2,101,Matching-Transfer,-0.31590510428679913,-0.9118750114715538,0.5959699071847546,8
GMM,2,101,No-Transfer,-0.31590510428679913,-0.4596459155488584,0.1437408112620593,0
GMM,2,101,Random-Transfer,-0.31590510428679913,-0.6715560491199462,0.355650944833147,6
GMM,2,101,Wrong-Transfer,-0.31590510428679913,-0.5924617028374108,0.2765565985506117,8
GMM,2,2026,Matching-Transfer,-0.44113973547464025,-0.9949815756363422,0.5538418401617019,6
GMM,2,2026,No-Transfer,-0.44113973547464025,-0.8783258659248513,0.43718613045021104,0
GMM,2,2026,Random-Transfer,-0.44113973547464025,-0.9818578547829327,0.5407181193082925,6
GMM,2,2026,Wrong-Transfer,-0.44113973547464025,-0.597273771223658,0.15613403574901774,8
Rastrigin,2,42,Matching-Transfer,29.314341565150336,12.082098603907088,17.232242961243248,5
Rastrigin,2,42,No-Transfer,29.314341565150336,27.235109104740562,2.0792324604097736,0
Rastrigin,2,42,Random-Transfer,29.314341565150336,4.467486146493901,24.846855418656435,6
Rastrigin,2,42,Wrong-Transfer,29.314341565150336,12.960685742157386,16.35365582299295,5
Rastrigin,2,101,Matching-Transfer,20.840408205090856,19.822266978510875,1.0181412265799814,5
Rastrigin,2,101,No-Transfer,20.840408205090856,11.517046303567197,9.32336190152366,0
Rastrigin,2,101,Random-Transfer,20.840408205090856,6.645081025758909,14.195327179331947,6
Rastrigin,2,101,Wrong-Transfer,20.840408205090856,15.345377981246958,5.495030223843898,4
Rastrigin,2,2026,Matching-Transfer,25.58255184211822,13.487391094152215,12.095160747966005,5
Rastrigin,2,2026,No-Transfer,25.58255184211822,25.58255184211822,0.0,0
Rastrigin,2,2026,Random-Transfer,25.58255184211822,21.73038944057676,3.8521624015414595,6
Rastrigin,2,2026,Wrong-Transfer,25.58255184211822,8.230499078742138,17.352052763376083,5
Lunacek,2,42,Matching-Transfer,19.212009816103823,4.58531441383119,14.626695402272633,6
Lunacek,2,42,No-Transfer,19.212009816103823,3.253073146853858,15.958936669249965,0
Lunacek,2,42,Random-Transfer,19.212009816103823,4.2764899871386355,14.935519828965187,6
Lunacek,2,42,Wrong-Transfer,19.212009816103823,4.455501854775512,14.75650796132831,6
Lunacek,2,101,Matching-Transfer,4.869941703257785,3.054221938012157,1.8157197652456283,5
Lunacek,2,101,No-Transfer,4.869941703257785,4.869941703257785,0.0,0
Lunacek,2,101,Random-Transfer,4.869941703257785,4.869941703257785,0.0,6
Lunacek,2,101,Wrong-Transfer,4.869941703257785,3.294261197213661,1.5756805060441241,6
Lunacek,2,2026,Matching-Transfer,10.533262831239806,10.533262831239806,0.0,6
Lunacek,2,2026,No-Transfer,10.533262831239806,6.746992357882508,3.7862704733572983,0
Lunacek,2,2026,Random-Transfer,10.533262831239806,7.984941154845621,2.5483216763941856,6
Lunacek,2,2026,Wrong-Transfer,10.533262831239806,5.442650828432627,5.0906120028071795,5
Ackley,2,42,Matching-Transfer,8.09282858543249,0.7295103489237253,7.363318236508766,5
Ackley,2,42,No-Transfer,8.09282858543249,0.9813578478508025,7.111470737581689,0
Ackley,2,42,Random-Transfer,8.09282858543249,0.8398061630090798,7.253022422423411,6
Ackley,2,42,Wrong-Transfer,8.09282858543249,2.3800095671427504,5.712819018289741,6
Ackley,2,101,Matching-Transfer,5.67539244950752,3.0751865290074254,2.6002059205000942,5
Ackley,2,101,No-Transfer,5.67539244950752,0.38690535713341534,5.288487092374105,0
Ackley,2,101,Random-Transfer,5.67539244950752,3.2154694512540485,2.459922998253471,6
Ackley,2,101,Wrong-Transfer,5.67539244950752,1.0606231090380587,4.614769340469461,6
Ackley,2,2026,Matching-Transfer,6.622011972623028,2.5966201630818735,4.025391809541155,5
Ackley,2,2026,No-Transfer,6.622011972623028,0.7808277894565774,5.841184183166451,0
Ackley,2,2026,Random-Transfer,6.622011972623028,2.7519360847827987,3.8700758878402293,6
Ackley,2,2026,Wrong-Transfer,6.622011972623028,3.11828660160942,3.503725371013608,6
GMM,5,42,Matching-Transfer,-0.002946928864770502,-0.3700816722567945,0.367134743392024,8
GMM,5,42,No-Transfer,-0.002946928864770502,-0.0047857551045035526,0.0018388262397330507,0
GMM,5,42,Random-Transfer,-0.002946928864770502,-0.0047857551045035526,0.0018388262397330507,6
GMM,5,42,Wrong-Transfer,-0.002946928864770502,-0.4870083455454685,0.484061416680698,8
GMM,5,101,Matching-Transfer,-0.013425305549179837,-0.19291935069469215,0.17949404514551232,8
GMM,5,101,No-Transfer,-0.013425305549179837,-0.013425305549179837,0.0,0
GMM,5,101,Random-Transfer,-0.013425305549179837,-0.013425305549179837,0.0,6
GMM,5,101,Wrong-Transfer,-0.013425305549179837,-0.10079620346464917,0.08737089791546933,8
GMM,5,2026,Matching-Transfer,-0.011684726409928122,-0.05508986892479811,0.04340514251486999,9
GMM,5,2026,No-Transfer,-0.011684726409928122,-0.04493274354251203,0.03324801713258391,0
GMM,5,2026,Random-Transfer,-0.011684726409928122,-0.04493274354251203,0.03324801713258391,5
GMM,5,2026,Wrong-Transfer,-0.011684726409928122,-0.04734427134615068,0.03565954493622256,8
Rastrigin,5,42,Matching-Transfer,66.61295309467812,63.27740688074036,3.3355462139377607,5
Rastrigin,5,42,No-Transfer,66.61295309467812,50.78783115988941,15.825121934788712,0
Rastrigin,5,42,Random-Transfer,66.61295309467812,50.78783115988941,15.825121934788712,6
Rastrigin,5,42,Wrong-Transfer,66.61295309467812,50.78783115988941,15.825121934788712,6
Rastrigin,5,101,Matching-Transfer,51.12177968503051,51.12177968503051,0.0,6
Rastrigin,5,101,No-Transfer,51.12177968503051,46.05782655824484,5.06395312678567,0
Rastrigin,5,101,Random-Transfer,51.12177968503051,51.12177968503051,0.0,6
Rastrigin,5,101,Wrong-Transfer,51.12177968503051,45.68996506898618,5.431814616044328,4
Rastrigin,5,2026,Matching-Transfer,69.49678317210348,38.68099069846893,30.815792473634545,5
Rastrigin,5,2026,No-Transfer,69.49678317210348,34.70415795644996,34.792625215653516,0
Rastrigin,5,2026,Random-Transfer,69.49678317210348,29.335579286245874,40.1612038858576,5
Rastrigin,5,2026,Wrong-Transfer,69.49678317210348,34.70415795644996,34.792625215653516,6
Lunacek,5,42,Matching-Transfer,38.81207572462091,38.81207572462091,0.0,5
Lunacek,5,42,No-Transfer,38.81207572462091,38.81207572462091,0.0,0
Lunacek,5,42,Random-Transfer,38.81207572462091,38.81207572462091,0.0,6
Lunacek,5,42,Wrong-Transfer,38.81207572462091,38.81207572462091,0.0,6
Lunacek,5,101,Matching-Transfer,44.72833436467948,22.68952596696392,22.038808397715563,6
Lunacek,5,101,No-Transfer,44.72833436467948,44.72833436467948,0.0,0
Lunacek,5,101,Random-Transfer,44.72833436467948,36.100602584419725,8.627731780259758,6
Lunacek,5,101,Wrong-Transfer,44.72833436467948,22.68952596696392,22.038808397715563,6
Lunacek,5,2026,Matching-Transfer,42.36913485589654,32.1156351948279,10.253499661068638,4
Lunacek,5,2026,No-Transfer,42.36913485589654,42.36913485589654,0.0,0
Lunacek,5,2026,Random-Transfer,42.36913485589654,42.36913485589654,0.0,5
Lunacek,5,2026,Wrong-Transfer,42.36913485589654,36.694010122572976,5.675124733323564,5
Ackley,5,42,Matching-Transfer,9.336485390803412,7.603203984850451,1.7332814059529618,5
Ackley,5,42,No-Transfer,9.336485390803412,6.732017900079896,2.6044674907235166,0
Ackley,5,42,Random-Transfer,9.336485390803412,6.732017900079896,2.6044674907235166,6
Ackley,5,42,Wrong-Transfer,9.336485390803412,5.685690746837231,3.650794643966181,6
Ackley,5,101,Matching-Transfer,7.6264432528809305,6.846164442729348,0.7802788101515823,6
Ackley,5,101,No-Transfer,7.6264432528809305,7.391928413935535,0.2345148389453957,0
Ackley,5,101,Random-Transfer,7.6264432528809305,6.230620944348203,1.3958223085327273,6
Ackley,5,101,Wrong-Transfer,7.6264432528809305,6.590588232884343,1.0358550199965872,4
Ackley,5,2026,Matching-Transfer,8.683545502476353,6.733357032840988,1.9501884696353642,6
Ackley,5,2026,No-Transfer,8.683545502476353,6.733357032840988,1.9501884696353642,0
Ackley,5,2026,Random-Transfer,8.683545502476353,5.652817184691003,3.03072831778535,5
Ackley,5,2026,Wrong-Transfer,8.683545502476353,6.276434439961786,2.4071110625145664,5
