problem,dim,seed,method,step,best_y
GMM,2,42,Target-Only,0,-0.2392057150710081
GMM,2,42,Target-Only,1,-0.2392057150710081
GMM,2,42,Target-Only,2,-0.2392057150710081
GMM,2,42,Target-Only,3,-0.268151841434158
GMM,2,42,Target-Only,4,-0.3667756889763305
GMM,2,42,Target-Only,5,-0.36694220122334326
GMM,2,42,Target-Only,6,-0.4766553248373849
GMM,2,42,Target-Only,7,-0.4987695132387471
GMM,2,42,Target-Only,8,-0.4987695132387471
GMM,2,42,Target-Only,9,-0.4987695132387471
GMM,2,42,Target-Only,10,-0.4987695132387471
GMM,2,42,Source-Region,0,-0.2392057150710081
GMM,2,42,Source-Region,1,-0.3181439703718634
GMM,2,42,Source-Region,2,-0.4446523197322646
GMM,2,42,Source-Region,3,-0.4446523197322646
GMM,2,42,Source-Region,4,-0.4823480444126031
GMM,2,42,Source-Region,5,-0.49484682190199875
GMM,2,42,Source-Region,6,-0.49484682190199875
GMM,2,42,Source-Region,7,-0.49484682190199875
GMM,2,42,Source-Region,8,-0.49484682190199875
GMM,2,42,Source-Region,9,-0.49484682190199875
GMM,2,42,Source-Region,10,-0.4977388781596552
GMM,2,42,Random-Region,0,-0.2392057150710081
GMM,2,42,Random-Region,1,-0.2392057150710081
GMM,2,42,Random-Region,2,-0.2392057150710081
GMM,2,42,Random-Region,3,-0.2392057150710081
GMM,2,42,Random-Region,4,-0.26894579463859863
GMM,2,42,Random-Region,5,-0.3920412501106687
GMM,2,42,Random-Region,6,-0.43070611463351033
GMM,2,42,Random-Region,7,-0.43070611463351033
GMM,2,42,Random-Region,8,-0.43070611463351033
GMM,2,42,Random-Region,9,-0.4570713891716669
GMM,2,42,Random-Region,10,-0.4570713891716669
GMM,2,42,Wrong-Source,0,-0.2392057150710081
GMM,2,42,Wrong-Source,1,-0.2392057150710081
GMM,2,42,Wrong-Source,2,-0.2392057150710081
GMM,2,42,Wrong-Source,3,-0.268151841434158
GMM,2,42,Wrong-Source,4,-0.3667756889763305
GMM,2,42,Wrong-Source,5,-0.36694220122334326
GMM,2,42,Wrong-Source,6,-0.4766553248373849
GMM,2,42,Wrong-Source,7,-0.4987695132387471
GMM,2,42,Wrong-Source,8,-0.4987695132387471
GMM,2,42,Wrong-Source,9,-0.4987695132387471
GMM,2,42,Wrong-Source,10,-0.4987695132387471
GMM,2,42,Oracle-Target-Region,0,-0.2392057150710081
GMM,2,42,Oracle-Target-Region,1,-0.3523043469357073
GMM,2,42,Oracle-Target-Region,2,-0.5683722486175634
GMM,2,42,Oracle-Target-Region,3,-0.732402819253277
GMM,2,42,Oracle-Target-Region,4,-0.732402819253277
GMM,2,42,Oracle-Target-Region,5,-0.732402819253277
GMM,2,42,Oracle-Target-Region,6,-0.732402819253277
GMM,2,42,Oracle-Target-Region,7,-0.7647154724292717
GMM,2,42,Oracle-Target-Region,8,-0.8380735553490178
GMM,2,42,Oracle-Target-Region,9,-0.9734616352607792
GMM,2,42,Oracle-Target-Region,10,-0.9734616352607792
GMM,2,42,Hard-Filter,0,-0.2392057150710081
GMM,2,42,Hard-Filter,1,-0.2392057150710081
GMM,2,42,Hard-Filter,2,-0.2726585712207923
GMM,2,42,Hard-Filter,3,-0.32409354369332616
GMM,2,42,Hard-Filter,4,-0.32409354369332616
GMM,2,42,Hard-Filter,5,-0.32409354369332616
GMM,2,42,Hard-Filter,6,-0.32409354369332616
GMM,2,42,Hard-Filter,7,-0.32409354369332616
GMM,2,42,Hard-Filter,8,-0.4040210874296308
GMM,2,42,Hard-Filter,9,-0.42832065906118755
GMM,2,42,Hard-Filter,10,-0.42832065906118755
GMM,2,101,Target-Only,0,-0.2858656567805446
GMM,2,101,Target-Only,1,-0.45792342458339114
GMM,2,101,Target-Only,2,-0.5248581641989865
GMM,2,101,Target-Only,3,-0.6577924054277664
GMM,2,101,Target-Only,4,-0.6577924054277664
GMM,2,101,Target-Only,5,-0.752255663683605
GMM,2,101,Target-Only,6,-0.752255663683605
GMM,2,101,Target-Only,7,-0.7873017083363058
GMM,2,101,Target-Only,8,-0.7873017083363058
GMM,2,101,Target-Only,9,-0.7873017083363058
GMM,2,101,Target-Only,10,-0.7873017083363058
GMM,2,101,Source-Region,0,-0.2858656567805446
GMM,2,101,Source-Region,1,-0.45792342458339114
GMM,2,101,Source-Region,2,-0.598156237553919
GMM,2,101,Source-Region,3,-0.6869871824553153
GMM,2,101,Source-Region,4,-0.6869871824553153
GMM,2,101,Source-Region,5,-0.7625895718179541
GMM,2,101,Source-Region,6,-0.7625895718179541
GMM,2,101,Source-Region,7,-0.7822359584522085
GMM,2,101,Source-Region,8,-0.7822359584522085
GMM,2,101,Source-Region,9,-0.7822359584522085
GMM,2,101,Source-Region,10,-0.7822359584522085
GMM,2,101,Random-Region,0,-0.2858656567805446
GMM,2,101,Random-Region,1,-0.2858656567805446
GMM,2,101,Random-Region,2,-0.2858656567805446
GMM,2,101,Random-Region,3,-0.40253951505138746
GMM,2,101,Random-Region,4,-0.40253951505138746
GMM,2,101,Random-Region,5,-0.44727410720997435
GMM,2,101,Random-Region,6,-0.6990419925645412
GMM,2,101,Random-Region,7,-0.6990419925645412
GMM,2,101,Random-Region,8,-0.7771945687131578
GMM,2,101,Random-Region,9,-0.7771945687131578
GMM,2,101,Random-Region,10,-0.7771945687131578
GMM,2,101,Wrong-Source,0,-0.2858656567805446
GMM,2,101,Wrong-Source,1,-0.45792342458339114
GMM,2,101,Wrong-Source,2,-0.5248581641989865
GMM,2,101,Wrong-Source,3,-0.6577924054277664
GMM,2,101,Wrong-Source,4,-0.6577924054277664
GMM,2,101,Wrong-Source,5,-0.752255663683605
GMM,2,101,Wrong-Source,6,-0.752255663683605
GMM,2,101,Wrong-Source,7,-0.7873017083363058
GMM,2,101,Wrong-Source,8,-0.7873017083363058
GMM,2,101,Wrong-Source,9,-0.7873017083363058
GMM,2,101,Wrong-Source,10,-0.7873017083363058
GMM,2,101,Oracle-Target-Region,0,-0.2858656567805446
GMM,2,101,Oracle-Target-Region,1,-0.2858656567805446
GMM,2,101,Oracle-Target-Region,2,-0.3217015940351673
GMM,2,101,Oracle-Target-Region,3,-0.6869871824553153
GMM,2,101,Oracle-Target-Region,4,-0.6869871824553153
GMM,2,101,Oracle-Target-Region,5,-0.6869871824553153
GMM,2,101,Oracle-Target-Region,6,-0.7676884781125504
GMM,2,101,Oracle-Target-Region,7,-0.7676884781125504
GMM,2,101,Oracle-Target-Region,8,-0.7952529219489735
GMM,2,101,Oracle-Target-Region,9,-0.7952529219489735
GMM,2,101,Oracle-Target-Region,10,-0.7952529219489735
GMM,2,101,Hard-Filter,0,-0.2858656567805446
GMM,2,101,Hard-Filter,1,-0.45792342458339114
GMM,2,101,Hard-Filter,2,-0.5248581641989865
GMM,2,101,Hard-Filter,3,-0.6577924054277664
GMM,2,101,Hard-Filter,4,-0.6577924054277664
GMM,2,101,Hard-Filter,5,-0.6577924054277664
GMM,2,101,Hard-Filter,6,-0.7819086638013799
GMM,2,101,Hard-Filter,7,-0.7819086638013799
GMM,2,101,Hard-Filter,8,-0.7819086638013799
GMM,2,101,Hard-Filter,9,-0.7819086638013799
GMM,2,101,Hard-Filter,10,-0.7819086638013799
GMM,2,2026,Target-Only,0,-0.46503067946996396
GMM,2,2026,Target-Only,1,-0.5682642985056248
GMM,2,2026,Target-Only,2,-0.5682642985056248
GMM,2,2026,Target-Only,3,-0.5682642985056248
GMM,2,2026,Target-Only,4,-0.574672222997621
GMM,2,2026,Target-Only,5,-0.59458080024611
GMM,2,2026,Target-Only,6,-0.59458080024611
GMM,2,2026,Target-Only,7,-0.59458080024611
GMM,2,2026,Target-Only,8,-0.59458080024611
GMM,2,2026,Target-Only,9,-0.59458080024611
GMM,2,2026,Target-Only,10,-0.59458080024611
GMM,2,2026,Source-Region,0,-0.46503067946996396
GMM,2,2026,Source-Region,1,-0.5222680403814511
GMM,2,2026,Source-Region,2,-0.5514895781127414
GMM,2,2026,Source-Region,3,-0.5514895781127414
GMM,2,2026,Source-Region,4,-0.574672222997621
GMM,2,2026,Source-Region,5,-0.5939577193484452
GMM,2,2026,Source-Region,6,-0.5939577193484452
GMM,2,2026,Source-Region,7,-0.5939577193484452
GMM,2,2026,Source-Region,8,-0.5939577193484452
GMM,2,2026,Source-Region,9,-0.5939577193484452
GMM,2,2026,Source-Region,10,-0.5939577193484452
GMM,2,2026,Random-Region,0,-0.46503067946996396
GMM,2,2026,Random-Region,1,-0.4928734966527288
GMM,2,2026,Random-Region,2,-0.5514895781127414
GMM,2,2026,Random-Region,3,-0.5514895781127414
GMM,2,2026,Random-Region,4,-0.5514895781127414
GMM,2,2026,Random-Region,5,-0.5711236535535728
GMM,2,2026,Random-Region,6,-0.5711236535535728
GMM,2,2026,Random-Region,7,-0.6001270139996813
GMM,2,2026,Random-Region,8,-0.6001270139996813
GMM,2,2026,Random-Region,9,-0.6001270139996813
GMM,2,2026,Random-Region,10,-0.6001270139996813
GMM,2,2026,Wrong-Source,0,-0.46503067946996396
GMM,2,2026,Wrong-Source,1,-0.5682642985056248
GMM,2,2026,Wrong-Source,2,-0.5682642985056248
GMM,2,2026,Wrong-Source,3,-0.5682642985056248
GMM,2,2026,Wrong-Source,4,-0.574672222997621
GMM,2,2026,Wrong-Source,5,-0.59458080024611
GMM,2,2026,Wrong-Source,6,-0.59458080024611
GMM,2,2026,Wrong-Source,7,-0.59458080024611
GMM,2,2026,Wrong-Source,8,-0.59458080024611
GMM,2,2026,Wrong-Source,9,-0.59458080024611
GMM,2,2026,Wrong-Source,10,-0.59458080024611
GMM,2,2026,Oracle-Target-Region,0,-0.46503067946996396
GMM,2,2026,Oracle-Target-Region,1,-0.46503067946996396
GMM,2,2026,Oracle-Target-Region,2,-0.46503067946996396
GMM,2,2026,Oracle-Target-Region,3,-0.47519104120570294
GMM,2,2026,Oracle-Target-Region,4,-0.47519104120570294
GMM,2,2026,Oracle-Target-Region,5,-0.47519104120570294
GMM,2,2026,Oracle-Target-Region,6,-0.547989121357455
GMM,2,2026,Oracle-Target-Region,7,-0.5562828102751803
GMM,2,2026,Oracle-Target-Region,8,-0.5881461338606322
GMM,2,2026,Oracle-Target-Region,9,-0.5881461338606322
GMM,2,2026,Oracle-Target-Region,10,-0.596662744172368
GMM,2,2026,Hard-Filter,0,-0.46503067946996396
GMM,2,2026,Hard-Filter,1,-0.5682642985056248
GMM,2,2026,Hard-Filter,2,-0.5682642985056248
GMM,2,2026,Hard-Filter,3,-0.5682642985056248
GMM,2,2026,Hard-Filter,4,-0.5682642985056248
GMM,2,2026,Hard-Filter,5,-0.5682642985056248
GMM,2,2026,Hard-Filter,6,-0.5992828993603855
GMM,2,2026,Hard-Filter,7,-0.5992828993603855
GMM,2,2026,Hard-Filter,8,-0.5992828993603855
GMM,2,2026,Hard-Filter,9,-0.5992828993603855
GMM,2,2026,Hard-Filter,10,-0.5992828993603855
Rastrigin,2,42,Target-Only,0,15.862260482938963
Rastrigin,2,42,Target-Only,1,15.862260482938963
Rastrigin,2,42,Target-Only,2,15.862260482938963
Rastrigin,2,42,Target-Only,3,10.649659840943485
Rastrigin,2,42,Target-Only,4,10.649659840943485
Rastrigin,2,42,Target-Only,5,10.649659840943485
Rastrigin,2,42,Target-Only,6,10.649659840943485
Rastrigin,2,42,Target-Only,7,10.649659840943485
Rastrigin,2,42,Target-Only,8,10.649659840943485
Rastrigin,2,42,Target-Only,9,10.649659840943485
Rastrigin,2,42,Target-Only,10,10.649659840943485
Rastrigin,2,42,Source-Region,0,15.862260482938963
Rastrigin,2,42,Source-Region,1,15.862260482938963
Rastrigin,2,42,Source-Region,2,15.862260482938963
Rastrigin,2,42,Source-Region,3,15.862260482938963
Rastrigin,2,42,Source-Region,4,15.862260482938963
Rastrigin,2,42,Source-Region,5,15.862260482938963
Rastrigin,2,42,Source-Region,6,15.862260482938963
Rastrigin,2,42,Source-Region,7,12.417256182830254
Rastrigin,2,42,Source-Region,8,12.417256182830254
Rastrigin,2,42,Source-Region,9,12.417256182830254
Rastrigin,2,42,Source-Region,10,12.417256182830254
Rastrigin,2,42,Random-Region,0,15.862260482938963
Rastrigin,2,42,Random-Region,1,15.862260482938963
Rastrigin,2,42,Random-Region,2,15.862260482938963
Rastrigin,2,42,Random-Region,3,15.862260482938963
Rastrigin,2,42,Random-Region,4,10.380363421122437
Rastrigin,2,42,Random-Region,5,10.380363421122437
Rastrigin,2,42,Random-Region,6,10.380363421122437
Rastrigin,2,42,Random-Region,7,10.380363421122437
Rastrigin,2,42,Random-Region,8,10.380363421122437
Rastrigin,2,42,Random-Region,9,10.254248487392545
Rastrigin,2,42,Random-Region,10,10.254248487392545
Rastrigin,2,42,Wrong-Source,0,15.862260482938963
Rastrigin,2,42,Wrong-Source,1,15.862260482938963
Rastrigin,2,42,Wrong-Source,2,15.862260482938963
Rastrigin,2,42,Wrong-Source,3,10.649659840943485
Rastrigin,2,42,Wrong-Source,4,10.649659840943485
Rastrigin,2,42,Wrong-Source,5,10.649659840943485
Rastrigin,2,42,Wrong-Source,6,10.649659840943485
Rastrigin,2,42,Wrong-Source,7,10.649659840943485
Rastrigin,2,42,Wrong-Source,8,10.649659840943485
Rastrigin,2,42,Wrong-Source,9,10.649659840943485
Rastrigin,2,42,Wrong-Source,10,10.649659840943485
Rastrigin,2,42,Oracle-Target-Region,0,15.862260482938963
Rastrigin,2,42,Oracle-Target-Region,1,15.862260482938963
Rastrigin,2,42,Oracle-Target-Region,2,15.862260482938963
Rastrigin,2,42,Oracle-Target-Region,3,15.862260482938963
Rastrigin,2,42,Oracle-Target-Region,4,15.862260482938963
Rastrigin,2,42,Oracle-Target-Region,5,15.862260482938963
Rastrigin,2,42,Oracle-Target-Region,6,15.862260482938963
Rastrigin,2,42,Oracle-Target-Region,7,15.862260482938963
Rastrigin,2,42,Oracle-Target-Region,8,15.862260482938963
Rastrigin,2,42,Oracle-Target-Region,9,9.754541196958943
Rastrigin,2,42,Oracle-Target-Region,10,9.754541196958943
Rastrigin,2,42,Hard-Filter,0,15.862260482938963
Rastrigin,2,42,Hard-Filter,1,15.862260482938963
Rastrigin,2,42,Hard-Filter,2,15.862260482938963
Rastrigin,2,42,Hard-Filter,3,10.649659840943485
Rastrigin,2,42,Hard-Filter,4,10.649659840943485
Rastrigin,2,42,Hard-Filter,5,10.649659840943485
Rastrigin,2,42,Hard-Filter,6,10.649659840943485
Rastrigin,2,42,Hard-Filter,7,10.649659840943485
Rastrigin,2,42,Hard-Filter,8,10.649659840943485
Rastrigin,2,42,Hard-Filter,9,7.788716985431005
Rastrigin,2,42,Hard-Filter,10,7.788716985431005
Rastrigin,2,101,Target-Only,0,32.85809536853591
Rastrigin,2,101,Target-Only,1,32.85809536853591
Rastrigin,2,101,Target-Only,2,10.67151902434243
Rastrigin,2,101,Target-Only,3,10.67151902434243
Rastrigin,2,101,Target-Only,4,10.67151902434243
Rastrigin,2,101,Target-Only,5,9.573292493696428
Rastrigin,2,101,Target-Only,6,9.573292493696428
Rastrigin,2,101,Target-Only,7,9.573292493696428
Rastrigin,2,101,Target-Only,8,9.573292493696428
Rastrigin,2,101,Target-Only,9,9.573292493696428
Rastrigin,2,101,Target-Only,10,9.573292493696428
Rastrigin,2,101,Source-Region,0,32.85809536853591
Rastrigin,2,101,Source-Region,1,7.1707988542807755
Rastrigin,2,101,Source-Region,2,7.1707988542807755
Rastrigin,2,101,Source-Region,3,7.1707988542807755
Rastrigin,2,101,Source-Region,4,7.1707988542807755
Rastrigin,2,101,Source-Region,5,7.1707988542807755
Rastrigin,2,101,Source-Region,6,7.1707988542807755
Rastrigin,2,101,Source-Region,7,7.1707988542807755
Rastrigin,2,101,Source-Region,8,7.1707988542807755
Rastrigin,2,101,Source-Region,9,7.1707988542807755
Rastrigin,2,101,Source-Region,10,7.1707988542807755
Rastrigin,2,101,Random-Region,0,32.85809536853591
Rastrigin,2,101,Random-Region,1,32.85809536853591
Rastrigin,2,101,Random-Region,2,32.85809536853591
Rastrigin,2,101,Random-Region,3,32.85809536853591
Rastrigin,2,101,Random-Region,4,32.85809536853591
Rastrigin,2,101,Random-Region,5,32.85809536853591
Rastrigin,2,101,Random-Region,6,32.85809536853591
Rastrigin,2,101,Random-Region,7,12.419174545027127
Rastrigin,2,101,Random-Region,8,12.419174545027127
Rastrigin,2,101,Random-Region,9,12.419174545027127
Rastrigin,2,101,Random-Region,10,12.419174545027127
Rastrigin,2,101,Wrong-Source,0,32.85809536853591
Rastrigin,2,101,Wrong-Source,1,32.85809536853591
Rastrigin,2,101,Wrong-Source,2,10.67151902434243
Rastrigin,2,101,Wrong-Source,3,10.67151902434243
Rastrigin,2,101,Wrong-Source,4,10.67151902434243
Rastrigin,2,101,Wrong-Source,5,9.573292493696428
Rastrigin,2,101,Wrong-Source,6,9.573292493696428
Rastrigin,2,101,Wrong-Source,7,9.573292493696428
Rastrigin,2,101,Wrong-Source,8,9.573292493696428
Rastrigin,2,101,Wrong-Source,9,9.573292493696428
Rastrigin,2,101,Wrong-Source,10,9.573292493696428
Rastrigin,2,101,Oracle-Target-Region,0,32.85809536853591
Rastrigin,2,101,Oracle-Target-Region,1,13.145598357223816
Rastrigin,2,101,Oracle-Target-Region,2,13.145598357223816
Rastrigin,2,101,Oracle-Target-Region,3,13.145598357223816
Rastrigin,2,101,Oracle-Target-Region,4,13.145598357223816
Rastrigin,2,101,Oracle-Target-Region,5,13.145598357223816
Rastrigin,2,101,Oracle-Target-Region,6,13.145598357223816
Rastrigin,2,101,Oracle-Target-Region,7,13.145598357223816
Rastrigin,2,101,Oracle-Target-Region,8,13.145598357223816
Rastrigin,2,101,Oracle-Target-Region,9,13.145598357223816
Rastrigin,2,101,Oracle-Target-Region,10,2.7649621206065262
Rastrigin,2,101,Hard-Filter,0,32.85809536853591
Rastrigin,2,101,Hard-Filter,1,17.197841622109102
Rastrigin,2,101,Hard-Filter,2,17.197841622109102
Rastrigin,2,101,Hard-Filter,3,9.42509335296089
Rastrigin,2,101,Hard-Filter,4,9.42509335296089
Rastrigin,2,101,Hard-Filter,5,9.42509335296089
Rastrigin,2,101,Hard-Filter,6,9.42509335296089
Rastrigin,2,101,Hard-Filter,7,9.42509335296089
Rastrigin,2,101,Hard-Filter,8,9.42509335296089
Rastrigin,2,101,Hard-Filter,9,9.42509335296089
Rastrigin,2,101,Hard-Filter,10,5.158255888240506
Rastrigin,2,2026,Target-Only,0,12.365193862042506
Rastrigin,2,2026,Target-Only,1,12.365193862042506
Rastrigin,2,2026,Target-Only,2,12.365193862042506
Rastrigin,2,2026,Target-Only,3,7.28315955477259
Rastrigin,2,2026,Target-Only,4,7.28315955477259
Rastrigin,2,2026,Target-Only,5,7.28315955477259
Rastrigin,2,2026,Target-Only,6,7.28315955477259
Rastrigin,2,2026,Target-Only,7,7.28315955477259
Rastrigin,2,2026,Target-Only,8,1.8657173675854075
Rastrigin,2,2026,Target-Only,9,1.8657173675854075
Rastrigin,2,2026,Target-Only,10,1.8657173675854075
Rastrigin,2,2026,Source-Region,0,12.365193862042506
Rastrigin,2,2026,Source-Region,1,12.365193862042506
Rastrigin,2,2026,Source-Region,2,12.365193862042506
Rastrigin,2,2026,Source-Region,3,12.365193862042506
Rastrigin,2,2026,Source-Region,4,12.365193862042506
Rastrigin,2,2026,Source-Region,5,12.365193862042506
Rastrigin,2,2026,Source-Region,6,12.365193862042506
Rastrigin,2,2026,Source-Region,7,12.365193862042506
Rastrigin,2,2026,Source-Region,8,12.365193862042506
Rastrigin,2,2026,Source-Region,9,12.365193862042506
Rastrigin,2,2026,Source-Region,10,12.365193862042506
Rastrigin,2,2026,Random-Region,0,12.365193862042506
Rastrigin,2,2026,Random-Region,1,12.365193862042506
Rastrigin,2,2026,Random-Region,2,12.365193862042506
Rastrigin,2,2026,Random-Region,3,12.365193862042506
Rastrigin,2,2026,Random-Region,4,12.365193862042506
Rastrigin,2,2026,Random-Region,5,12.365193862042506
Rastrigin,2,2026,Random-Region,6,12.365193862042506
Rastrigin,2,2026,Random-Region,7,7.63611529462915
Rastrigin,2,2026,Random-Region,8,7.63611529462915
Rastrigin,2,2026,Random-Region,9,7.63611529462915
Rastrigin,2,2026,Random-Region,10,7.63611529462915
Rastrigin,2,2026,Wrong-Source,0,12.365193862042506
Rastrigin,2,2026,Wrong-Source,1,12.365193862042506
Rastrigin,2,2026,Wrong-Source,2,12.365193862042506
Rastrigin,2,2026,Wrong-Source,3,7.28315955477259
Rastrigin,2,2026,Wrong-Source,4,7.28315955477259
Rastrigin,2,2026,Wrong-Source,5,7.28315955477259
Rastrigin,2,2026,Wrong-Source,6,7.28315955477259
Rastrigin,2,2026,Wrong-Source,7,7.28315955477259
Rastrigin,2,2026,Wrong-Source,8,1.8657173675854075
Rastrigin,2,2026,Wrong-Source,9,1.8657173675854075
Rastrigin,2,2026,Wrong-Source,10,1.8657173675854075
Rastrigin,2,2026,Oracle-Target-Region,0,12.365193862042506
Rastrigin,2,2026,Oracle-Target-Region,1,12.365193862042506
Rastrigin,2,2026,Oracle-Target-Region,2,12.365193862042506
Rastrigin,2,2026,Oracle-Target-Region,3,12.365193862042506
Rastrigin,2,2026,Oracle-Target-Region,4,12.365193862042506
Rastrigin,2,2026,Oracle-Target-Region,5,12.365193862042506
Rastrigin,2,2026,Oracle-Target-Region,6,12.365193862042506
Rastrigin,2,2026,Oracle-Target-Region,7,12.365193862042506
Rastrigin,2,2026,Oracle-Target-Region,8,12.365193862042506
Rastrigin,2,2026,Oracle-Target-Region,9,12.365193862042506
Rastrigin,2,2026,Oracle-Target-Region,10,12.365193862042506
Rastrigin,2,2026,Hard-Filter,0,12.365193862042506
Rastrigin,2,2026,Hard-Filter,1,12.365193862042506
Rastrigin,2,2026,Hard-Filter,2,12.365193862042506
Rastrigin,2,2026,Hard-Filter,3,7.28315955477259
Rastrigin,2,2026,Hard-Filter,4,7.28315955477259
Rastrigin,2,2026,Hard-Filter,5,7.28315955477259
Rastrigin,2,2026,Hard-Filter,6,7.28315955477259
Rastrigin,2,2026,Hard-Filter,7,7.28315955477259
Rastrigin,2,2026,Hard-Filter,8,1.8657173675854075
Rastrigin,2,2026,Hard-Filter,9,1.8657173675854075
Rastrigin,2,2026,Hard-Filter,10,1.8657173675854075
Lunacek,2,42,Target-Only,0,13.885220097040262
Lunacek,2,42,Target-Only,1,6.148462369073002
Lunacek,2,42,Target-Only,2,6.148462369073002
Lunacek,2,42,Target-Only,3,6.148462369073002
Lunacek,2,42,Target-Only,4,6.148462369073002
Lunacek,2,42,Target-Only,5,6.148462369073002
Lunacek,2,42,Target-Only,6,6.148462369073002
Lunacek,2,42,Target-Only,7,6.148462369073002
Lunacek,2,42,Target-Only,8,6.148462369073002
Lunacek,2,42,Target-Only,9,6.148462369073002
Lunacek,2,42,Target-Only,10,6.148462369073002
Lunacek,2,42,Source-Region,0,13.885220097040262
Lunacek,2,42,Source-Region,1,13.885220097040262
Lunacek,2,42,Source-Region,2,13.885220097040262
Lunacek,2,42,Source-Region,3,9.130383424926682
Lunacek,2,42,Source-Region,4,9.130383424926682
Lunacek,2,42,Source-Region,5,9.130383424926682
Lunacek,2,42,Source-Region,6,9.130383424926682
Lunacek,2,42,Source-Region,7,9.130383424926682
Lunacek,2,42,Source-Region,8,9.130383424926682
Lunacek,2,42,Source-Region,9,9.130383424926682
Lunacek,2,42,Source-Region,10,9.130383424926682
Lunacek,2,42,Random-Region,0,13.885220097040262
Lunacek,2,42,Random-Region,1,13.885220097040262
Lunacek,2,42,Random-Region,2,13.885220097040262
Lunacek,2,42,Random-Region,3,13.885220097040262
Lunacek,2,42,Random-Region,4,13.885220097040262
Lunacek,2,42,Random-Region,5,8.258516154552815
Lunacek,2,42,Random-Region,6,8.258516154552815
Lunacek,2,42,Random-Region,7,7.989330516456308
Lunacek,2,42,Random-Region,8,7.989330516456308
Lunacek,2,42,Random-Region,9,7.989330516456308
Lunacek,2,42,Random-Region,10,7.989330516456308
Lunacek,2,42,Wrong-Source,0,13.885220097040262
Lunacek,2,42,Wrong-Source,1,6.148462369073002
Lunacek,2,42,Wrong-Source,2,6.148462369073002
Lunacek,2,42,Wrong-Source,3,6.148462369073002
Lunacek,2,42,Wrong-Source,4,6.148462369073002
Lunacek,2,42,Wrong-Source,5,6.148462369073002
Lunacek,2,42,Wrong-Source,6,6.148462369073002
Lunacek,2,42,Wrong-Source,7,6.148462369073002
Lunacek,2,42,Wrong-Source,8,6.148462369073002
Lunacek,2,42,Wrong-Source,9,6.148462369073002
Lunacek,2,42,Wrong-Source,10,6.148462369073002
Lunacek,2,42,Oracle-Target-Region,0,13.885220097040262
Lunacek,2,42,Oracle-Target-Region,1,13.03257308949308
Lunacek,2,42,Oracle-Target-Region,2,13.03257308949308
Lunacek,2,42,Oracle-Target-Region,3,9.130383424926682
Lunacek,2,42,Oracle-Target-Region,4,9.130383424926682
Lunacek,2,42,Oracle-Target-Region,5,9.130383424926682
Lunacek,2,42,Oracle-Target-Region,6,9.130383424926682
Lunacek,2,42,Oracle-Target-Region,7,9.130383424926682
Lunacek,2,42,Oracle-Target-Region,8,9.130383424926682
Lunacek,2,42,Oracle-Target-Region,9,9.130383424926682
Lunacek,2,42,Oracle-Target-Region,10,9.130383424926682
Lunacek,2,42,Hard-Filter,0,13.885220097040262
Lunacek,2,42,Hard-Filter,1,6.148462369073002
Lunacek,2,42,Hard-Filter,2,6.148462369073002
Lunacek,2,42,Hard-Filter,3,6.148462369073002
Lunacek,2,42,Hard-Filter,4,6.148462369073002
Lunacek,2,42,Hard-Filter,5,6.148462369073002
Lunacek,2,42,Hard-Filter,6,6.148462369073002
Lunacek,2,42,Hard-Filter,7,6.148462369073002
Lunacek,2,42,Hard-Filter,8,6.148462369073002
Lunacek,2,42,Hard-Filter,9,6.148462369073002
Lunacek,2,42,Hard-Filter,10,6.148462369073002
Lunacek,2,101,Target-Only,0,4.908392923013633
Lunacek,2,101,Target-Only,1,4.908392923013633
Lunacek,2,101,Target-Only,2,4.908392923013633
Lunacek,2,101,Target-Only,3,4.908392923013633
Lunacek,2,101,Target-Only,4,4.908392923013633
Lunacek,2,101,Target-Only,5,4.908392923013633
Lunacek,2,101,Target-Only,6,4.908392923013633
Lunacek,2,101,Target-Only,7,4.908392923013633
Lunacek,2,101,Target-Only,8,4.908392923013633
Lunacek,2,101,Target-Only,9,4.908392923013633
Lunacek,2,101,Target-Only,10,4.908392923013633
Lunacek,2,101,Source-Region,0,4.908392923013633
Lunacek,2,101,Source-Region,1,4.908392923013633
Lunacek,2,101,Source-Region,2,4.908392923013633
Lunacek,2,101,Source-Region,3,4.908392923013633
Lunacek,2,101,Source-Region,4,4.908392923013633
Lunacek,2,101,Source-Region,5,4.908392923013633
Lunacek,2,101,Source-Region,6,4.908392923013633
Lunacek,2,101,Source-Region,7,4.908392923013633
Lunacek,2,101,Source-Region,8,4.908392923013633
Lunacek,2,101,Source-Region,9,4.908392923013633
Lunacek,2,101,Source-Region,10,4.908392923013633
Lunacek,2,101,Random-Region,0,4.908392923013633
Lunacek,2,101,Random-Region,1,4.908392923013633
Lunacek,2,101,Random-Region,2,4.25038631156646
Lunacek,2,101,Random-Region,3,4.25038631156646
Lunacek,2,101,Random-Region,4,4.25038631156646
Lunacek,2,101,Random-Region,5,4.25038631156646
Lunacek,2,101,Random-Region,6,4.25038631156646
Lunacek,2,101,Random-Region,7,4.25038631156646
Lunacek,2,101,Random-Region,8,4.25038631156646
Lunacek,2,101,Random-Region,9,4.25038631156646
Lunacek,2,101,Random-Region,10,4.25038631156646
Lunacek,2,101,Wrong-Source,0,4.908392923013633
Lunacek,2,101,Wrong-Source,1,4.908392923013633
Lunacek,2,101,Wrong-Source,2,4.908392923013633
Lunacek,2,101,Wrong-Source,3,4.908392923013633
Lunacek,2,101,Wrong-Source,4,4.908392923013633
Lunacek,2,101,Wrong-Source,5,4.908392923013633
Lunacek,2,101,Wrong-Source,6,4.908392923013633
Lunacek,2,101,Wrong-Source,7,4.908392923013633
Lunacek,2,101,Wrong-Source,8,4.908392923013633
Lunacek,2,101,Wrong-Source,9,4.908392923013633
Lunacek,2,101,Wrong-Source,10,4.908392923013633
Lunacek,2,101,Oracle-Target-Region,0,4.908392923013633
Lunacek,2,101,Oracle-Target-Region,1,4.908392923013633
Lunacek,2,101,Oracle-Target-Region,2,4.908392923013633
Lunacek,2,101,Oracle-Target-Region,3,4.908392923013633
Lunacek,2,101,Oracle-Target-Region,4,4.908392923013633
Lunacek,2,101,Oracle-Target-Region,5,4.908392923013633
Lunacek,2,101,Oracle-Target-Region,6,4.908392923013633
Lunacek,2,101,Oracle-Target-Region,7,4.908392923013633
Lunacek,2,101,Oracle-Target-Region,8,4.908392923013633
Lunacek,2,101,Oracle-Target-Region,9,4.908392923013633
Lunacek,2,101,Oracle-Target-Region,10,4.908392923013633
Lunacek,2,101,Hard-Filter,0,4.908392923013633
Lunacek,2,101,Hard-Filter,1,4.908392923013633
Lunacek,2,101,Hard-Filter,2,4.908392923013633
Lunacek,2,101,Hard-Filter,3,4.908392923013633
Lunacek,2,101,Hard-Filter,4,4.908392923013633
Lunacek,2,101,Hard-Filter,5,4.908392923013633
Lunacek,2,101,Hard-Filter,6,4.908392923013633
Lunacek,2,101,Hard-Filter,7,4.908392923013633
Lunacek,2,101,Hard-Filter,8,4.908392923013633
Lunacek,2,101,Hard-Filter,9,4.908392923013633
Lunacek,2,101,Hard-Filter,10,4.908392923013633
Lunacek,2,2026,Target-Only,0,15.641986650404164
Lunacek,2,2026,Target-Only,1,15.641986650404164
Lunacek,2,2026,Target-Only,2,15.641986650404164
Lunacek,2,2026,Target-Only,3,10.852746712551802
Lunacek,2,2026,Target-Only,4,7.009904996557947
Lunacek,2,2026,Target-Only,5,3.351159243907682
Lunacek,2,2026,Target-Only,6,3.351159243907682
Lunacek,2,2026,Target-Only,7,3.351159243907682
Lunacek,2,2026,Target-Only,8,3.351159243907682
Lunacek,2,2026,Target-Only,9,3.351159243907682
Lunacek,2,2026,Target-Only,10,3.351159243907682
Lunacek,2,2026,Source-Region,0,15.641986650404164
Lunacek,2,2026,Source-Region,1,15.641986650404164
Lunacek,2,2026,Source-Region,2,15.641986650404164
Lunacek,2,2026,Source-Region,3,5.515637444956113
Lunacek,2,2026,Source-Region,4,4.611216163522736
Lunacek,2,2026,Source-Region,5,4.611216163522736
Lunacek,2,2026,Source-Region,6,4.611216163522736
Lunacek,2,2026,Source-Region,7,4.611216163522736
Lunacek,2,2026,Source-Region,8,4.611216163522736
Lunacek,2,2026,Source-Region,9,4.611216163522736
Lunacek,2,2026,Source-Region,10,4.611216163522736
Lunacek,2,2026,Random-Region,0,15.641986650404164
Lunacek,2,2026,Random-Region,1,8.568309199921245
Lunacek,2,2026,Random-Region,2,2.5182727782169336
Lunacek,2,2026,Random-Region,3,2.5182727782169336
Lunacek,2,2026,Random-Region,4,2.5182727782169336
Lunacek,2,2026,Random-Region,5,2.5182727782169336
Lunacek,2,2026,Random-Region,6,2.5182727782169336
Lunacek,2,2026,Random-Region,7,2.5182727782169336
Lunacek,2,2026,Random-Region,8,2.5182727782169336
Lunacek,2,2026,Random-Region,9,2.5182727782169336
Lunacek,2,2026,Random-Region,10,2.5182727782169336
Lunacek,2,2026,Wrong-Source,0,15.641986650404164
Lunacek,2,2026,Wrong-Source,1,15.641986650404164
Lunacek,2,2026,Wrong-Source,2,15.641986650404164
Lunacek,2,2026,Wrong-Source,3,10.852746712551802
Lunacek,2,2026,Wrong-Source,4,7.009904996557947
Lunacek,2,2026,Wrong-Source,5,3.351159243907682
Lunacek,2,2026,Wrong-Source,6,3.351159243907682
Lunacek,2,2026,Wrong-Source,7,3.351159243907682
Lunacek,2,2026,Wrong-Source,8,3.351159243907682
Lunacek,2,2026,Wrong-Source,9,3.351159243907682
Lunacek,2,2026,Wrong-Source,10,3.351159243907682
Lunacek,2,2026,Oracle-Target-Region,0,15.641986650404164
Lunacek,2,2026,Oracle-Target-Region,1,15.641986650404164
Lunacek,2,2026,Oracle-Target-Region,2,15.641986650404164
Lunacek,2,2026,Oracle-Target-Region,3,15.641986650404164
Lunacek,2,2026,Oracle-Target-Region,4,0.3601676624578776
Lunacek,2,2026,Oracle-Target-Region,5,0.3601676624578776
Lunacek,2,2026,Oracle-Target-Region,6,0.3601676624578776
Lunacek,2,2026,Oracle-Target-Region,7,0.3601676624578776
Lunacek,2,2026,Oracle-Target-Region,8,0.3601676624578776
Lunacek,2,2026,Oracle-Target-Region,9,0.3601676624578776
Lunacek,2,2026,Oracle-Target-Region,10,0.3601676624578776
Lunacek,2,2026,Hard-Filter,0,15.641986650404164
Lunacek,2,2026,Hard-Filter,1,15.641986650404164
Lunacek,2,2026,Hard-Filter,2,15.641986650404164
Lunacek,2,2026,Hard-Filter,3,15.641986650404164
Lunacek,2,2026,Hard-Filter,4,15.641986650404164
Lunacek,2,2026,Hard-Filter,5,15.641986650404164
Lunacek,2,2026,Hard-Filter,6,9.891368604223118
Lunacek,2,2026,Hard-Filter,7,9.891368604223118
Lunacek,2,2026,Hard-Filter,8,9.891368604223118
Lunacek,2,2026,Hard-Filter,9,9.891368604223118
Lunacek,2,2026,Hard-Filter,10,9.891368604223118
Ackley,2,42,Target-Only,0,5.983087475308746
Ackley,2,42,Target-Only,1,5.983087475308746
Ackley,2,42,Target-Only,2,4.628410419475987
Ackley,2,42,Target-Only,3,3.3832402881429933
Ackley,2,42,Target-Only,4,2.5971770573684734
Ackley,2,42,Target-Only,5,2.5971770573684734
Ackley,2,42,Target-Only,6,2.5971770573684734
Ackley,2,42,Target-Only,7,2.5971770573684734
Ackley,2,42,Target-Only,8,0.7005780927347094
Ackley,2,42,Target-Only,9,0.7005780927347094
Ackley,2,42,Target-Only,10,0.7005780927347094
Ackley,2,42,Source-Region,0,5.983087475308746
Ackley,2,42,Source-Region,1,5.983087475308746
Ackley,2,42,Source-Region,2,5.983087475308746
Ackley,2,42,Source-Region,3,2.052257602792292
Ackley,2,42,Source-Region,4,2.052257602792292
Ackley,2,42,Source-Region,5,1.996381086168388
Ackley,2,42,Source-Region,6,1.996381086168388
Ackley,2,42,Source-Region,7,1.996381086168388
Ackley,2,42,Source-Region,8,0.7005780927347094
Ackley,2,42,Source-Region,9,0.7005780927347094
Ackley,2,42,Source-Region,10,0.6037139042444868
Ackley,2,42,Random-Region,0,5.983087475308746
Ackley,2,42,Random-Region,1,5.983087475308746
Ackley,2,42,Random-Region,2,5.983087475308746
Ackley,2,42,Random-Region,3,3.1951212742068305
Ackley,2,42,Random-Region,4,3.1951212742068305
Ackley,2,42,Random-Region,5,3.1951212742068305
Ackley,2,42,Random-Region,6,3.1951212742068305
Ackley,2,42,Random-Region,7,3.1951212742068305
Ackley,2,42,Random-Region,8,0.7005780927347094
Ackley,2,42,Random-Region,9,0.7005780927347094
Ackley,2,42,Random-Region,10,0.7005780927347094
Ackley,2,42,Wrong-Source,0,5.983087475308746
Ackley,2,42,Wrong-Source,1,5.983087475308746
Ackley,2,42,Wrong-Source,2,4.628410419475987
Ackley,2,42,Wrong-Source,3,3.3832402881429933
Ackley,2,42,Wrong-Source,4,2.5971770573684734
Ackley,2,42,Wrong-Source,5,2.5971770573684734
Ackley,2,42,Wrong-Source,6,2.5971770573684734
Ackley,2,42,Wrong-Source,7,2.5971770573684734
Ackley,2,42,Wrong-Source,8,0.7005780927347094
Ackley,2,42,Wrong-Source,9,0.7005780927347094
Ackley,2,42,Wrong-Source,10,0.7005780927347094
Ackley,2,42,Oracle-Target-Region,0,5.983087475308746
Ackley,2,42,Oracle-Target-Region,1,4.019559342378031
Ackley,2,42,Oracle-Target-Region,2,4.019559342378031
Ackley,2,42,Oracle-Target-Region,3,4.019559342378031
Ackley,2,42,Oracle-Target-Region,4,4.019559342378031
Ackley,2,42,Oracle-Target-Region,5,4.019559342378031
Ackley,2,42,Oracle-Target-Region,6,4.019559342378031
Ackley,2,42,Oracle-Target-Region,7,1.8361820525814
Ackley,2,42,Oracle-Target-Region,8,1.8361820525814
Ackley,2,42,Oracle-Target-Region,9,1.8361820525814
Ackley,2,42,Oracle-Target-Region,10,1.8361820525814
Ackley,2,42,Hard-Filter,0,5.983087475308746
Ackley,2,42,Hard-Filter,1,5.983087475308746
Ackley,2,42,Hard-Filter,2,4.628410419475987
Ackley,2,42,Hard-Filter,3,3.3832402881429933
Ackley,2,42,Hard-Filter,4,2.0729638463296145
Ackley,2,42,Hard-Filter,5,2.0729638463296145
Ackley,2,42,Hard-Filter,6,2.0729638463296145
Ackley,2,42,Hard-Filter,7,2.0158236394745086
Ackley,2,42,Hard-Filter,8,2.0158236394745086
Ackley,2,42,Hard-Filter,9,1.2367131548446655
Ackley,2,42,Hard-Filter,10,1.2367131548446655
Ackley,2,101,Target-Only,0,1.1150843179808985
Ackley,2,101,Target-Only,1,1.1150843179808985
Ackley,2,101,Target-Only,2,1.1150843179808985
Ackley,2,101,Target-Only,3,1.1150843179808985
Ackley,2,101,Target-Only,4,1.1150843179808985
Ackley,2,101,Target-Only,5,1.1150843179808985
Ackley,2,101,Target-Only,6,1.1150843179808985
Ackley,2,101,Target-Only,7,1.1150843179808985
Ackley,2,101,Target-Only,8,1.1150843179808985
Ackley,2,101,Target-Only,9,1.1150843179808985
Ackley,2,101,Target-Only,10,1.1150843179808985
Ackley,2,101,Source-Region,0,1.1150843179808985
Ackley,2,101,Source-Region,1,1.1150843179808985
Ackley,2,101,Source-Region,2,1.1150843179808985
Ackley,2,101,Source-Region,3,1.1150843179808985
Ackley,2,101,Source-Region,4,1.1150843179808985
Ackley,2,101,Source-Region,5,1.1150843179808985
Ackley,2,101,Source-Region,6,1.1150843179808985
Ackley,2,101,Source-Region,7,1.1150843179808985
Ackley,2,101,Source-Region,8,1.1150843179808985
Ackley,2,101,Source-Region,9,1.1150843179808985
Ackley,2,101,Source-Region,10,1.1150843179808985
Ackley,2,101,Random-Region,0,1.1150843179808985
Ackley,2,101,Random-Region,1,1.1150843179808985
Ackley,2,101,Random-Region,2,1.1150843179808985
Ackley,2,101,Random-Region,3,1.1150843179808985
Ackley,2,101,Random-Region,4,1.1150843179808985
Ackley,2,101,Random-Region,5,1.1150843179808985
Ackley,2,101,Random-Region,6,1.1150843179808985
Ackley,2,101,Random-Region,7,1.1150843179808985
Ackley,2,101,Random-Region,8,0.9842770750752732
Ackley,2,101,Random-Region,9,0.9842770750752732
Ackley,2,101,Random-Region,10,0.9842770750752732
Ackley,2,101,Wrong-Source,0,1.1150843179808985
Ackley,2,101,Wrong-Source,1,1.1150843179808985
Ackley,2,101,Wrong-Source,2,1.1150843179808985
Ackley,2,101,Wrong-Source,3,1.1150843179808985
Ackley,2,101,Wrong-Source,4,1.1150843179808985
Ackley,2,101,Wrong-Source,5,1.1150843179808985
Ackley,2,101,Wrong-Source,6,1.1150843179808985
Ackley,2,101,Wrong-Source,7,1.1150843179808985
Ackley,2,101,Wrong-Source,8,1.1150843179808985
Ackley,2,101,Wrong-Source,9,1.1150843179808985
Ackley,2,101,Wrong-Source,10,1.1150843179808985
Ackley,2,101,Oracle-Target-Region,0,1.1150843179808985
Ackley,2,101,Oracle-Target-Region,1,1.1150843179808985
Ackley,2,101,Oracle-Target-Region,2,1.1150843179808985
Ackley,2,101,Oracle-Target-Region,3,1.1150843179808985
Ackley,2,101,Oracle-Target-Region,4,1.1150843179808985
Ackley,2,101,Oracle-Target-Region,5,1.1150843179808985
Ackley,2,101,Oracle-Target-Region,6,1.1150843179808985
Ackley,2,101,Oracle-Target-Region,7,1.1150843179808985
Ackley,2,101,Oracle-Target-Region,8,1.1150843179808985
Ackley,2,101,Oracle-Target-Region,9,1.1150843179808985
Ackley,2,101,Oracle-Target-Region,10,1.1150843179808985
Ackley,2,101,Hard-Filter,0,1.1150843179808985
Ackley,2,101,Hard-Filter,1,1.1150843179808985
Ackley,2,101,Hard-Filter,2,1.1150843179808985
Ackley,2,101,Hard-Filter,3,1.1150843179808985
Ackley,2,101,Hard-Filter,4,1.1150843179808985
Ackley,2,101,Hard-Filter,5,1.1150843179808985
Ackley,2,101,Hard-Filter,6,1.1150843179808985
Ackley,2,101,Hard-Filter,7,1.1150843179808985
Ackley,2,101,Hard-Filter,8,1.1150843179808985
Ackley,2,101,Hard-Filter,9,1.1150843179808985
Ackley,2,101,Hard-Filter,10,1.1150843179808985
Ackley,2,2026,Target-Only,0,4.230320088761388
Ackley,2,2026,Target-Only,1,4.230320088761388
Ackley,2,2026,Target-Only,2,4.0939201044767195
Ackley,2,2026,Target-Only,3,4.0939201044767195
Ackley,2,2026,Target-Only,4,1.6532991004749928
Ackley,2,2026,Target-Only,5,1.6532991004749928
Ackley,2,2026,Target-Only,6,1.6532991004749928
Ackley,2,2026,Target-Only,7,1.6532991004749928
Ackley,2,2026,Target-Only,8,0.28084208535670685
Ackley,2,2026,Target-Only,9,0.28084208535670685
Ackley,2,2026,Target-Only,10,0.28084208535670685
Ackley,2,2026,Source-Region,0,4.230320088761388
Ackley,2,2026,Source-Region,1,4.230320088761388
Ackley,2,2026,Source-Region,2,4.149312993555778
Ackley,2,2026,Source-Region,3,1.8958981215067152
Ackley,2,2026,Source-Region,4,1.8958981215067152
Ackley,2,2026,Source-Region,5,1.8958981215067152
Ackley,2,2026,Source-Region,6,1.8958981215067152
Ackley,2,2026,Source-Region,7,1.8958981215067152
Ackley,2,2026,Source-Region,8,1.3533398951311928
Ackley,2,2026,Source-Region,9,1.3533398951311928
Ackley,2,2026,Source-Region,10,1.3533398951311928
Ackley,2,2026,Random-Region,0,4.230320088761388
Ackley,2,2026,Random-Region,1,4.230320088761388
Ackley,2,2026,Random-Region,2,4.230320088761388
Ackley,2,2026,Random-Region,3,4.230320088761388
Ackley,2,2026,Random-Region,4,4.230320088761388
Ackley,2,2026,Random-Region,5,3.0998023936856964
Ackley,2,2026,Random-Region,6,0.9107626653124226
Ackley,2,2026,Random-Region,7,0.6709352416575354
Ackley,2,2026,Random-Region,8,0.6709352416575354
Ackley,2,2026,Random-Region,9,0.6709352416575354
Ackley,2,2026,Random-Region,10,0.6709352416575354
Ackley,2,2026,Wrong-Source,0,4.230320088761388
Ackley,2,2026,Wrong-Source,1,4.230320088761388
Ackley,2,2026,Wrong-Source,2,4.0939201044767195
Ackley,2,2026,Wrong-Source,3,4.0939201044767195
Ackley,2,2026,Wrong-Source,4,1.6532991004749928
Ackley,2,2026,Wrong-Source,5,1.6532991004749928
Ackley,2,2026,Wrong-Source,6,1.6532991004749928
Ackley,2,2026,Wrong-Source,7,1.6532991004749928
Ackley,2,2026,Wrong-Source,8,0.28084208535670685
Ackley,2,2026,Wrong-Source,9,0.28084208535670685
Ackley,2,2026,Wrong-Source,10,0.28084208535670685
Ackley,2,2026,Oracle-Target-Region,0,4.230320088761388
Ackley,2,2026,Oracle-Target-Region,1,4.230320088761388
Ackley,2,2026,Oracle-Target-Region,2,2.8922469824350547
Ackley,2,2026,Oracle-Target-Region,3,2.8922469824350547
Ackley,2,2026,Oracle-Target-Region,4,2.8922469824350547
Ackley,2,2026,Oracle-Target-Region,5,2.2114333145735086
Ackley,2,2026,Oracle-Target-Region,6,2.2114333145735086
Ackley,2,2026,Oracle-Target-Region,7,2.2114333145735086
Ackley,2,2026,Oracle-Target-Region,8,2.2114333145735086
Ackley,2,2026,Oracle-Target-Region,9,2.2114333145735086
Ackley,2,2026,Oracle-Target-Region,10,1.563441337093288
Ackley,2,2026,Hard-Filter,0,4.230320088761388
Ackley,2,2026,Hard-Filter,1,4.230320088761388
Ackley,2,2026,Hard-Filter,2,4.0939201044767195
Ackley,2,2026,Hard-Filter,3,4.0939201044767195
Ackley,2,2026,Hard-Filter,4,1.6532991004749928
Ackley,2,2026,Hard-Filter,5,1.6532991004749928
Ackley,2,2026,Hard-Filter,6,1.6532991004749928
Ackley,2,2026,Hard-Filter,7,1.6532991004749928
Ackley,2,2026,Hard-Filter,8,1.6532991004749928
Ackley,2,2026,Hard-Filter,9,1.6532991004749928
Ackley,2,2026,Hard-Filter,10,1.6532991004749928
GMM,5,42,Target-Only,0,-0.0002819665480578318
GMM,5,42,Target-Only,1,-0.0002819665480578318
GMM,5,42,Target-Only,2,-0.0002819665480578318
GMM,5,42,Target-Only,3,-0.0002819665480578318
GMM,5,42,Target-Only,4,-0.0008518874839064454
GMM,5,42,Target-Only,5,-0.0008518874839064454
GMM,5,42,Target-Only,6,-0.0008518874839064454
GMM,5,42,Target-Only,7,-0.0008518874839064454
GMM,5,42,Target-Only,8,-0.0008518874839064454
GMM,5,42,Target-Only,9,-0.0008518874839064454
GMM,5,42,Target-Only,10,-0.033104807469468936
GMM,5,42,Source-Region,0,-0.0002819665480578318
GMM,5,42,Source-Region,1,-0.10541370897533246
GMM,5,42,Source-Region,2,-0.10541370897533246
GMM,5,42,Source-Region,3,-0.10541370897533246
GMM,5,42,Source-Region,4,-0.10541370897533246
GMM,5,42,Source-Region,5,-0.10541370897533246
GMM,5,42,Source-Region,6,-0.10541370897533246
GMM,5,42,Source-Region,7,-0.10541370897533246
GMM,5,42,Source-Region,8,-0.10541370897533246
GMM,5,42,Source-Region,9,-0.2544325983256883
GMM,5,42,Source-Region,10,-0.2544325983256883
GMM,5,42,Random-Region,0,-0.0002819665480578318
GMM,5,42,Random-Region,1,-0.0002819665480578318
GMM,5,42,Random-Region,2,-0.0002819665480578318
GMM,5,42,Random-Region,3,-0.0002819665480578318
GMM,5,42,Random-Region,4,-0.0002819665480578318
GMM,5,42,Random-Region,5,-0.0002819665480578318
GMM,5,42,Random-Region,6,-0.0002819665480578318
GMM,5,42,Random-Region,7,-0.0002819665480578318
GMM,5,42,Random-Region,8,-0.0002819665480578318
GMM,5,42,Random-Region,9,-0.0002819665480578318
GMM,5,42,Random-Region,10,-0.0002819665480578318
GMM,5,42,Wrong-Source,0,-0.0002819665480578318
GMM,5,42,Wrong-Source,1,-0.0002819665480578318
GMM,5,42,Wrong-Source,2,-0.0002819665480578318
GMM,5,42,Wrong-Source,3,-0.0002819665480578318
GMM,5,42,Wrong-Source,4,-0.0008518874839064454
GMM,5,42,Wrong-Source,5,-0.0008518874839064454
GMM,5,42,Wrong-Source,6,-0.0008518874839064454
GMM,5,42,Wrong-Source,7,-0.0008518874839064454
GMM,5,42,Wrong-Source,8,-0.0008518874839064454
GMM,5,42,Wrong-Source,9,-0.0008518874839064454
GMM,5,42,Wrong-Source,10,-0.033104807469468936
GMM,5,42,Oracle-Target-Region,0,-0.0002819665480578318
GMM,5,42,Oracle-Target-Region,1,-0.04873554537713492
GMM,5,42,Oracle-Target-Region,2,-0.04873554537713492
GMM,5,42,Oracle-Target-Region,3,-0.04873554537713492
GMM,5,42,Oracle-Target-Region,4,-0.04873554537713492
GMM,5,42,Oracle-Target-Region,5,-0.04873554537713492
GMM,5,42,Oracle-Target-Region,6,-0.04873554537713492
GMM,5,42,Oracle-Target-Region,7,-0.04873554537713492
GMM,5,42,Oracle-Target-Region,8,-0.04873554537713492
GMM,5,42,Oracle-Target-Region,9,-0.04873554537713492
GMM,5,42,Oracle-Target-Region,10,-0.04873554537713492
GMM,5,42,Hard-Filter,0,-0.0002819665480578318
GMM,5,42,Hard-Filter,1,-0.0002819665480578318
GMM,5,42,Hard-Filter,2,-0.0002819665480578318
GMM,5,42,Hard-Filter,3,-0.000500160695296116
GMM,5,42,Hard-Filter,4,-0.0008518874839064454
GMM,5,42,Hard-Filter,5,-0.0008518874839064454
GMM,5,42,Hard-Filter,6,-0.0008518874839064454
GMM,5,42,Hard-Filter,7,-0.0021368417590238373
GMM,5,42,Hard-Filter,8,-0.0021368417590238373
GMM,5,42,Hard-Filter,9,-0.0021368417590238373
GMM,5,42,Hard-Filter,10,-0.033104807469468936
GMM,5,101,Target-Only,0,-0.013270621140863552
GMM,5,101,Target-Only,1,-0.013270621140863552
GMM,5,101,Target-Only,2,-0.013270621140863552
GMM,5,101,Target-Only,3,-0.013270621140863552
GMM,5,101,Target-Only,4,-0.013270621140863552
GMM,5,101,Target-Only,5,-0.013270621140863552
GMM,5,101,Target-Only,6,-0.013270621140863552
GMM,5,101,Target-Only,7,-0.013270621140863552
GMM,5,101,Target-Only,8,-0.013270621140863552
GMM,5,101,Target-Only,9,-0.013270621140863552
GMM,5,101,Target-Only,10,-0.013270621140863552
GMM,5,101,Source-Region,0,-0.013270621140863552
GMM,5,101,Source-Region,1,-0.013270621140863552
GMM,5,101,Source-Region,2,-0.013270621140863552
GMM,5,101,Source-Region,3,-0.013270621140863552
GMM,5,101,Source-Region,4,-0.013270621140863552
GMM,5,101,Source-Region,5,-0.4612642344708448
GMM,5,101,Source-Region,6,-0.4612642344708448
GMM,5,101,Source-Region,7,-0.4612642344708448
GMM,5,101,Source-Region,8,-0.4612642344708448
GMM,5,101,Source-Region,9,-0.4612642344708448
GMM,5,101,Source-Region,10,-0.4612642344708448
GMM,5,101,Random-Region,0,-0.013270621140863552
GMM,5,101,Random-Region,1,-0.013270621140863552
GMM,5,101,Random-Region,2,-0.013270621140863552
GMM,5,101,Random-Region,3,-0.013270621140863552
GMM,5,101,Random-Region,4,-0.013270621140863552
GMM,5,101,Random-Region,5,-0.013270621140863552
GMM,5,101,Random-Region,6,-0.013270621140863552
GMM,5,101,Random-Region,7,-0.013270621140863552
GMM,5,101,Random-Region,8,-0.013270621140863552
GMM,5,101,Random-Region,9,-0.013270621140863552
GMM,5,101,Random-Region,10,-0.013270621140863552
GMM,5,101,Wrong-Source,0,-0.013270621140863552
GMM,5,101,Wrong-Source,1,-0.013270621140863552
GMM,5,101,Wrong-Source,2,-0.013270621140863552
GMM,5,101,Wrong-Source,3,-0.013270621140863552
GMM,5,101,Wrong-Source,4,-0.013270621140863552
GMM,5,101,Wrong-Source,5,-0.013270621140863552
GMM,5,101,Wrong-Source,6,-0.013270621140863552
GMM,5,101,Wrong-Source,7,-0.013270621140863552
GMM,5,101,Wrong-Source,8,-0.013270621140863552
GMM,5,101,Wrong-Source,9,-0.013270621140863552
GMM,5,101,Wrong-Source,10,-0.013270621140863552
GMM,5,101,Oracle-Target-Region,0,-0.013270621140863552
GMM,5,101,Oracle-Target-Region,1,-0.038354466597730265
GMM,5,101,Oracle-Target-Region,2,-0.038354466597730265
GMM,5,101,Oracle-Target-Region,3,-0.10680342675213698
GMM,5,101,Oracle-Target-Region,4,-0.10680342675213698
GMM,5,101,Oracle-Target-Region,5,-0.10680342675213698
GMM,5,101,Oracle-Target-Region,6,-0.10680342675213698
GMM,5,101,Oracle-Target-Region,7,-0.20041648210540355
GMM,5,101,Oracle-Target-Region,8,-0.20041648210540355
GMM,5,101,Oracle-Target-Region,9,-0.20041648210540355
GMM,5,101,Oracle-Target-Region,10,-0.20041648210540355
GMM,5,101,Hard-Filter,0,-0.013270621140863552
GMM,5,101,Hard-Filter,1,-0.013270621140863552
GMM,5,101,Hard-Filter,2,-0.013270621140863552
GMM,5,101,Hard-Filter,3,-0.022418905433143812
GMM,5,101,Hard-Filter,4,-0.022418905433143812
GMM,5,101,Hard-Filter,5,-0.022418905433143812
GMM,5,101,Hard-Filter,6,-0.022418905433143812
GMM,5,101,Hard-Filter,7,-0.03265973431100783
GMM,5,101,Hard-Filter,8,-0.03265973431100783
GMM,5,101,Hard-Filter,9,-0.03265973431100783
GMM,5,101,Hard-Filter,10,-0.03265973431100783
GMM,5,2026,Target-Only,0,-0.0023525589202552906
GMM,5,2026,Target-Only,1,-0.0023525589202552906
GMM,5,2026,Target-Only,2,-0.0023525589202552906
GMM,5,2026,Target-Only,3,-0.0023525589202552906
GMM,5,2026,Target-Only,4,-0.0023525589202552906
GMM,5,2026,Target-Only,5,-0.0023525589202552906
GMM,5,2026,Target-Only,6,-0.1330399214278495
GMM,5,2026,Target-Only,7,-0.1330399214278495
GMM,5,2026,Target-Only,8,-0.1330399214278495
GMM,5,2026,Target-Only,9,-0.1330399214278495
GMM,5,2026,Target-Only,10,-0.1330399214278495
GMM,5,2026,Source-Region,0,-0.0023525589202552906
GMM,5,2026,Source-Region,1,-0.0023525589202552906
GMM,5,2026,Source-Region,2,-0.0023525589202552906
GMM,5,2026,Source-Region,3,-0.0023525589202552906
GMM,5,2026,Source-Region,4,-0.0023525589202552906
GMM,5,2026,Source-Region,5,-0.0023525589202552906
GMM,5,2026,Source-Region,6,-0.1330399214278495
GMM,5,2026,Source-Region,7,-0.1330399214278495
GMM,5,2026,Source-Region,8,-0.1330399214278495
GMM,5,2026,Source-Region,9,-0.1330399214278495
GMM,5,2026,Source-Region,10,-0.1330399214278495
GMM,5,2026,Random-Region,0,-0.0023525589202552906
GMM,5,2026,Random-Region,1,-0.0023525589202552906
GMM,5,2026,Random-Region,2,-0.0023525589202552906
GMM,5,2026,Random-Region,3,-0.0023525589202552906
GMM,5,2026,Random-Region,4,-0.0023525589202552906
GMM,5,2026,Random-Region,5,-0.0023525589202552906
GMM,5,2026,Random-Region,6,-0.1330399214278495
GMM,5,2026,Random-Region,7,-0.1330399214278495
GMM,5,2026,Random-Region,8,-0.1330399214278495
GMM,5,2026,Random-Region,9,-0.1330399214278495
GMM,5,2026,Random-Region,10,-0.1330399214278495
GMM,5,2026,Wrong-Source,0,-0.0023525589202552906
GMM,5,2026,Wrong-Source,1,-0.0023525589202552906
GMM,5,2026,Wrong-Source,2,-0.0023525589202552906
GMM,5,2026,Wrong-Source,3,-0.0023525589202552906
GMM,5,2026,Wrong-Source,4,-0.0023525589202552906
GMM,5,2026,Wrong-Source,5,-0.0023525589202552906
GMM,5,2026,Wrong-Source,6,-0.1330399214278495
GMM,5,2026,Wrong-Source,7,-0.1330399214278495
GMM,5,2026,Wrong-Source,8,-0.1330399214278495
GMM,5,2026,Wrong-Source,9,-0.1330399214278495
GMM,5,2026,Wrong-Source,10,-0.1330399214278495
GMM,5,2026,Oracle-Target-Region,0,-0.0023525589202552906
GMM,5,2026,Oracle-Target-Region,1,-0.0122612502198946
GMM,5,2026,Oracle-Target-Region,2,-0.0122612502198946
GMM,5,2026,Oracle-Target-Region,3,-0.0122612502198946
GMM,5,2026,Oracle-Target-Region,4,-0.0122612502198946
GMM,5,2026,Oracle-Target-Region,5,-0.06328215619250545
GMM,5,2026,Oracle-Target-Region,6,-0.06328215619250545
GMM,5,2026,Oracle-Target-Region,7,-0.06328215619250545
GMM,5,2026,Oracle-Target-Region,8,-0.06328215619250545
GMM,5,2026,Oracle-Target-Region,9,-0.07634305347300188
GMM,5,2026,Oracle-Target-Region,10,-0.07634305347300188
GMM,5,2026,Hard-Filter,0,-0.0023525589202552906
GMM,5,2026,Hard-Filter,1,-0.0023525589202552906
GMM,5,2026,Hard-Filter,2,-0.0023525589202552906
GMM,5,2026,Hard-Filter,3,-0.0023525589202552906
GMM,5,2026,Hard-Filter,4,-0.0023525589202552906
GMM,5,2026,Hard-Filter,5,-0.0023525589202552906
GMM,5,2026,Hard-Filter,6,-0.1330399214278495
GMM,5,2026,Hard-Filter,7,-0.1330399214278495
GMM,5,2026,Hard-Filter,8,-0.1330399214278495
GMM,5,2026,Hard-Filter,9,-0.1330399214278495
GMM,5,2026,Hard-Filter,10,-0.1330399214278495
Rastrigin,5,42,Target-Only,0,40.525440614329
Rastrigin,5,42,Target-Only,1,40.525440614329
Rastrigin,5,42,Target-Only,2,40.525440614329
Rastrigin,5,42,Target-Only,3,40.525440614329
Rastrigin,5,42,Target-Only,4,40.525440614329
Rastrigin,5,42,Target-Only,5,40.525440614329
Rastrigin,5,42,Target-Only,6,40.525440614329
Rastrigin,5,42,Target-Only,7,40.525440614329
Rastrigin,5,42,Target-Only,8,40.525440614329
Rastrigin,5,42,Target-Only,9,40.525440614329
Rastrigin,5,42,Target-Only,10,40.525440614329
Rastrigin,5,42,Source-Region,0,40.525440614329
Rastrigin,5,42,Source-Region,1,40.525440614329
Rastrigin,5,42,Source-Region,2,40.525440614329
Rastrigin,5,42,Source-Region,3,40.525440614329
Rastrigin,5,42,Source-Region,4,40.525440614329
Rastrigin,5,42,Source-Region,5,40.525440614329
Rastrigin,5,42,Source-Region,6,40.525440614329
Rastrigin,5,42,Source-Region,7,40.525440614329
Rastrigin,5,42,Source-Region,8,40.525440614329
Rastrigin,5,42,Source-Region,9,40.525440614329
Rastrigin,5,42,Source-Region,10,40.525440614329
Rastrigin,5,42,Random-Region,0,40.525440614329
Rastrigin,5,42,Random-Region,1,40.525440614329
Rastrigin,5,42,Random-Region,2,40.525440614329
Rastrigin,5,42,Random-Region,3,40.525440614329
Rastrigin,5,42,Random-Region,4,40.525440614329
Rastrigin,5,42,Random-Region,5,40.525440614329
Rastrigin,5,42,Random-Region,6,40.525440614329
Rastrigin,5,42,Random-Region,7,40.525440614329
Rastrigin,5,42,Random-Region,8,27.993217506617782
Rastrigin,5,42,Random-Region,9,27.993217506617782
Rastrigin,5,42,Random-Region,10,27.993217506617782
Rastrigin,5,42,Wrong-Source,0,40.525440614329
Rastrigin,5,42,Wrong-Source,1,40.525440614329
Rastrigin,5,42,Wrong-Source,2,40.525440614329
Rastrigin,5,42,Wrong-Source,3,40.525440614329
Rastrigin,5,42,Wrong-Source,4,40.525440614329
Rastrigin,5,42,Wrong-Source,5,40.525440614329
Rastrigin,5,42,Wrong-Source,6,40.525440614329
Rastrigin,5,42,Wrong-Source,7,40.525440614329
Rastrigin,5,42,Wrong-Source,8,40.525440614329
Rastrigin,5,42,Wrong-Source,9,40.525440614329
Rastrigin,5,42,Wrong-Source,10,40.525440614329
Rastrigin,5,42,Oracle-Target-Region,0,40.525440614329
Rastrigin,5,42,Oracle-Target-Region,1,40.525440614329
Rastrigin,5,42,Oracle-Target-Region,2,40.525440614329
Rastrigin,5,42,Oracle-Target-Region,3,40.525440614329
Rastrigin,5,42,Oracle-Target-Region,4,40.525440614329
Rastrigin,5,42,Oracle-Target-Region,5,40.525440614329
Rastrigin,5,42,Oracle-Target-Region,6,40.525440614329
Rastrigin,5,42,Oracle-Target-Region,7,40.525440614329
Rastrigin,5,42,Oracle-Target-Region,8,40.525440614329
Rastrigin,5,42,Oracle-Target-Region,9,40.525440614329
Rastrigin,5,42,Oracle-Target-Region,10,21.145938112337582
Rastrigin,5,42,Hard-Filter,0,40.525440614329
Rastrigin,5,42,Hard-Filter,1,40.525440614329
Rastrigin,5,42,Hard-Filter,2,40.525440614329
Rastrigin,5,42,Hard-Filter,3,40.525440614329
Rastrigin,5,42,Hard-Filter,4,40.525440614329
Rastrigin,5,42,Hard-Filter,5,40.525440614329
Rastrigin,5,42,Hard-Filter,6,40.525440614329
Rastrigin,5,42,Hard-Filter,7,40.525440614329
Rastrigin,5,42,Hard-Filter,8,40.525440614329
Rastrigin,5,42,Hard-Filter,9,40.525440614329
Rastrigin,5,42,Hard-Filter,10,40.525440614329
Rastrigin,5,101,Target-Only,0,54.510877442007015
Rastrigin,5,101,Target-Only,1,54.510877442007015
Rastrigin,5,101,Target-Only,2,54.510877442007015
Rastrigin,5,101,Target-Only,3,54.510877442007015
Rastrigin,5,101,Target-Only,4,54.510877442007015
Rastrigin,5,101,Target-Only,5,53.95927458543561
Rastrigin,5,101,Target-Only,6,53.95927458543561
Rastrigin,5,101,Target-Only,7,53.95927458543561
Rastrigin,5,101,Target-Only,8,53.95927458543561
Rastrigin,5,101,Target-Only,9,49.892979966305624
Rastrigin,5,101,Target-Only,10,39.07103803414992
Rastrigin,5,101,Source-Region,0,54.510877442007015
Rastrigin,5,101,Source-Region,1,54.510877442007015
Rastrigin,5,101,Source-Region,2,54.510877442007015
Rastrigin,5,101,Source-Region,3,54.510877442007015
Rastrigin,5,101,Source-Region,4,54.510877442007015
Rastrigin,5,101,Source-Region,5,53.95927458543561
Rastrigin,5,101,Source-Region,6,53.95927458543561
Rastrigin,5,101,Source-Region,7,52.61635781213148
Rastrigin,5,101,Source-Region,8,52.61635781213148
Rastrigin,5,101,Source-Region,9,52.61635781213148
Rastrigin,5,101,Source-Region,10,52.61635781213148
Rastrigin,5,101,Random-Region,0,54.510877442007015
Rastrigin,5,101,Random-Region,1,54.510877442007015
Rastrigin,5,101,Random-Region,2,54.510877442007015
Rastrigin,5,101,Random-Region,3,54.510877442007015
Rastrigin,5,101,Random-Region,4,54.510877442007015
Rastrigin,5,101,Random-Region,5,54.510877442007015
Rastrigin,5,101,Random-Region,6,44.02586112148104
Rastrigin,5,101,Random-Region,7,44.02586112148104
Rastrigin,5,101,Random-Region,8,44.02586112148104
Rastrigin,5,101,Random-Region,9,44.02586112148104
Rastrigin,5,101,Random-Region,10,44.02586112148104
Rastrigin,5,101,Wrong-Source,0,54.510877442007015
Rastrigin,5,101,Wrong-Source,1,54.510877442007015
Rastrigin,5,101,Wrong-Source,2,54.510877442007015
Rastrigin,5,101,Wrong-Source,3,54.510877442007015
Rastrigin,5,101,Wrong-Source,4,54.510877442007015
Rastrigin,5,101,Wrong-Source,5,53.95927458543561
Rastrigin,5,101,Wrong-Source,6,53.95927458543561
Rastrigin,5,101,Wrong-Source,7,53.95927458543561
Rastrigin,5,101,Wrong-Source,8,53.95927458543561
Rastrigin,5,101,Wrong-Source,9,49.892979966305624
Rastrigin,5,101,Wrong-Source,10,39.07103803414992
Rastrigin,5,101,Oracle-Target-Region,0,54.510877442007015
Rastrigin,5,101,Oracle-Target-Region,1,54.510877442007015
Rastrigin,5,101,Oracle-Target-Region,2,54.510877442007015
Rastrigin,5,101,Oracle-Target-Region,3,53.27207204611538
Rastrigin,5,101,Oracle-Target-Region,4,53.27207204611538
Rastrigin,5,101,Oracle-Target-Region,5,44.314301299804896
Rastrigin,5,101,Oracle-Target-Region,6,44.314301299804896
Rastrigin,5,101,Oracle-Target-Region,7,44.314301299804896
Rastrigin,5,101,Oracle-Target-Region,8,44.314301299804896
Rastrigin,5,101,Oracle-Target-Region,9,34.54531542678096
Rastrigin,5,101,Oracle-Target-Region,10,34.54531542678096
Rastrigin,5,101,Hard-Filter,0,54.510877442007015
Rastrigin,5,101,Hard-Filter,1,54.510877442007015
Rastrigin,5,101,Hard-Filter,2,54.510877442007015
Rastrigin,5,101,Hard-Filter,3,54.510877442007015
Rastrigin,5,101,Hard-Filter,4,54.510877442007015
Rastrigin,5,101,Hard-Filter,5,53.95927458543561
Rastrigin,5,101,Hard-Filter,6,53.95927458543561
Rastrigin,5,101,Hard-Filter,7,52.61635781213148
Rastrigin,5,101,Hard-Filter,8,52.61635781213148
Rastrigin,5,101,Hard-Filter,9,52.61635781213148
Rastrigin,5,101,Hard-Filter,10,52.61635781213148
Rastrigin,5,2026,Target-Only,0,44.25387121670958
Rastrigin,5,2026,Target-Only,1,44.25387121670958
Rastrigin,5,2026,Target-Only,2,44.25387121670958
Rastrigin,5,2026,Target-Only,3,44.25387121670958
Rastrigin,5,2026,Target-Only,4,44.25387121670958
Rastrigin,5,2026,Target-Only,5,44.25387121670958
Rastrigin,5,2026,Target-Only,6,44.25387121670958
Rastrigin,5,2026,Target-Only,7,44.25387121670958
Rastrigin,5,2026,Target-Only,8,44.25387121670958
Rastrigin,5,2026,Target-Only,9,44.25387121670958
Rastrigin,5,2026,Target-Only,10,44.25387121670958
Rastrigin,5,2026,Source-Region,0,44.25387121670958
Rastrigin,5,2026,Source-Region,1,43.70117733951303
Rastrigin,5,2026,Source-Region,2,43.70117733951303
Rastrigin,5,2026,Source-Region,3,43.70117733951303
Rastrigin,5,2026,Source-Region,4,43.70117733951303
Rastrigin,5,2026,Source-Region,5,40.07100254535378
Rastrigin,5,2026,Source-Region,6,40.07100254535378
Rastrigin,5,2026,Source-Region,7,40.07100254535378
Rastrigin,5,2026,Source-Region,8,40.07100254535378
Rastrigin,5,2026,Source-Region,9,40.07100254535378
Rastrigin,5,2026,Source-Region,10,40.07100254535378
Rastrigin,5,2026,Random-Region,0,44.25387121670958
Rastrigin,5,2026,Random-Region,1,44.25387121670958
Rastrigin,5,2026,Random-Region,2,44.25387121670958
Rastrigin,5,2026,Random-Region,3,44.25387121670958
Rastrigin,5,2026,Random-Region,4,44.25387121670958
Rastrigin,5,2026,Random-Region,5,44.25387121670958
Rastrigin,5,2026,Random-Region,6,44.25387121670958
Rastrigin,5,2026,Random-Region,7,44.25387121670958
Rastrigin,5,2026,Random-Region,8,44.25387121670958
Rastrigin,5,2026,Random-Region,9,44.25387121670958
Rastrigin,5,2026,Random-Region,10,44.25387121670958
Rastrigin,5,2026,Wrong-Source,0,44.25387121670958
Rastrigin,5,2026,Wrong-Source,1,44.25387121670958
Rastrigin,5,2026,Wrong-Source,2,44.25387121670958
Rastrigin,5,2026,Wrong-Source,3,44.25387121670958
Rastrigin,5,2026,Wrong-Source,4,44.25387121670958
Rastrigin,5,2026,Wrong-Source,5,44.25387121670958
Rastrigin,5,2026,Wrong-Source,6,44.25387121670958
Rastrigin,5,2026,Wrong-Source,7,44.25387121670958
Rastrigin,5,2026,Wrong-Source,8,44.25387121670958
Rastrigin,5,2026,Wrong-Source,9,44.25387121670958
Rastrigin,5,2026,Wrong-Source,10,44.25387121670958
Rastrigin,5,2026,Oracle-Target-Region,0,44.25387121670958
Rastrigin,5,2026,Oracle-Target-Region,1,32.006438282367185
Rastrigin,5,2026,Oracle-Target-Region,2,32.006438282367185
Rastrigin,5,2026,Oracle-Target-Region,3,32.006438282367185
Rastrigin,5,2026,Oracle-Target-Region,4,32.006438282367185
Rastrigin,5,2026,Oracle-Target-Region,5,32.006438282367185
Rastrigin,5,2026,Oracle-Target-Region,6,32.006438282367185
Rastrigin,5,2026,Oracle-Target-Region,7,32.006438282367185
Rastrigin,5,2026,Oracle-Target-Region,8,32.006438282367185
Rastrigin,5,2026,Oracle-Target-Region,9,32.006438282367185
Rastrigin,5,2026,Oracle-Target-Region,10,32.006438282367185
Rastrigin,5,2026,Hard-Filter,0,44.25387121670958
Rastrigin,5,2026,Hard-Filter,1,44.25387121670958
Rastrigin,5,2026,Hard-Filter,2,44.25387121670958
Rastrigin,5,2026,Hard-Filter,3,44.25387121670958
Rastrigin,5,2026,Hard-Filter,4,44.25387121670958
Rastrigin,5,2026,Hard-Filter,5,44.25387121670958
Rastrigin,5,2026,Hard-Filter,6,44.25387121670958
Rastrigin,5,2026,Hard-Filter,7,44.25387121670958
Rastrigin,5,2026,Hard-Filter,8,44.25387121670958
Rastrigin,5,2026,Hard-Filter,9,44.25387121670958
Rastrigin,5,2026,Hard-Filter,10,44.25387121670958
Lunacek,5,42,Target-Only,0,64.46751195432923
Lunacek,5,42,Target-Only,1,50.32783002010661
Lunacek,5,42,Target-Only,2,50.32783002010661
Lunacek,5,42,Target-Only,3,50.32783002010661
Lunacek,5,42,Target-Only,4,50.32783002010661
Lunacek,5,42,Target-Only,5,50.32783002010661
Lunacek,5,42,Target-Only,6,50.32783002010661
Lunacek,5,42,Target-Only,7,50.32783002010661
Lunacek,5,42,Target-Only,8,50.32783002010661
Lunacek,5,42,Target-Only,9,50.32783002010661
Lunacek,5,42,Target-Only,10,50.32783002010661
Lunacek,5,42,Source-Region,0,64.46751195432923
Lunacek,5,42,Source-Region,1,50.32783002010661
Lunacek,5,42,Source-Region,2,50.32783002010661
Lunacek,5,42,Source-Region,3,50.32783002010661
Lunacek,5,42,Source-Region,4,50.32783002010661
Lunacek,5,42,Source-Region,5,50.32783002010661
Lunacek,5,42,Source-Region,6,50.32783002010661
Lunacek,5,42,Source-Region,7,50.32783002010661
Lunacek,5,42,Source-Region,8,50.32783002010661
Lunacek,5,42,Source-Region,9,50.32783002010661
Lunacek,5,42,Source-Region,10,37.47508123843835
Lunacek,5,42,Random-Region,0,64.46751195432923
Lunacek,5,42,Random-Region,1,50.32783002010661
Lunacek,5,42,Random-Region,2,50.32783002010661
Lunacek,5,42,Random-Region,3,50.32783002010661
Lunacek,5,42,Random-Region,4,50.32783002010661
Lunacek,5,42,Random-Region,5,46.846671280603
Lunacek,5,42,Random-Region,6,46.846671280603
Lunacek,5,42,Random-Region,7,46.846671280603
Lunacek,5,42,Random-Region,8,46.846671280603
Lunacek,5,42,Random-Region,9,46.846671280603
Lunacek,5,42,Random-Region,10,46.846671280603
Lunacek,5,42,Wrong-Source,0,64.46751195432923
Lunacek,5,42,Wrong-Source,1,50.32783002010661
Lunacek,5,42,Wrong-Source,2,50.32783002010661
Lunacek,5,42,Wrong-Source,3,50.32783002010661
Lunacek,5,42,Wrong-Source,4,50.32783002010661
Lunacek,5,42,Wrong-Source,5,50.32783002010661
Lunacek,5,42,Wrong-Source,6,50.32783002010661
Lunacek,5,42,Wrong-Source,7,50.32783002010661
Lunacek,5,42,Wrong-Source,8,50.32783002010661
Lunacek,5,42,Wrong-Source,9,50.32783002010661
Lunacek,5,42,Wrong-Source,10,50.32783002010661
Lunacek,5,42,Oracle-Target-Region,0,64.46751195432923
Lunacek,5,42,Oracle-Target-Region,1,46.439012191950084
Lunacek,5,42,Oracle-Target-Region,2,46.439012191950084
Lunacek,5,42,Oracle-Target-Region,3,46.439012191950084
Lunacek,5,42,Oracle-Target-Region,4,46.439012191950084
Lunacek,5,42,Oracle-Target-Region,5,46.439012191950084
Lunacek,5,42,Oracle-Target-Region,6,46.439012191950084
Lunacek,5,42,Oracle-Target-Region,7,46.439012191950084
Lunacek,5,42,Oracle-Target-Region,8,46.439012191950084
Lunacek,5,42,Oracle-Target-Region,9,46.439012191950084
Lunacek,5,42,Oracle-Target-Region,10,46.439012191950084
Lunacek,5,42,Hard-Filter,0,64.46751195432923
Lunacek,5,42,Hard-Filter,1,51.21892398980869
Lunacek,5,42,Hard-Filter,2,51.21892398980869
Lunacek,5,42,Hard-Filter,3,51.21892398980869
Lunacek,5,42,Hard-Filter,4,51.21892398980869
Lunacek,5,42,Hard-Filter,5,51.21892398980869
Lunacek,5,42,Hard-Filter,6,51.21892398980869
Lunacek,5,42,Hard-Filter,7,42.04084187666085
Lunacek,5,42,Hard-Filter,8,42.04084187666085
Lunacek,5,42,Hard-Filter,9,39.09066611830833
Lunacek,5,42,Hard-Filter,10,39.09066611830833
Lunacek,5,101,Target-Only,0,47.37686606820269
Lunacek,5,101,Target-Only,1,47.37686606820269
Lunacek,5,101,Target-Only,2,47.37686606820269
Lunacek,5,101,Target-Only,3,47.37686606820269
Lunacek,5,101,Target-Only,4,36.23850782942391
Lunacek,5,101,Target-Only,5,36.23850782942391
Lunacek,5,101,Target-Only,6,36.23850782942391
Lunacek,5,101,Target-Only,7,36.23850782942391
Lunacek,5,101,Target-Only,8,36.23850782942391
Lunacek,5,101,Target-Only,9,33.271904542477586
Lunacek,5,101,Target-Only,10,33.271904542477586
Lunacek,5,101,Source-Region,0,47.37686606820269
Lunacek,5,101,Source-Region,1,47.37686606820269
Lunacek,5,101,Source-Region,2,47.37686606820269
Lunacek,5,101,Source-Region,3,47.37686606820269
Lunacek,5,101,Source-Region,4,47.37686606820269
Lunacek,5,101,Source-Region,5,47.37686606820269
Lunacek,5,101,Source-Region,6,47.37686606820269
Lunacek,5,101,Source-Region,7,47.37686606820269
Lunacek,5,101,Source-Region,8,47.37686606820269
Lunacek,5,101,Source-Region,9,47.37686606820269
Lunacek,5,101,Source-Region,10,47.37686606820269
Lunacek,5,101,Random-Region,0,47.37686606820269
Lunacek,5,101,Random-Region,1,47.37686606820269
Lunacek,5,101,Random-Region,2,47.37686606820269
Lunacek,5,101,Random-Region,3,47.37686606820269
Lunacek,5,101,Random-Region,4,36.23850782942391
Lunacek,5,101,Random-Region,5,33.80368622523695
Lunacek,5,101,Random-Region,6,33.80368622523695
Lunacek,5,101,Random-Region,7,33.80368622523695
Lunacek,5,101,Random-Region,8,16.79282073427806
Lunacek,5,101,Random-Region,9,16.79282073427806
Lunacek,5,101,Random-Region,10,16.79282073427806
Lunacek,5,101,Wrong-Source,0,47.37686606820269
Lunacek,5,101,Wrong-Source,1,47.37686606820269
Lunacek,5,101,Wrong-Source,2,47.37686606820269
Lunacek,5,101,Wrong-Source,3,47.37686606820269
Lunacek,5,101,Wrong-Source,4,36.23850782942391
Lunacek,5,101,Wrong-Source,5,36.23850782942391
Lunacek,5,101,Wrong-Source,6,36.23850782942391
Lunacek,5,101,Wrong-Source,7,36.23850782942391
Lunacek,5,101,Wrong-Source,8,36.23850782942391
Lunacek,5,101,Wrong-Source,9,33.271904542477586
Lunacek,5,101,Wrong-Source,10,33.271904542477586
Lunacek,5,101,Oracle-Target-Region,0,47.37686606820269
Lunacek,5,101,Oracle-Target-Region,1,47.37686606820269
Lunacek,5,101,Oracle-Target-Region,2,41.790030747955626
Lunacek,5,101,Oracle-Target-Region,3,41.790030747955626
Lunacek,5,101,Oracle-Target-Region,4,41.790030747955626
Lunacek,5,101,Oracle-Target-Region,5,41.790030747955626
Lunacek,5,101,Oracle-Target-Region,6,41.790030747955626
Lunacek,5,101,Oracle-Target-Region,7,41.790030747955626
Lunacek,5,101,Oracle-Target-Region,8,41.790030747955626
Lunacek,5,101,Oracle-Target-Region,9,41.790030747955626
Lunacek,5,101,Oracle-Target-Region,10,41.790030747955626
Lunacek,5,101,Hard-Filter,0,47.37686606820269
Lunacek,5,101,Hard-Filter,1,47.37686606820269
Lunacek,5,101,Hard-Filter,2,47.37686606820269
Lunacek,5,101,Hard-Filter,3,47.37686606820269
Lunacek,5,101,Hard-Filter,4,36.23850782942391
Lunacek,5,101,Hard-Filter,5,36.23850782942391
Lunacek,5,101,Hard-Filter,6,36.23850782942391
Lunacek,5,101,Hard-Filter,7,36.23850782942391
Lunacek,5,101,Hard-Filter,8,36.23850782942391
Lunacek,5,101,Hard-Filter,9,36.23850782942391
Lunacek,5,101,Hard-Filter,10,36.23850782942391
Lunacek,5,2026,Target-Only,0,31.49953664087294
Lunacek,5,2026,Target-Only,1,31.49953664087294
Lunacek,5,2026,Target-Only,2,31.49953664087294
Lunacek,5,2026,Target-Only,3,31.49953664087294
Lunacek,5,2026,Target-Only,4,31.49953664087294
Lunacek,5,2026,Target-Only,5,31.49953664087294
Lunacek,5,2026,Target-Only,6,31.49953664087294
Lunacek,5,2026,Target-Only,7,31.49953664087294
Lunacek,5,2026,Target-Only,8,31.49953664087294
Lunacek,5,2026,Target-Only,9,31.49953664087294
Lunacek,5,2026,Target-Only,10,31.49953664087294
Lunacek,5,2026,Source-Region,0,31.49953664087294
Lunacek,5,2026,Source-Region,1,31.49953664087294
Lunacek,5,2026,Source-Region,2,31.49953664087294
Lunacek,5,2026,Source-Region,3,31.49953664087294
Lunacek,5,2026,Source-Region,4,31.49953664087294
Lunacek,5,2026,Source-Region,5,31.49953664087294
Lunacek,5,2026,Source-Region,6,31.49953664087294
Lunacek,5,2026,Source-Region,7,31.49953664087294
Lunacek,5,2026,Source-Region,8,31.49953664087294
Lunacek,5,2026,Source-Region,9,31.49953664087294
Lunacek,5,2026,Source-Region,10,31.49953664087294
Lunacek,5,2026,Random-Region,0,31.49953664087294
Lunacek,5,2026,Random-Region,1,31.49953664087294
Lunacek,5,2026,Random-Region,2,31.49953664087294
Lunacek,5,2026,Random-Region,3,26.38777373324136
Lunacek,5,2026,Random-Region,4,26.38777373324136
Lunacek,5,2026,Random-Region,5,26.38777373324136
Lunacek,5,2026,Random-Region,6,26.38777373324136
Lunacek,5,2026,Random-Region,7,26.38777373324136
Lunacek,5,2026,Random-Region,8,26.38777373324136
Lunacek,5,2026,Random-Region,9,26.38777373324136
Lunacek,5,2026,Random-Region,10,26.38777373324136
Lunacek,5,2026,Wrong-Source,0,31.49953664087294
Lunacek,5,2026,Wrong-Source,1,31.49953664087294
Lunacek,5,2026,Wrong-Source,2,31.49953664087294
Lunacek,5,2026,Wrong-Source,3,31.49953664087294
Lunacek,5,2026,Wrong-Source,4,31.49953664087294
Lunacek,5,2026,Wrong-Source,5,31.49953664087294
Lunacek,5,2026,Wrong-Source,6,31.49953664087294
Lunacek,5,2026,Wrong-Source,7,31.49953664087294
Lunacek,5,2026,Wrong-Source,8,31.49953664087294
Lunacek,5,2026,Wrong-Source,9,31.49953664087294
Lunacek,5,2026,Wrong-Source,10,31.49953664087294
Lunacek,5,2026,Oracle-Target-Region,0,31.49953664087294
Lunacek,5,2026,Oracle-Target-Region,1,31.49953664087294
Lunacek,5,2026,Oracle-Target-Region,2,31.49953664087294
Lunacek,5,2026,Oracle-Target-Region,3,31.49953664087294
Lunacek,5,2026,Oracle-Target-Region,4,31.49953664087294
Lunacek,5,2026,Oracle-Target-Region,5,31.49953664087294
Lunacek,5,2026,Oracle-Target-Region,6,31.49953664087294
Lunacek,5,2026,Oracle-Target-Region,7,31.49953664087294
Lunacek,5,2026,Oracle-Target-Region,8,31.49953664087294
Lunacek,5,2026,Oracle-Target-Region,9,31.49953664087294
Lunacek,5,2026,Oracle-Target-Region,10,31.49953664087294
Lunacek,5,2026,Hard-Filter,0,31.49953664087294
Lunacek,5,2026,Hard-Filter,1,31.49953664087294
Lunacek,5,2026,Hard-Filter,2,31.49953664087294
Lunacek,5,2026,Hard-Filter,3,31.49953664087294
Lunacek,5,2026,Hard-Filter,4,31.49953664087294
Lunacek,5,2026,Hard-Filter,5,31.49953664087294
Lunacek,5,2026,Hard-Filter,6,31.49953664087294
Lunacek,5,2026,Hard-Filter,7,31.49953664087294
Lunacek,5,2026,Hard-Filter,8,31.49953664087294
Lunacek,5,2026,Hard-Filter,9,31.49953664087294
Lunacek,5,2026,Hard-Filter,10,31.49953664087294
Ackley,5,42,Target-Only,0,6.2479727309226725
Ackley,5,42,Target-Only,1,6.2479727309226725
Ackley,5,42,Target-Only,2,6.2479727309226725
Ackley,5,42,Target-Only,3,6.2479727309226725
Ackley,5,42,Target-Only,4,5.968053097238094
Ackley,5,42,Target-Only,5,4.951664654388789
Ackley,5,42,Target-Only,6,4.951664654388789
Ackley,5,42,Target-Only,7,4.951664654388789
Ackley,5,42,Target-Only,8,4.0547724109732215
Ackley,5,42,Target-Only,9,4.0547724109732215
Ackley,5,42,Target-Only,10,4.0547724109732215
Ackley,5,42,Source-Region,0,6.2479727309226725
Ackley,5,42,Source-Region,1,6.2479727309226725
Ackley,5,42,Source-Region,2,6.2479727309226725
Ackley,5,42,Source-Region,3,6.2479727309226725
Ackley,5,42,Source-Region,4,6.2479727309226725
Ackley,5,42,Source-Region,5,6.2479727309226725
Ackley,5,42,Source-Region,6,5.253095343145105
Ackley,5,42,Source-Region,7,5.207609529986751
Ackley,5,42,Source-Region,8,5.207609529986751
Ackley,5,42,Source-Region,9,4.550060538405166
Ackley,5,42,Source-Region,10,4.550060538405166
Ackley,5,42,Random-Region,0,6.2479727309226725
Ackley,5,42,Random-Region,1,6.2479727309226725
Ackley,5,42,Random-Region,2,6.2479727309226725
Ackley,5,42,Random-Region,3,6.2479727309226725
Ackley,5,42,Random-Region,4,5.968053097238094
Ackley,5,42,Random-Region,5,4.951664654388789
Ackley,5,42,Random-Region,6,4.951664654388789
Ackley,5,42,Random-Region,7,4.951664654388789
Ackley,5,42,Random-Region,8,4.0547724109732215
Ackley,5,42,Random-Region,9,4.0547724109732215
Ackley,5,42,Random-Region,10,4.0547724109732215
Ackley,5,42,Wrong-Source,0,6.2479727309226725
Ackley,5,42,Wrong-Source,1,6.2479727309226725
Ackley,5,42,Wrong-Source,2,6.2479727309226725
Ackley,5,42,Wrong-Source,3,6.2479727309226725
Ackley,5,42,Wrong-Source,4,5.968053097238094
Ackley,5,42,Wrong-Source,5,4.951664654388789
Ackley,5,42,Wrong-Source,6,4.951664654388789
Ackley,5,42,Wrong-Source,7,4.951664654388789
Ackley,5,42,Wrong-Source,8,4.0547724109732215
Ackley,5,42,Wrong-Source,9,4.0547724109732215
Ackley,5,42,Wrong-Source,10,4.0547724109732215
Ackley,5,42,Oracle-Target-Region,0,6.2479727309226725
Ackley,5,42,Oracle-Target-Region,1,6.2479727309226725
Ackley,5,42,Oracle-Target-Region,2,6.202395164530593
Ackley,5,42,Oracle-Target-Region,3,5.426663632862692
Ackley,5,42,Oracle-Target-Region,4,5.426663632862692
Ackley,5,42,Oracle-Target-Region,5,5.426663632862692
Ackley,5,42,Oracle-Target-Region,6,5.426663632862692
Ackley,5,42,Oracle-Target-Region,7,5.207609529986751
Ackley,5,42,Oracle-Target-Region,8,5.207609529986751
Ackley,5,42,Oracle-Target-Region,9,5.207609529986751
Ackley,5,42,Oracle-Target-Region,10,5.207609529986751
Ackley,5,42,Hard-Filter,0,6.2479727309226725
Ackley,5,42,Hard-Filter,1,6.2479727309226725
Ackley,5,42,Hard-Filter,2,6.2479727309226725
Ackley,5,42,Hard-Filter,3,6.2479727309226725
Ackley,5,42,Hard-Filter,4,6.2479727309226725
Ackley,5,42,Hard-Filter,5,6.2479727309226725
Ackley,5,42,Hard-Filter,6,6.2479727309226725
Ackley,5,42,Hard-Filter,7,6.2479727309226725
Ackley,5,42,Hard-Filter,8,6.2479727309226725
Ackley,5,42,Hard-Filter,9,6.2479727309226725
Ackley,5,42,Hard-Filter,10,5.802467830573907
Ackley,5,101,Target-Only,0,8.802745166919763
Ackley,5,101,Target-Only,1,8.802745166919763
Ackley,5,101,Target-Only,2,8.802745166919763
Ackley,5,101,Target-Only,3,8.802745166919763
Ackley,5,101,Target-Only,4,8.802745166919763
Ackley,5,101,Target-Only,5,8.802745166919763
Ackley,5,101,Target-Only,6,8.802745166919763
Ackley,5,101,Target-Only,7,8.802745166919763
Ackley,5,101,Target-Only,8,8.802745166919763
Ackley,5,101,Target-Only,9,8.802745166919763
Ackley,5,101,Target-Only,10,8.802745166919763
Ackley,5,101,Source-Region,0,8.802745166919763
Ackley,5,101,Source-Region,1,8.802745166919763
Ackley,5,101,Source-Region,2,8.802745166919763
Ackley,5,101,Source-Region,3,8.802745166919763
Ackley,5,101,Source-Region,4,8.802745166919763
Ackley,5,101,Source-Region,5,8.802745166919763
Ackley,5,101,Source-Region,6,8.802745166919763
Ackley,5,101,Source-Region,7,8.802745166919763
Ackley,5,101,Source-Region,8,8.541233048023848
Ackley,5,101,Source-Region,9,8.541233048023848
Ackley,5,101,Source-Region,10,7.534781385448548
Ackley,5,101,Random-Region,0,8.802745166919763
Ackley,5,101,Random-Region,1,8.802745166919763
Ackley,5,101,Random-Region,2,8.802745166919763
Ackley,5,101,Random-Region,3,8.802745166919763
Ackley,5,101,Random-Region,4,8.802745166919763
Ackley,5,101,Random-Region,5,8.802745166919763
Ackley,5,101,Random-Region,6,8.802745166919763
Ackley,5,101,Random-Region,7,8.802745166919763
Ackley,5,101,Random-Region,8,8.802745166919763
Ackley,5,101,Random-Region,9,8.802745166919763
Ackley,5,101,Random-Region,10,8.802745166919763
Ackley,5,101,Wrong-Source,0,8.802745166919763
Ackley,5,101,Wrong-Source,1,8.802745166919763
Ackley,5,101,Wrong-Source,2,8.802745166919763
Ackley,5,101,Wrong-Source,3,8.802745166919763
Ackley,5,101,Wrong-Source,4,8.802745166919763
Ackley,5,101,Wrong-Source,5,8.802745166919763
Ackley,5,101,Wrong-Source,6,8.802745166919763
Ackley,5,101,Wrong-Source,7,8.802745166919763
Ackley,5,101,Wrong-Source,8,8.802745166919763
Ackley,5,101,Wrong-Source,9,8.802745166919763
Ackley,5,101,Wrong-Source,10,8.802745166919763
Ackley,5,101,Oracle-Target-Region,0,8.802745166919763
Ackley,5,101,Oracle-Target-Region,1,7.653227658204303
Ackley,5,101,Oracle-Target-Region,2,6.471586196574098
Ackley,5,101,Oracle-Target-Region,3,6.3259058650657956
Ackley,5,101,Oracle-Target-Region,4,6.3259058650657956
Ackley,5,101,Oracle-Target-Region,5,5.704504801052391
Ackley,5,101,Oracle-Target-Region,6,5.704504801052391
Ackley,5,101,Oracle-Target-Region,7,5.704504801052391
Ackley,5,101,Oracle-Target-Region,8,5.67804306108367
Ackley,5,101,Oracle-Target-Region,9,5.67804306108367
Ackley,5,101,Oracle-Target-Region,10,5.67804306108367
Ackley,5,101,Hard-Filter,0,8.802745166919763
Ackley,5,101,Hard-Filter,1,8.802745166919763
Ackley,5,101,Hard-Filter,2,8.802745166919763
Ackley,5,101,Hard-Filter,3,8.802745166919763
Ackley,5,101,Hard-Filter,4,8.802745166919763
Ackley,5,101,Hard-Filter,5,8.802745166919763
Ackley,5,101,Hard-Filter,6,8.802745166919763
Ackley,5,101,Hard-Filter,7,7.8534560661219395
Ackley,5,101,Hard-Filter,8,7.8534560661219395
Ackley,5,101,Hard-Filter,9,7.8534560661219395
Ackley,5,101,Hard-Filter,10,7.8534560661219395
Ackley,5,2026,Target-Only,0,8.61275744396409
Ackley,5,2026,Target-Only,1,8.594488666624564
Ackley,5,2026,Target-Only,2,8.594488666624564
Ackley,5,2026,Target-Only,3,8.594488666624564
Ackley,5,2026,Target-Only,4,8.594488666624564
Ackley,5,2026,Target-Only,5,8.594488666624564
Ackley,5,2026,Target-Only,6,8.594488666624564
Ackley,5,2026,Target-Only,7,8.594488666624564
Ackley,5,2026,Target-Only,8,8.594488666624564
Ackley,5,2026,Target-Only,9,7.705795773156675
Ackley,5,2026,Target-Only,10,7.705795773156675
Ackley,5,2026,Source-Region,0,8.61275744396409
Ackley,5,2026,Source-Region,1,8.594488666624564
Ackley,5,2026,Source-Region,2,8.594488666624564
Ackley,5,2026,Source-Region,3,8.594488666624564
Ackley,5,2026,Source-Region,4,8.594488666624564
Ackley,5,2026,Source-Region,5,8.594488666624564
Ackley,5,2026,Source-Region,6,8.594488666624564
Ackley,5,2026,Source-Region,7,8.594488666624564
Ackley,5,2026,Source-Region,8,8.594488666624564
Ackley,5,2026,Source-Region,9,8.594488666624564
Ackley,5,2026,Source-Region,10,8.577617763165222
Ackley,5,2026,Random-Region,0,8.61275744396409
Ackley,5,2026,Random-Region,1,8.594488666624564
Ackley,5,2026,Random-Region,2,8.594488666624564
Ackley,5,2026,Random-Region,3,8.594488666624564
Ackley,5,2026,Random-Region,4,8.594488666624564
Ackley,5,2026,Random-Region,5,8.594488666624564
Ackley,5,2026,Random-Region,6,8.594488666624564
Ackley,5,2026,Random-Region,7,8.594488666624564
Ackley,5,2026,Random-Region,8,8.594488666624564
Ackley,5,2026,Random-Region,9,7.705795773156675
Ackley,5,2026,Random-Region,10,7.705795773156675
Ackley,5,2026,Wrong-Source,0,8.61275744396409
Ackley,5,2026,Wrong-Source,1,8.594488666624564
Ackley,5,2026,Wrong-Source,2,8.594488666624564
Ackley,5,2026,Wrong-Source,3,8.594488666624564
Ackley,5,2026,Wrong-Source,4,8.594488666624564
Ackley,5,2026,Wrong-Source,5,8.594488666624564
Ackley,5,2026,Wrong-Source,6,8.594488666624564
Ackley,5,2026,Wrong-Source,7,8.594488666624564
Ackley,5,2026,Wrong-Source,8,8.594488666624564
Ackley,5,2026,Wrong-Source,9,7.705795773156675
Ackley,5,2026,Wrong-Source,10,7.705795773156675
Ackley,5,2026,Oracle-Target-Region,0,8.61275744396409
Ackley,5,2026,Oracle-Target-Region,1,4.992623613238798
Ackley,5,2026,Oracle-Target-Region,2,4.992623613238798
Ackley,5,2026,Oracle-Target-Region,3,4.992623613238798
Ackley,5,2026,Oracle-Target-Region,4,4.5746456879453135
Ackley,5,2026,Oracle-Target-Region,5,4.5746456879453135
Ackley,5,2026,Oracle-Target-Region,6,4.5746456879453135
Ackley,5,2026,Oracle-Target-Region,7,4.5746456879453135
Ackley,5,2026,Oracle-Target-Region,8,3.515824422334259
Ackley,5,2026,Oracle-Target-Region,9,3.515824422334259
Ackley,5,2026,Oracle-Target-Region,10,3.515824422334259
Ackley,5,2026,Hard-Filter,0,8.61275744396409
Ackley,5,2026,Hard-Filter,1,8.594488666624564
Ackley,5,2026,Hard-Filter,2,8.594488666624564
Ackley,5,2026,Hard-Filter,3,8.594488666624564
Ackley,5,2026,Hard-Filter,4,8.594488666624564
Ackley,5,2026,Hard-Filter,5,8.594488666624564
Ackley,5,2026,Hard-Filter,6,8.594488666624564
Ackley,5,2026,Hard-Filter,7,8.594488666624564
Ackley,5,2026,Hard-Filter,8,8.594488666624564
Ackley,5,2026,Hard-Filter,9,8.594488666624564
Ackley,5,2026,Hard-Filter,10,8.577617763165222
