problem,dim,seed,scenario,policy,step,best_y,normalized_regret,mode,selected_target_rank,selected_region_index,excess_improvement_residual,global_compatibility_trust,trusted_regions,rejected_regions,uncertain_regions
GMM,2,42,matching,target_only,1,-0.12722582054929782,1.0,target,0,,-0.24471466935372932,0.3561224489795638,0,0,9
GMM,2,42,matching,target_only,2,-0.12722582054929782,1.0,target,0,,-0.09171230808990662,0.3722222222221955,0,0,9
GMM,2,42,matching,target_only,3,-0.12722582054929782,1.0,target,0,,-0.0768581933731168,0.40309523809521147,0,0,9
GMM,2,42,matching,target_only,4,-0.12722582054929782,1.0,target,0,,-0.08071413199050939,0.42790775401066883,0,0,9
GMM,2,42,matching,target_only,5,-0.2308536016566932,0.8812922146715984,target,0,,1.733509399917718,0.4317620650953735,0,0,9
GMM,2,42,matching,target_only,6,-0.2308536016566932,0.8812922146715984,target,0,,-0.05678084597376478,0.45313765182183774,0,0,9
GMM,2,42,matching,target_only,7,-0.2308536016566932,0.8812922146715984,target,0,,-0.0659379260927848,0.4691308691308451,0,0,9
GMM,2,42,matching,target_only,8,-0.28515723943548626,0.8190862646154488,target,0,,0.8469010626432607,0.4783390022675505,0,0,9
GMM,2,42,matching,fixed,1,-0.12722582054929782,1.0,fixed,2,7.0,-0.2433612427748649,0.3561224489795638,0,0,9
GMM,2,42,matching,fixed,2,-0.12722582054929782,1.0,fixed,1,3.0,-0.09086496218326263,0.3555555555555299,0,0,9
GMM,2,42,matching,fixed,3,-0.3123486327137982,0.7879379562991989,fixed,4,3.0,3.37321752761144,0.39119047619045033,0,0,9
GMM,2,42,matching,fixed,4,-0.7541882662548924,0.2818014376216534,fixed,5,7.0,8.065281221542653,0.16099598930480222,3,0,6
GMM,2,42,matching,fixed,5,-0.7541882662548924,0.2818014376216534,fixed,7,6.0,-0.18901045339035022,0.21777029554806032,3,0,6
GMM,2,42,matching,fixed,6,-0.7541882662548924,0.2818014376216534,fixed,3,0.0,-0.3967817247481757,0.28669028340079394,3,0,6
GMM,2,42,matching,fixed,7,-0.7541882662548924,0.2818014376216534,fixed,0,3.0,-0.2576100407521165,0.2887112887112737,1,0,8
GMM,2,42,matching,fixed,8,-0.7541882662548924,0.2818014376216534,fixed,1,4.0,-0.2911972439178179,0.3196797052154038,2,0,7
GMM,2,42,matching,global_adaptive,1,-0.12722582054929782,1.0,global,2,7.0,-0.2433612427748649,0.3561224489795638,0,0,9
GMM,2,42,matching,global_adaptive,2,-0.12722582054929782,1.0,global,0,3.0,-0.0922013866078015,0.3555555555555299,0,0,9
GMM,2,42,matching,global_adaptive,3,-0.18000641878067927,0.9395387235218113,global,0,2.0,0.7801109291493193,0.39119047619045033,0,0,9
GMM,2,42,matching,global_adaptive,4,-0.6436679259402962,0.4084047933269189,global,0,7.0,8.933273434440745,0.37606951871655425,3,0,6
GMM,2,42,matching,global_adaptive,5,-0.6982337490730806,0.34589850447758796,global,0,3.0,0.5144132322650352,0.3922665811554473,2,0,7
GMM,2,42,matching,global_adaptive,6,-0.6982337490730806,0.34589850447758796,global,0,0.0,-0.21644318158907525,0.4198669751301103,2,0,7
GMM,2,42,matching,global_adaptive,7,-0.7859877680062635,0.24537444490683502,global,0,7.0,0.8291685798694205,0.4193056943056728,2,0,7
GMM,2,42,matching,global_adaptive,8,-0.7859877680062635,0.24537444490683502,global,0,7.0,-0.2801061909634163,0.43338907785334246,3,0,6
GMM,2,42,matching,posterior,1,-0.12722582054929782,1.0,target,0,,-0.24471466935372932,0.3561224489795638,0,0,9
GMM,2,42,matching,posterior,2,-0.12722582054929782,1.0,target,0,,-0.09171230808990662,0.3722222222221955,0,0,9
GMM,2,42,matching,posterior,3,-0.12722582054929782,1.0,target,0,,-0.0768581933731168,0.40309523809521147,0,0,9
GMM,2,42,matching,posterior,4,-0.12722582054929782,1.0,target,0,,-0.08071413199050939,0.42790775401066883,0,0,9
GMM,2,42,matching,posterior,5,-0.2308536016566932,0.8812922146715984,target,0,,1.733509399917718,0.4317620650953735,0,0,9
GMM,2,42,matching,posterior,6,-0.2308536016566932,0.8812922146715984,target,0,,-0.05678084597376478,0.45313765182183774,0,0,9
GMM,2,42,matching,posterior,7,-0.2308536016566932,0.8812922146715984,target,0,,-0.0659379260927848,0.4691308691308451,0,0,9
GMM,2,42,matching,posterior,8,-0.28515723943548626,0.8190862646154488,target,0,,0.8469010626432607,0.4783390022675505,0,0,9
GMM,2,42,matching,arise,1,-0.12722582054929782,1.0,probe,2,7.0,-0.2433612427748649,0.3561224489795638,0,0,9
GMM,2,42,matching,arise,2,-0.12722582054929782,1.0,target,0,,-0.0922013866078015,0.3555555555555299,0,0,9
GMM,2,42,matching,arise,3,-0.18000641878067927,0.9395387235218113,target,0,,0.7801109291493193,0.39119047619045033,0,0,9
GMM,2,42,matching,arise,4,-0.27333163645230685,0.8326327395597626,probe,1,2.0,1.598084460990984,0.37606951871655425,0,0,9
GMM,2,42,matching,arise,5,-0.27333163645230685,0.8326327395597626,target,0,,-0.08233057257178089,0.3922665811554473,0,0,9
GMM,2,42,matching,arise,6,-0.27333163645230685,0.8326327395597626,target,0,,-0.00841087852851738,0.42249855407747855,0,0,9
GMM,2,42,matching,arise,7,-0.35325922967985324,0.7410740139238406,probe,0,0.0,1.2158051769051423,0.42586163836161656,0,0,9
GMM,2,42,matching,arise,8,-0.394738099137955,0.6935591035525162,target,0,,0.4825469576904857,0.43768014613250583,0,0,9
GMM,2,42,mixed,target_only,1,-0.12722582054929782,1.0,target,0,,-0.24471466935372932,0.21836734693875726,0,0,26
GMM,2,42,mixed,target_only,2,-0.12722582054929782,1.0,target,0,,-0.09171230808990662,0.28287037037034957,0,0,26
GMM,2,42,mixed,target_only,3,-0.12722582054929782,1.0,target,0,,-0.0768581933731168,0.2745238095237909,0,0,26
GMM,2,42,mixed,target_only,4,-0.12722582054929782,1.0,target,0,,-0.08071413199050939,0.24592245989303252,0,0,26
GMM,2,42,mixed,target_only,5,-0.2308536016566932,0.8812922146715984,target,0,,1.733509399917718,0.2765592432258936,0,0,26
GMM,2,42,mixed,target_only,6,-0.2308536016566932,0.8812922146715984,target,0,,-0.05678084597376478,0.30501735106996586,0,0,26
GMM,2,42,mixed,target_only,7,-0.2308536016566932,0.8812922146715984,target,0,,-0.0659379260927848,0.3401098901098725,0,0,26
GMM,2,42,mixed,target_only,8,-0.28515723943548626,0.8190862646154488,target,0,,0.8469010626432607,0.35264613252706767,0,0,26
GMM,2,42,mixed,fixed,1,-0.12722582054929782,1.0,fixed,0,13.0,-0.24471466935372932,0.21836734693875726,0,0,26
GMM,2,42,mixed,fixed,2,-0.12722582054929782,1.0,fixed,0,13.0,-0.09171230808990662,0.28287037037034957,0,0,26
GMM,2,42,mixed,fixed,3,-0.12722582054929782,1.0,fixed,0,11.0,-0.0768581933731168,0.2745238095237909,0,0,26
GMM,2,42,mixed,fixed,4,-0.12722582054929782,1.0,fixed,1,15.0,-0.08069432070652384,0.24592245989303252,0,0,26
GMM,2,42,mixed,fixed,5,-0.2271860463067127,0.8854934758441629,fixed,1,4.0,1.6680627042296765,0.26309122975788085,0,0,26
GMM,2,42,mixed,fixed,6,-0.2271860463067127,0.8854934758441629,fixed,0,4.0,-0.06237956639535511,0.32165268941582964,0,0,26
GMM,2,42,mixed,fixed,7,-0.5789389838082307,0.4825531470312655,fixed,0,24.0,6.577807395816965,0.36082667332665475,2,0,24
GMM,2,42,mixed,fixed,8,-0.5965292468513038,0.4624031337155966,fixed,0,2.0,0.05088389672080286,0.42221655328796126,0,1,25
GMM,2,42,mixed,global_adaptive,1,-0.12722582054929782,1.0,global,0,13.0,-0.24471466935372932,0.21836734693875726,0,0,26
GMM,2,42,mixed,global_adaptive,2,-0.12722582054929782,1.0,global,0,13.0,-0.09171230808990662,0.28287037037034957,0,0,26
GMM,2,42,mixed,global_adaptive,3,-0.12722582054929782,1.0,global,0,11.0,-0.0768581933731168,0.2745238095237909,0,0,26
GMM,2,42,mixed,global_adaptive,4,-0.12722582054929782,1.0,global,0,15.0,-0.08071413199050939,0.24592245989303252,0,0,26
GMM,2,42,mixed,global_adaptive,5,-0.2308536016566932,0.8812922146715984,global,0,4.0,1.733509399917718,0.2765592432258936,0,0,26
GMM,2,42,mixed,global_adaptive,6,-0.2308536016566932,0.8812922146715984,global,0,25.0,-0.05678084597376478,0.30501735106996586,0,0,26
GMM,2,42,mixed,global_adaptive,7,-0.2308536016566932,0.8812922146715984,global,0,10.0,-0.0659379260927848,0.3401098901098725,0,0,26
GMM,2,42,mixed,global_adaptive,8,-0.28515723943548626,0.8190862646154488,global,0,4.0,0.8469010626432607,0.35264613252706767,0,0,26
GMM,2,42,mixed,posterior,1,-0.12722582054929782,1.0,target,0,,-0.24471466935372932,0.21836734693875726,0,0,26
GMM,2,42,mixed,posterior,2,-0.12722582054929782,1.0,target,0,,-0.09171230808990662,0.28287037037034957,0,0,26
GMM,2,42,mixed,posterior,3,-0.12722582054929782,1.0,target,0,,-0.0768581933731168,0.2745238095237909,0,0,26
GMM,2,42,mixed,posterior,4,-0.12722582054929782,1.0,target,0,,-0.08071413199050939,0.24592245989303252,0,0,26
GMM,2,42,mixed,posterior,5,-0.2308536016566932,0.8812922146715984,target,0,,1.733509399917718,0.2765592432258936,0,0,26
GMM,2,42,mixed,posterior,6,-0.2308536016566932,0.8812922146715984,target,0,,-0.05678084597376478,0.30501735106996586,0,0,26
GMM,2,42,mixed,posterior,7,-0.2308536016566932,0.8812922146715984,target,0,,-0.0659379260927848,0.3401098901098725,0,0,26
GMM,2,42,mixed,posterior,8,-0.28515723943548626,0.8190862646154488,target,0,,0.8469010626432607,0.35264613252706767,0,0,26
GMM,2,42,mixed,arise,1,-0.12722582054929782,1.0,probe,2,7.0,-0.2433612427748649,0.21836734693875726,0,0,26
GMM,2,42,mixed,arise,2,-0.12722582054929782,1.0,target,0,,-0.0922013866078015,0.28287037037034957,0,0,26
GMM,2,42,mixed,arise,3,-0.18000641878067927,0.9395387235218113,target,0,,0.7801109291493193,0.2745238095237909,0,0,26
GMM,2,42,mixed,arise,4,-0.6436679259402962,0.4084047933269189,probe,0,2.0,8.933273434440745,0.3253342245989102,2,0,24
GMM,2,42,mixed,arise,5,-0.6825066447800668,0.3639142305724819,exploit,3,7.0,0.2534261276991367,0.3665597776708675,3,0,23
GMM,2,42,mixed,arise,6,-0.7984175615451236,0.2311358570752747,exploit,1,5.0,1.4837281687550712,0.2427993059571872,3,0,23
GMM,2,42,mixed,arise,7,-0.7984175615451236,0.2311358570752747,probe,1,14.0,-0.14335108355810952,0.11615884115883474,3,0,23
GMM,2,42,mixed,arise,8,-0.7984175615451236,0.2311358570752747,exploit,11,7.0,-0.2832162043441014,0.10659863945577673,3,0,23
GMM,2,42,wrong,target_only,1,-0.12722582054929782,1.0,target,0,,-0.24471466935372932,0.3484693877550745,0,0,8
GMM,2,42,wrong,target_only,2,-0.12722582054929782,1.0,target,0,,-0.09171230808990662,0.39722222222219383,0,0,8
GMM,2,42,wrong,target_only,3,-0.12722582054929782,1.0,target,0,,-0.0768581933731168,0.4149999999999726,0,0,8
GMM,2,42,wrong,target_only,4,-0.12722582054929782,1.0,target,0,,-0.08071413199050939,0.42790775401066883,0,0,8
GMM,2,42,wrong,target_only,5,-0.2308536016566932,0.8812922146715984,target,0,,1.733509399917718,0.43849607182937983,0,0,8
GMM,2,42,wrong,target_only,6,-0.2308536016566932,0.8812922146715984,target,0,,-0.05678084597376478,0.44787449392710127,0,0,8
GMM,2,42,wrong,target_only,7,-0.2308536016566932,0.8812922146715984,target,0,,-0.0659379260927848,0.4195679320679105,0,0,8
GMM,2,42,wrong,target_only,8,-0.28515723943548626,0.8190862646154488,target,0,,0.8469010626432607,0.4384911186696687,0,0,8
GMM,2,42,wrong,fixed,1,-0.1402084769336824,0.9851280962440684,fixed,16,0.0,-0.18110988832826105,0.3484693877550745,0,0,8
GMM,2,42,wrong,fixed,2,-0.1402084769336824,0.9851280962440684,fixed,6,0.0,-0.0036651336084333997,0.2541666666666478,0,0,8
GMM,2,42,wrong,fixed,3,-0.1402084769336824,0.9851280962440684,fixed,0,0.0,-0.09050933516353205,0.30428571428569384,0,0,8
GMM,2,42,wrong,fixed,4,-0.1402084769336824,0.9851280962440684,fixed,3,2.0,-0.08327288319166459,0.27901069518714827,0,0,8
GMM,2,42,wrong,fixed,5,-0.2613227741998206,0.8463891418205531,fixed,5,5.0,2.071150063321908,0.3111378333600374,1,0,7
GMM,2,42,wrong,fixed,6,-0.34123330099408955,0.7548499661400213,fixed,0,5.0,1.2816998012585639,0.29984817813763537,1,0,7
GMM,2,42,wrong,fixed,7,-0.5309394861484951,0.5375375730526809,fixed,5,5.0,3.4395352029669186,0.2724525474525333,1,0,7
GMM,2,42,wrong,fixed,8,-0.6342890034736839,0.41914854469243845,fixed,0,5.0,1.51856008238847,0.212851788863683,1,0,7
GMM,2,42,wrong,global_adaptive,1,-0.12722582054929782,1.0,global,0,7.0,-0.24471466935372932,0.3484693877550745,0,0,8
GMM,2,42,wrong,global_adaptive,2,-0.12722582054929782,1.0,global,4,0.0,-0.08993594953474503,0.39722222222219383,0,0,8
GMM,2,42,wrong,global_adaptive,3,-0.12722582054929782,1.0,global,3,6.0,-0.09661948116691606,0.36499999999997573,0,0,8
GMM,2,42,wrong,global_adaptive,4,-0.12722582054929782,1.0,global,0,5.0,-0.17082752225738856,0.39481951871655313,0,0,8
GMM,2,42,wrong,global_adaptive,5,-0.12722582054929782,1.0,global,0,6.0,-0.13376431061798458,0.41246860135746644,0,0,8
GMM,2,42,wrong,global_adaptive,6,-0.5222539870897933,0.5474869934369877,global,1,0.0,7.320311751008775,0.42513013302484687,1,0,7
GMM,2,42,wrong,global_adaptive,7,-0.5222539870897933,0.5474869934369877,global,0,6.0,-0.16382402798752874,0.4465784215783987,1,0,7
GMM,2,42,wrong,global_adaptive,8,-0.580075168263099,0.48125162403308225,global,4,0.0,0.7879172724047411,0.4834410430838768,1,0,7
GMM,2,42,wrong,posterior,1,-0.12722582054929782,1.0,target,0,,-0.24471466935372932,0.3484693877550745,0,0,8
GMM,2,42,wrong,posterior,2,-0.12722582054929782,1.0,target,0,,-0.09171230808990662,0.39722222222219383,0,0,8
GMM,2,42,wrong,posterior,3,-0.12722582054929782,1.0,target,0,,-0.0768581933731168,0.4149999999999726,0,0,8
GMM,2,42,wrong,posterior,4,-0.12722582054929782,1.0,target,0,,-0.08071413199050939,0.42790775401066883,0,0,8
GMM,2,42,wrong,posterior,5,-0.2308536016566932,0.8812922146715984,target,0,,1.733509399917718,0.43849607182937983,0,0,8
GMM,2,42,wrong,posterior,6,-0.2308536016566932,0.8812922146715984,target,0,,-0.05678084597376478,0.44787449392710127,0,0,8
GMM,2,42,wrong,posterior,7,-0.2308536016566932,0.8812922146715984,target,0,,-0.0659379260927848,0.4195679320679105,0,0,8
GMM,2,42,wrong,posterior,8,-0.28515723943548626,0.8190862646154488,target,0,,0.8469010626432607,0.4384911186696687,0,0,8
GMM,2,42,wrong,arise,1,-0.12722582054929782,1.0,probe,0,7.0,-0.24471466935372932,0.3484693877550745,0,0,8
GMM,2,42,wrong,arise,2,-0.12722582054929782,1.0,target,0,,-0.09171230808990662,0.39722222222219383,0,0,8
GMM,2,42,wrong,arise,3,-0.12722582054929782,1.0,target,0,,-0.0768581933731168,0.4149999999999726,0,0,8
GMM,2,42,wrong,arise,4,-0.27061928622660614,0.8357397933332505,probe,8,6.0,2.5383877417245646,0.42790775401066883,0,0,8
GMM,2,42,wrong,arise,5,-0.27061928622660614,0.8357397933332505,target,0,,-0.06209759738992293,0.4305328416439279,0,0,8
GMM,2,42,wrong,arise,6,-0.45833765715881275,0.6207044829108086,target,0,,3.3954619205479264,0.4584008097165744,1,0,7
GMM,2,42,wrong,arise,7,-0.4628707210362895,0.6155117636621954,probe,3,0.0,-0.106125760094447,0.4651973026972789,1,0,7
GMM,2,42,wrong,arise,8,-0.4628707210362895,0.6155117636621954,exploit,3,6.0,-0.035684489222603866,0.4902437641723118,1,0,7
GMM,2,101,matching,target_only,1,-0.31590510428679913,1.0,target,0,,-0.21949109304826808,0.3362244897958917,0,0,8
GMM,2,101,matching,target_only,2,-0.4994685474438071,0.7317445768467744,target,0,,2.7608334215106507,0.39722222222219383,0,0,8
GMM,2,101,matching,target_only,3,-0.4994685474438071,0.7317445768467744,target,0,,-0.3029448411947863,0.3590476190475951,0,0,8
GMM,2,101,matching,target_only,4,-0.527977365195921,0.690082441738804,target,0,,0.12457275403201284,0.3639371657753785,1,0,7
GMM,2,101,matching,target_only,5,-0.5986247758126262,0.5868399294840407,target,0,,0.7245002809349124,0.3754315643204314,0,0,8
GMM,2,101,matching,target_only,6,-0.5986247758126262,0.5868399294840407,target,0,,-0.21710122782183458,0.4093406593406371,0,0,8
GMM,2,101,matching,target_only,7,-0.5986247758126262,0.5868399294840407,target,0,,-0.07939671814997416,0.3162462537462374,0,0,8
GMM,2,101,matching,target_only,8,-0.5986247758126262,0.5868399294840407,target,0,,-0.07487904731178265,0.39006109851346044,0,0,8
GMM,2,101,matching,fixed,1,-0.31590510428679913,1.0,fixed,2,7.0,-0.21951785673851856,0.3362244897958917,0,0,8
GMM,2,101,matching,fixed,2,-0.791640194543515,0.30477160511476736,fixed,1,2.0,8.122786728360497,0.34120370370367903,2,1,5
GMM,2,101,matching,fixed,3,-0.791640194543515,0.30477160511476736,fixed,0,2.0,-0.2665078484497729,0.30309523809521766,2,0,6
GMM,2,101,matching,fixed,4,-0.791640194543515,0.30477160511476736,fixed,10,6.0,-0.30466356301723324,0.3683489304812606,2,0,6
GMM,2,101,matching,fixed,5,-0.791640194543515,0.30477160511476736,fixed,11,6.0,-0.24678289021964486,0.40022981134089924,0,0,8
GMM,2,101,matching,fixed,6,-0.791640194543515,0.30477160511476736,fixed,0,2.0,-0.2819686426537559,0.370806824754173,0,0,8
GMM,2,101,matching,fixed,7,-0.791640194543515,0.30477160511476736,fixed,2,7.0,-0.10990907990849762,0.416945554445533,0,0,8
GMM,2,101,matching,fixed,8,-0.791640194543515,0.30477160511476736,fixed,8,2.0,-0.07371939930992093,0.4367117031997771,0,0,8
GMM,2,101,matching,global_adaptive,1,-0.31590510428679913,1.0,global,2,7.0,-0.21951785673851856,0.3362244897958917,0,0,8
GMM,2,101,matching,global_adaptive,2,-0.791640194543515,0.30477160511476736,global,1,2.0,8.122786728360497,0.34120370370367903,2,1,5
GMM,2,101,matching,global_adaptive,3,-0.791640194543515,0.30477160511476736,global,0,2.0,-0.2665078484497729,0.30309523809521766,2,0,6
GMM,2,101,matching,global_adaptive,4,-0.791640194543515,0.30477160511476736,global,1,6.0,-0.37328519317533443,0.3683489304812606,2,0,6
GMM,2,101,matching,global_adaptive,5,-0.791640194543515,0.30477160511476736,global,2,2.0,-0.22153138804530892,0.35186254075140916,2,0,6
GMM,2,101,matching,global_adaptive,6,-0.791640194543515,0.30477160511476736,global,0,6.0,-0.1971605209869756,0.38302486986695433,1,0,7
GMM,2,101,matching,global_adaptive,7,-0.791640194543515,0.30477160511476736,global,2,7.0,-0.08992083855325655,0.40855394605392503,1,0,7
GMM,2,101,matching,global_adaptive,8,-0.791640194543515,0.30477160511476736,global,1,2.0,-0.07300723404496502,0.42140558075079826,1,0,7
GMM,2,101,matching,posterior,1,-0.31590510428679913,1.0,target,0,,-0.21949109304826808,0.3362244897958917,0,0,8
GMM,2,101,matching,posterior,2,-0.4994685474438071,0.7317445768467744,target,0,,2.7608334215106507,0.39722222222219383,0,0,8
GMM,2,101,matching,posterior,3,-0.4994685474438071,0.7317445768467744,target,0,,-0.3029448411947863,0.3590476190475951,0,0,8
GMM,2,101,matching,posterior,4,-0.527977365195921,0.690082441738804,target,0,,0.12457275403201284,0.3639371657753785,1,0,7
GMM,2,101,matching,posterior,5,-0.5986247758126262,0.5868399294840407,target,0,,0.7245002809349124,0.3754315643204314,0,0,8
GMM,2,101,matching,posterior,6,-0.5986247758126262,0.5868399294840407,target,0,,-0.21710122782183458,0.4093406593406371,0,0,8
GMM,2,101,matching,posterior,7,-0.5986247758126262,0.5868399294840407,target,0,,-0.07939671814997416,0.3162462537462374,0,0,8
GMM,2,101,matching,posterior,8,-0.5986247758126262,0.5868399294840407,target,0,,-0.07487904731178265,0.39006109851346044,0,0,8
GMM,2,101,matching,arise,1,-0.31590510428679913,1.0,probe,2,7.0,-0.21951785673851856,0.3362244897958917,0,0,8
GMM,2,101,matching,arise,2,-0.31590510428679913,1.0,target,0,,-0.213539555211447,0.34120370370367903,0,0,8
GMM,2,101,matching,arise,3,-0.31590510428679913,1.0,target,0,,-0.17090939268076805,0.36023809523807127,0,0,8
GMM,2,101,matching,arise,4,-0.3608003961172864,0.9343910459487633,probe,3,0.0,0.4476595720137003,0.3716577540106722,0,0,8
GMM,2,101,matching,arise,5,-0.3608003961172864,0.9343910459487633,target,0,,-0.19396901805414116,0.3178718400940437,0,0,8
GMM,2,101,matching,arise,6,-0.3608003961172864,0.9343910459487633,target,0,,-0.2573359977820003,0.380393290919586,0,0,8
GMM,2,101,matching,arise,7,-0.4956419242658162,0.7373367165571952,probe,1,0.0,1.890688984277733,0.33460289710287977,0,0,8
GMM,2,101,matching,arise,8,-0.5696649798411457,0.6291611138612362,target,0,,0.8983434043983851,0.369731670445938,0,0,8
GMM,2,101,mixed,target_only,1,-0.31590510428679913,1.0,target,0,,-0.21949109304826808,0.24285714285712282,0,0,24
GMM,2,101,mixed,target_only,2,-0.4994685474438071,0.7317445768467744,target,0,,2.7608334215106507,0.33055555555553157,0,0,24
GMM,2,101,mixed,target_only,3,-0.4994685474438071,0.7317445768467744,target,0,,-0.3029448411947863,0.29833333333331324,0,0,24
GMM,2,101,mixed,target_only,4,-0.527977365195921,0.690082441738804,target,0,,0.12457275403201284,0.31761363636361656,0,0,24
GMM,2,101,mixed,target_only,5,-0.5986247758126262,0.5868399294840407,target,0,,0.7245002809349124,0.3540003206669667,0,0,24
GMM,2,101,mixed,target_only,6,-0.5986247758126262,0.5868399294840407,target,0,,-0.21710122782183458,0.3602805089646998,0,0,24
GMM,2,101,mixed,target_only,7,-0.5986247758126262,0.5868399294840407,target,0,,-0.07939671814997416,0.3799700299700104,0,0,24
GMM,2,101,mixed,target_only,8,-0.5986247758126262,0.5868399294840407,target,0,,-0.07487904731178265,0.3451111740992524,0,0,24
GMM,2,101,mixed,fixed,1,-0.31590510428679913,1.0,fixed,0,14.0,-0.21949109304826808,0.24285714285712282,0,0,24
GMM,2,101,mixed,fixed,2,-0.4994685474438071,0.7317445768467744,fixed,0,22.0,2.7608334215106507,0.33055555555553157,0,0,24
GMM,2,101,mixed,fixed,3,-0.4994685474438071,0.7317445768467744,fixed,1,22.0,-0.3035002901956265,0.29833333333331324,0,0,24
GMM,2,101,mixed,fixed,4,-0.4994685474438071,0.7317445768467744,fixed,1,15.0,-0.033332172641433164,0.3253342245989102,0,0,24
GMM,2,101,mixed,fixed,5,-0.4994685474438071,0.7317445768467744,fixed,1,18.0,-0.28976676063410867,0.3224680669124925,0,0,24
GMM,2,101,mixed,fixed,6,-0.4994685474438071,0.7317445768467744,fixed,0,5.0,-0.3616672107680949,0.32437825332560394,0,0,24
GMM,2,101,mixed,fixed,7,-0.5957197511268234,0.5910852662077262,fixed,1,0.0,0.968605876452506,0.33224275724274005,0,0,24
GMM,2,101,mixed,fixed,8,-0.5957197511268234,0.5910852662077262,fixed,0,16.0,-0.3005221395089403,0.356937200806231,0,0,24
GMM,2,101,mixed,global_adaptive,1,-0.31590510428679913,1.0,global,0,14.0,-0.21949109304826808,0.24285714285712282,0,0,24
GMM,2,101,mixed,global_adaptive,2,-0.4994685474438071,0.7317445768467744,global,0,22.0,2.7608334215106507,0.33055555555553157,0,0,24
GMM,2,101,mixed,global_adaptive,3,-0.4994685474438071,0.7317445768467744,global,1,22.0,-0.3035002901956265,0.29833333333331324,0,0,24
GMM,2,101,mixed,global_adaptive,4,-0.4994685474438071,0.7317445768467744,global,1,15.0,-0.033332172641433164,0.3253342245989102,0,0,24
GMM,2,101,mixed,global_adaptive,5,-0.4994685474438071,0.7317445768467744,global,1,18.0,-0.28976676063410867,0.3224680669124925,0,0,24
GMM,2,101,mixed,global_adaptive,6,-0.4994685474438071,0.7317445768467744,global,0,5.0,-0.3616672107680949,0.32437825332560394,0,0,24
GMM,2,101,mixed,global_adaptive,7,-0.5979855647474199,0.5877740579348482,global,0,0.0,1.0063419263014244,0.33224275724274005,0,0,24
GMM,2,101,mixed,global_adaptive,8,-0.5979855647474199,0.5877740579348482,global,0,16.0,-0.3092412011103435,0.356937200806231,0,0,24
GMM,2,101,mixed,posterior,1,-0.31590510428679913,1.0,target,0,,-0.21949109304826808,0.24285714285712282,0,0,24
GMM,2,101,mixed,posterior,2,-0.4994685474438071,0.7317445768467744,target,0,,2.7608334215106507,0.33055555555553157,0,0,24
GMM,2,101,mixed,posterior,3,-0.4994685474438071,0.7317445768467744,target,0,,-0.3029448411947863,0.29833333333331324,0,0,24
GMM,2,101,mixed,posterior,4,-0.527977365195921,0.690082441738804,target,0,,0.12457275403201284,0.31761363636361656,0,0,24
GMM,2,101,mixed,posterior,5,-0.5986247758126262,0.5868399294840407,target,0,,0.7245002809349124,0.3540003206669667,0,0,24
GMM,2,101,mixed,posterior,6,-0.5986247758126262,0.5868399294840407,target,0,,-0.21710122782183458,0.3602805089646998,0,0,24
GMM,2,101,mixed,posterior,7,-0.5986247758126262,0.5868399294840407,target,0,,-0.07939671814997416,0.3799700299700104,0,0,24
GMM,2,101,mixed,posterior,8,-0.5986247758126262,0.5868399294840407,target,0,,-0.07487904731178265,0.3451111740992524,0,0,24
GMM,2,101,mixed,arise,1,-0.31590510428679913,1.0,probe,2,7.0,-0.21951785673851856,0.24285714285712282,0,0,24
GMM,2,101,mixed,arise,2,-0.31590510428679913,1.0,target,0,,-0.213539555211447,0.2541666666666478,0,0,24
GMM,2,101,mixed,arise,3,-0.31590510428679913,1.0,target,0,,-0.17090939268076805,0.2745238095237909,0,0,24
GMM,2,101,mixed,arise,4,-0.3608003961172864,0.9343910459487633,probe,3,14.0,0.4476595720137003,0.2856283422459714,0,0,24
GMM,2,101,mixed,arise,5,-0.3608003961172864,0.9343910459487633,target,0,,-0.19396901805414116,0.27073379295599925,0,0,24
GMM,2,101,mixed,arise,6,-0.3608003961172864,0.9343910459487633,target,0,,-0.2573359977820003,0.3102805089647025,0,0,24
GMM,2,101,mixed,arise,7,-0.4956419242658162,0.7373367165571952,probe,1,14.0,1.890688984277733,0.3133616383616221,0,0,24
GMM,2,101,mixed,arise,8,-0.5696649798411457,0.6291611138612362,target,0,,0.8983434043983851,0.33401738473165404,0,0,24
GMM,2,101,wrong,target_only,1,-0.31590510428679913,1.0,target,0,,-0.21949109304826808,0.3561224489795638,0,0,8
GMM,2,101,wrong,target_only,2,-0.4994685474438071,0.7317445768467744,target,0,,2.7608334215106507,0.2874999999999789,0,0,8
GMM,2,101,wrong,target_only,3,-0.4994685474438071,0.7317445768467744,target,0,,-0.3029448411947863,0.3721428571428325,0,0,8
GMM,2,101,wrong,target_only,4,-0.527977365195921,0.690082441738804,target,0,,0.12457275403201284,0.3595254010694964,0,0,8
GMM,2,101,wrong,target_only,5,-0.5986247758126262,0.5868399294840407,target,0,,0.7245002809349124,0.4182940516273608,0,0,8
GMM,2,101,wrong,target_only,6,-0.5986247758126262,0.5868399294840407,target,0,,-0.21710122782183458,0.43471659919025984,0,0,8
GMM,2,101,wrong,target_only,7,-0.5986247758126262,0.5868399294840407,target,0,,-0.07939671814997416,0.4565434565434332,0,0,8
GMM,2,101,wrong,target_only,8,-0.5986247758126262,0.5868399294840407,target,0,,-0.07487904731178265,0.42318499622068995,0,0,8
GMM,2,101,wrong,fixed,1,-0.31590510428679913,1.0,fixed,2,0.0,-0.21951785673851856,0.3561224489795638,0,0,8
GMM,2,101,wrong,fixed,2,-0.547959911850108,0.6608804044692533,fixed,3,6.0,3.7626393979629094,0.3805555555555282,0,0,8
GMM,2,101,wrong,fixed,3,-0.547959911850108,0.6608804044692533,fixed,5,2.0,-0.30479894689517073,0.3899999999999742,0,0,8
GMM,2,101,wrong,fixed,4,-0.7760118256631053,0.327610546437213,fixed,3,2.0,4.29161766007928,0.3981283422459648,2,0,6
GMM,2,101,wrong,fixed,5,-0.7804436353799659,0.3211340009416367,fixed,0,3.0,-0.3245424859223138,0.34940409384851795,0,0,8
GMM,2,101,wrong,fixed,6,-0.7804436353799659,0.3211340009416367,fixed,4,2.0,-0.4698837686679231,0.33490456911507704,1,0,7
GMM,2,101,wrong,fixed,7,-0.7804436353799659,0.3211340009416367,fixed,2,3.0,-0.34726176512762363,0.34902597402595603,1,0,7
GMM,2,101,wrong,fixed,8,-0.7804436353799659,0.3211340009416367,fixed,4,0.0,-0.21013139742945844,0.3510241874527417,1,0,7
GMM,2,101,wrong,global_adaptive,1,-0.31590510428679913,1.0,global,2,0.0,-0.21951785673851856,0.3561224489795638,0,0,8
GMM,2,101,wrong,global_adaptive,2,-0.791640194543515,0.30477160511476736,global,1,2.0,8.122786728360497,0.3805555555555282,1,2,5
GMM,2,101,wrong,global_adaptive,3,-0.791640194543515,0.30477160511476736,global,0,6.0,-0.2665078484497729,0.347142857142834,1,1,6
GMM,2,101,wrong,global_adaptive,4,-0.791640194543515,0.30477160511476736,global,1,2.0,-0.37328519317533443,0.35070187165773226,1,0,7
GMM,2,101,wrong,global_adaptive,5,-0.791640194543515,0.30477160511476736,global,2,3.0,-0.22153138804530892,0.3686975575864251,1,1,6
GMM,2,101,wrong,global_adaptive,6,-0.791640194543515,0.30477160511476736,global,1,2.0,-0.16751612929851703,0.3637579525737221,1,1,6
GMM,2,101,wrong,global_adaptive,7,-0.791640194543515,0.30477160511476736,global,4,3.0,-0.088708702923931,0.3159840159839996,1,1,6
GMM,2,101,wrong,global_adaptive,8,-0.791640194543515,0.30477160511476736,global,0,3.0,-0.0717698916635994,0.3289940791131106,1,0,7
GMM,2,101,wrong,posterior,1,-0.31590510428679913,1.0,target,0,,-0.21949109304826808,0.3561224489795638,0,0,8
GMM,2,101,wrong,posterior,2,-0.4994685474438071,0.7317445768467744,target,0,,2.7608334215106507,0.2874999999999789,0,0,8
GMM,2,101,wrong,posterior,3,-0.4994685474438071,0.7317445768467744,target,0,,-0.3029448411947863,0.3721428571428325,0,0,8
GMM,2,101,wrong,posterior,4,-0.527977365195921,0.690082441738804,target,0,,0.12457275403201284,0.3595254010694964,0,0,8
GMM,2,101,wrong,posterior,5,-0.5986247758126262,0.5868399294840407,target,0,,0.7245002809349124,0.4182940516273608,0,0,8
GMM,2,101,wrong,posterior,6,-0.5986247758126262,0.5868399294840407,target,0,,-0.21710122782183458,0.43471659919025984,0,0,8
GMM,2,101,wrong,posterior,7,-0.5986247758126262,0.5868399294840407,target,0,,-0.07939671814997416,0.4565434565434332,0,0,8
GMM,2,101,wrong,posterior,8,-0.5986247758126262,0.5868399294840407,target,0,,-0.07487904731178265,0.42318499622068995,0,0,8
GMM,2,101,wrong,arise,1,-0.31590510428679913,1.0,probe,2,0.0,-0.21951785673851856,0.3561224489795638,0,0,8
GMM,2,101,wrong,arise,2,-0.31590510428679913,1.0,target,0,,-0.213539555211447,0.3805555555555282,0,0,8
GMM,2,101,wrong,arise,3,-0.31590510428679913,1.0,target,0,,-0.17090939268076805,0.36023809523807127,0,0,8
GMM,2,101,wrong,arise,4,-0.31590510428679913,1.0,probe,2,3.0,-0.17627944238356344,0.31981951871655756,0,0,8
GMM,2,101,wrong,arise,5,-0.32057427090111856,0.9931765865558217,target,0,,-0.16887981780255143,0.33379830046494763,0,0,8
GMM,2,101,wrong,arise,6,-0.32057427090111856,0.9931765865558217,target,0,,-0.17092210412440922,0.31206622325041666,0,0,8
GMM,2,101,wrong,arise,7,-0.32057427090111856,0.9931765865558217,probe,3,1.0,-0.25459764422469555,0.3277847152846983,0,0,8
GMM,2,101,wrong,arise,8,-0.32057427090111856,0.9931765865558217,target,0,,-0.18250886932690832,0.3374187452758716,0,0,8
Rastrigin,2,42,matching,target_only,1,29.314341565150336,1.0,target,0,,-0.6279512764520514,0.04999999999999375,0,0,5
Rastrigin,2,42,matching,target_only,2,29.314341565150336,1.0,target,0,,-0.5182009219710594,0.04444444444443951,0,0,5
Rastrigin,2,42,matching,target_only,3,29.314341565150336,1.0,target,0,,-0.18037729886588857,0.039999999999996004,0,0,5
Rastrigin,2,42,matching,target_only,4,29.314341565150336,1.0,target,0,,-0.46198073409700086,0.1334224598930391,0,0,5
Rastrigin,2,42,matching,target_only,5,19.942494097992423,0.6802982101327695,target,0,,1.9237015592877562,0.03333333333333056,0,0,5
Rastrigin,2,42,matching,target_only,6,19.942494097992423,0.6802982101327695,target,0,,-0.7086147171131539,0.09740456911508957,0,0,5
Rastrigin,2,42,matching,target_only,7,19.942494097992423,0.6802982101327695,target,0,,-0.5400023049504075,0.19666583416582376,0,0,5
Rastrigin,2,42,matching,target_only,8,19.942494097992423,0.6802982101327695,target,0,,-0.7501970691525875,0.19730946082135567,0,0,5
Rastrigin,2,42,matching,fixed,1,29.314341565150336,1.0,fixed,0,,-0.6279512764520514,0.04999999999999375,0,0,5
Rastrigin,2,42,matching,fixed,2,29.314341565150336,1.0,fixed,0,,-0.5182009219710594,0.04444444444443951,0,0,5
Rastrigin,2,42,matching,fixed,3,29.314341565150336,1.0,fixed,0,0.0,-0.18037729886588857,0.039999999999996004,0,0,5
Rastrigin,2,42,matching,fixed,4,29.314341565150336,1.0,fixed,5,0.0,-0.3733751701594657,0.1334224598930391,0,0,5
Rastrigin,2,42,matching,fixed,5,13.209518054560878,0.45061622909738835,fixed,1,0.0,3.040316942650642,0.1550264550264455,2,0,3
Rastrigin,2,42,matching,fixed,6,13.209518054560878,0.45061622909738835,fixed,1,0.0,-0.8451541830559371,0.2243782533256092,1,0,4
Rastrigin,2,42,matching,fixed,7,13.209518054560878,0.45061622909738835,fixed,2,0.0,-0.5909198601503857,0.2344280719280596,1,0,4
Rastrigin,2,42,matching,fixed,8,8.244946211407091,0.28125981247379955,fixed,0,0.0,0.9335970381277467,0.1957662509448126,1,0,4
Rastrigin,2,42,matching,global_adaptive,1,29.314341565150336,1.0,target,0,,-0.6279512764520514,0.04999999999999375,0,0,5
Rastrigin,2,42,matching,global_adaptive,2,29.314341565150336,1.0,target,0,,-0.5182009219710594,0.04444444444443951,0,0,5
Rastrigin,2,42,matching,global_adaptive,3,29.314341565150336,1.0,target,0,,-0.18037729886588857,0.039999999999996004,0,0,5
Rastrigin,2,42,matching,global_adaptive,4,29.314341565150336,1.0,global,2,0.0,-0.38383679837137297,0.1334224598930391,0,0,5
Rastrigin,2,42,matching,global_adaptive,5,29.314341565150336,1.0,global,1,0.0,-0.4869109492650781,0.1537972315749999,0,0,5
Rastrigin,2,42,matching,global_adaptive,6,27.49218804868664,0.9378408854105077,global,1,0.0,0.056030327825425726,0.22437825332560926,0,0,5
Rastrigin,2,42,matching,global_adaptive,7,27.49218804868664,0.9378408854105077,global,0,0.0,-0.6604663265006884,0.07446303696303265,0,0,5
Rastrigin,2,42,matching,global_adaptive,8,27.49218804868664,0.9378408854105077,target,0,,-0.766022202440164,0.12773904006046208,0,0,5
Rastrigin,2,42,matching,posterior,1,29.314341565150336,1.0,target,0,,-0.6279512764520514,0.04999999999999375,0,0,5
Rastrigin,2,42,matching,posterior,2,29.314341565150336,1.0,target,0,,-0.5182009219710594,0.04444444444443951,0,0,5
Rastrigin,2,42,matching,posterior,3,29.314341565150336,1.0,target,0,,-0.18037729886588857,0.039999999999996004,0,0,5
Rastrigin,2,42,matching,posterior,4,29.314341565150336,1.0,target,0,,-0.46198073409700086,0.1334224598930391,0,0,5
Rastrigin,2,42,matching,posterior,5,19.942494097992423,0.6802982101327695,target,0,,1.9237015592877562,0.03333333333333056,0,0,5
Rastrigin,2,42,matching,posterior,6,19.942494097992423,0.6802982101327695,target,0,,-0.7086147171131539,0.09740456911508957,0,0,5
Rastrigin,2,42,matching,posterior,7,19.942494097992423,0.6802982101327695,target,0,,-0.5400023049504075,0.19666583416582376,0,0,5
Rastrigin,2,42,matching,posterior,8,19.942494097992423,0.6802982101327695,target,0,,-0.7501970691525875,0.19730946082135567,0,0,5
Rastrigin,2,42,matching,arise,1,29.314341565150336,1.0,target,0,,-0.6279512764520514,0.04999999999999375,0,0,5
Rastrigin,2,42,matching,arise,2,29.314341565150336,1.0,target,0,,-0.5182009219710594,0.04444444444443951,0,0,5
Rastrigin,2,42,matching,arise,3,29.314341565150336,1.0,target,0,,-0.18037729886588857,0.039999999999996004,0,0,5
Rastrigin,2,42,matching,arise,4,29.314341565150336,1.0,probe,2,0.0,-0.38383679837137297,0.1334224598930391,0,0,5
Rastrigin,2,42,matching,arise,5,29.314341565150336,1.0,target,0,,-0.4794872504261954,0.1537972315749999,0,0,5
Rastrigin,2,42,matching,arise,6,29.314341565150336,1.0,target,0,,-0.45229019343141896,0.21732938114515846,0,0,5
Rastrigin,2,42,matching,arise,7,29.314341565150336,1.0,probe,0,0.0,-0.5069594323542249,0.20846653346652244,0,0,5
Rastrigin,2,42,matching,arise,8,29.314341565150336,1.0,target,0,,-0.5235865135609871,0.20225403124211636,0,0,5
Rastrigin,2,42,mixed,target_only,1,29.314341565150336,1.0,target,0,,-0.6279512764520514,0.20612244897957444,0,0,15
Rastrigin,2,42,mixed,target_only,2,29.314341565150336,1.0,target,0,,-0.5182009219710594,0.25185185185183306,0,0,15
Rastrigin,2,42,mixed,target_only,3,29.314341565150336,1.0,target,0,,-0.18037729886588857,0.1721428571428449,0,0,15
Rastrigin,2,42,mixed,target_only,4,29.314341565150336,1.0,target,0,,-0.46198073409700086,0.22055481283421052,0,0,15
Rastrigin,2,42,mixed,target_only,5,19.942494097992423,0.6802982101327695,target,0,,1.9237015592877562,0.11307252418362812,0,0,15
Rastrigin,2,42,mixed,target_only,6,19.942494097992423,0.6802982101327695,target,0,,-0.7086147171131539,0.14298727588200444,0,0,15
Rastrigin,2,42,mixed,target_only,7,19.942494097992423,0.6802982101327695,target,0,,-0.5400023049504075,0.14920079920079116,0,0,15
Rastrigin,2,42,mixed,target_only,8,19.942494097992423,0.6802982101327695,target,0,,-0.7501970691525875,0.1387540942302776,0,0,15
Rastrigin,2,42,mixed,fixed,1,29.314341565150336,1.0,fixed,0,13.0,-0.6279512764520514,0.20612244897957444,0,0,15
Rastrigin,2,42,mixed,fixed,2,29.314341565150336,1.0,fixed,0,13.0,-0.5182009219710594,0.25185185185183306,0,0,15
Rastrigin,2,42,mixed,fixed,3,29.314341565150336,1.0,fixed,0,0.0,-0.18037729886588857,0.1721428571428449,0,0,15
Rastrigin,2,42,mixed,fixed,4,29.314341565150336,1.0,fixed,1,5.0,-0.4482018078511522,0.22055481283421052,0,0,15
Rastrigin,2,42,mixed,fixed,5,19.942494097992423,0.6802982101327695,fixed,4,0.0,2.4062219964323797,0.2269627491849579,0,0,15
Rastrigin,2,42,mixed,fixed,6,19.942494097992423,0.6802982101327695,fixed,0,0.0,-0.6363932995128754,0.24543088490455547,0,0,15
Rastrigin,2,42,mixed,fixed,7,6.825677852045494,0.23284431740947034,fixed,0,0.0,3.0521861849623164,0.21161338661337545,1,0,14
Rastrigin,2,42,mixed,fixed,8,6.825677852045494,0.23284431740947034,fixed,2,0.0,-0.4713830137152745,0.1499266187956588,0,0,15
Rastrigin,2,42,mixed,global_adaptive,1,29.314341565150336,1.0,global,0,13.0,-0.6279512764520514,0.20612244897957444,0,0,15
Rastrigin,2,42,mixed,global_adaptive,2,29.314341565150336,1.0,global,0,13.0,-0.5182009219710594,0.25185185185183306,0,0,15
Rastrigin,2,42,mixed,global_adaptive,3,29.314341565150336,1.0,global,0,0.0,-0.18037729886588857,0.1721428571428449,0,0,15
Rastrigin,2,42,mixed,global_adaptive,4,29.314341565150336,1.0,global,1,5.0,-0.4482018078511522,0.22055481283421052,0,0,15
Rastrigin,2,42,mixed,global_adaptive,5,26.3282008973039,0.8981337970286722,global,0,5.0,0.32311573062612076,0.2269627491849579,0,0,15
Rastrigin,2,42,mixed,global_adaptive,6,26.3282008973039,0.8981337970286722,global,0,0.0,-0.46508971765242957,0.13678426836320784,0,0,15
Rastrigin,2,42,mixed,global_adaptive,7,26.3282008973039,0.8981337970286722,global,0,14.0,-0.4362091457183501,0.10776723276722677,0,0,15
Rastrigin,2,42,mixed,global_adaptive,8,26.3282008973039,0.8981337970286722,global,0,5.0,-0.4464156186897093,0.10651990425799393,0,0,15
Rastrigin,2,42,mixed,posterior,1,29.314341565150336,1.0,target,0,,-0.6279512764520514,0.20612244897957444,0,0,15
Rastrigin,2,42,mixed,posterior,2,29.314341565150336,1.0,target,0,,-0.5182009219710594,0.25185185185183306,0,0,15
Rastrigin,2,42,mixed,posterior,3,29.314341565150336,1.0,target,0,,-0.18037729886588857,0.1721428571428449,0,0,15
Rastrigin,2,42,mixed,posterior,4,29.314341565150336,1.0,target,0,,-0.46198073409700086,0.22055481283421052,0,0,15
Rastrigin,2,42,mixed,posterior,5,19.942494097992423,0.6802982101327695,target,0,,1.9237015592877562,0.11307252418362812,0,0,15
Rastrigin,2,42,mixed,posterior,6,19.942494097992423,0.6802982101327695,target,0,,-0.7086147171131539,0.14298727588200444,0,0,15
Rastrigin,2,42,mixed,posterior,7,19.942494097992423,0.6802982101327695,target,0,,-0.5400023049504075,0.14920079920079116,0,0,15
Rastrigin,2,42,mixed,posterior,8,19.942494097992423,0.6802982101327695,target,0,,-0.7501970691525875,0.1387540942302776,0,0,15
Rastrigin,2,42,mixed,arise,1,29.314341565150336,1.0,probe,1,5.0,-0.5967961942487207,0.20612244897957444,0,0,15
Rastrigin,2,42,mixed,arise,2,29.314341565150336,1.0,target,0,,-0.5648459978602244,0.2041666666666511,0,0,15
Rastrigin,2,42,mixed,arise,3,29.314341565150336,1.0,target,0,,-0.23767321331003813,0.12333333333332414,0,0,15
Rastrigin,2,42,mixed,arise,4,29.314341565150336,1.0,probe,2,0.0,-0.2535181412261662,0.11356951871656973,0,0,15
Rastrigin,2,42,mixed,arise,5,29.314341565150336,1.0,target,0,,-0.4655233763706987,0.1063385174496217,0,0,15
Rastrigin,2,42,mixed,arise,6,29.314341565150336,1.0,target,0,,-0.6315205237183256,0.07287449392712093,0,0,15
Rastrigin,2,42,mixed,arise,7,29.314341565150336,1.0,probe,2,11.0,-0.4501464629658076,0.04115884115883849,0,0,15
Rastrigin,2,42,mixed,arise,8,29.314341565150336,1.0,target,0,,-0.49061847158968513,0.03857142857142623,0,0,15
Rastrigin,2,42,wrong,target_only,1,29.314341565150336,1.0,target,0,,-0.6279512764520514,0.12959183673468197,0,0,5
Rastrigin,2,42,wrong,target_only,2,29.314341565150336,1.0,target,0,,-0.5182009219710594,0.17314814814813465,0,0,5
Rastrigin,2,42,wrong,target_only,3,29.314341565150336,1.0,target,0,,-0.18037729886588857,0.1280952380952286,0,0,5
Rastrigin,2,42,wrong,target_only,4,29.314341565150336,1.0,target,0,,-0.46198073409700086,0.06724598930480771,0,0,5
Rastrigin,2,42,wrong,target_only,5,19.942494097992423,0.6802982101327695,target,0,,1.9237015592877562,0.03838383838383533,0,0,5
Rastrigin,2,42,wrong,target_only,6,19.942494097992423,0.6802982101327695,target,0,,-0.7086147171131539,0.0307692307692284,0,0,5
Rastrigin,2,42,wrong,target_only,7,19.942494097992423,0.6802982101327695,target,0,,-0.5400023049504075,0.028571428571426534,0,0,5
Rastrigin,2,42,wrong,target_only,8,19.942494097992423,0.6802982101327695,target,0,,-0.7501970691525875,0.026666666666664892,0,0,5
Rastrigin,2,42,wrong,fixed,1,29.314341565150336,1.0,fixed,0,3.0,-0.6279512764520514,0.12959183673468197,0,0,5
Rastrigin,2,42,wrong,fixed,2,29.314341565150336,1.0,fixed,0,3.0,-0.5182009219710594,0.17314814814813465,0,0,5
Rastrigin,2,42,wrong,fixed,3,29.314341565150336,1.0,fixed,1,4.0,-0.17793377840647395,0.1280952380952286,0,0,5
Rastrigin,2,42,wrong,fixed,4,29.314341565150336,1.0,fixed,4,1.0,-0.20249776009018233,0.09702540106951184,0,0,5
Rastrigin,2,42,wrong,fixed,5,29.314341565150336,1.0,fixed,5,1.0,-0.34680842659861205,0.04848484848484487,0,0,5
Rastrigin,2,42,wrong,fixed,6,29.314341565150336,1.0,fixed,0,3.0,-0.40807918185185127,0.04129554655870153,0,0,5
Rastrigin,2,42,wrong,fixed,7,24.48853827044815,0.8353773942363001,fixed,5,4.0,1.5234983878977524,0.028571428571426534,0,0,5
Rastrigin,2,42,wrong,fixed,8,24.48853827044815,0.8353773942363001,fixed,7,4.0,-0.45374452964982503,0.05557823129251385,0,0,5
Rastrigin,2,42,wrong,global_adaptive,1,29.314341565150336,1.0,global,0,3.0,-0.6279512764520514,0.12959183673468197,0,0,5
Rastrigin,2,42,wrong,global_adaptive,2,29.314341565150336,1.0,global,0,3.0,-0.5182009219710594,0.17314814814813465,0,0,5
Rastrigin,2,42,wrong,global_adaptive,3,29.314341565150336,1.0,global,1,4.0,-0.17793377840647395,0.1280952380952286,0,0,5
Rastrigin,2,42,wrong,global_adaptive,4,27.282549401009035,0.9306894831792248,global,0,3.0,0.42833120816935066,0.09702540106951184,0,0,5
Rastrigin,2,42,wrong,global_adaptive,5,27.282549401009035,0.9306894831792248,target,0,,-0.4287110841176547,0.045117845117841684,0,0,5
Rastrigin,2,42,wrong,global_adaptive,6,27.282549401009035,0.9306894831792248,global,0,2.0,-0.26689103227421573,0.08509253903990226,0,0,5
Rastrigin,2,42,wrong,global_adaptive,7,27.282549401009035,0.9306894831792248,global,0,2.0,-0.44531539903770884,0.09072177822177308,0,0,5
Rastrigin,2,42,wrong,global_adaptive,8,27.282549401009035,0.9306894831792248,global,0,4.0,-0.19701691455824302,0.07671863189719917,0,0,5
Rastrigin,2,42,wrong,posterior,1,29.314341565150336,1.0,target,0,,-0.6279512764520514,0.12959183673468197,0,0,5
Rastrigin,2,42,wrong,posterior,2,29.314341565150336,1.0,target,0,,-0.5182009219710594,0.17314814814813465,0,0,5
Rastrigin,2,42,wrong,posterior,3,29.314341565150336,1.0,target,0,,-0.18037729886588857,0.1280952380952286,0,0,5
Rastrigin,2,42,wrong,posterior,4,29.314341565150336,1.0,target,0,,-0.46198073409700086,0.06724598930480771,0,0,5
Rastrigin,2,42,wrong,posterior,5,19.942494097992423,0.6802982101327695,target,0,,1.9237015592877562,0.03838383838383533,0,0,5
Rastrigin,2,42,wrong,posterior,6,19.942494097992423,0.6802982101327695,target,0,,-0.7086147171131539,0.0307692307692284,0,0,5
Rastrigin,2,42,wrong,posterior,7,19.942494097992423,0.6802982101327695,target,0,,-0.5400023049504075,0.028571428571426534,0,0,5
Rastrigin,2,42,wrong,posterior,8,19.942494097992423,0.6802982101327695,target,0,,-0.7501970691525875,0.026666666666664892,0,0,5
Rastrigin,2,42,wrong,arise,1,29.314341565150336,1.0,probe,3,3.0,-0.6018544947374956,0.12959183673468197,0,0,5
Rastrigin,2,42,wrong,arise,2,29.314341565150336,1.0,target,0,,-0.5646236439724663,0.17314814814813465,0,0,5
Rastrigin,2,42,wrong,arise,3,26.201319755553026,0.8938055012193025,target,0,,0.49323205029837,0.1280952380952286,0,0,5
Rastrigin,2,42,wrong,arise,4,22.09712676436333,0.7537991844453699,probe,1,0.0,1.320595291030136,0.1466577540106854,0,0,5
Rastrigin,2,42,wrong,arise,5,22.09712676436333,0.7537991844453699,target,0,,-0.5022090423033017,0.24256854256852817,0,0,5
Rastrigin,2,42,wrong,arise,6,22.09712676436333,0.7537991844453699,target,0,,-0.47164723804844955,0.25163389242335216,0,0,5
Rastrigin,2,42,wrong,arise,7,22.09712676436333,0.7537991844453699,probe,1,4.0,-0.6539872330425972,0.28241758241756776,0,0,5
Rastrigin,2,42,wrong,arise,8,22.09712676436333,0.7537991844453699,target,0,,-0.2990013009578982,0.2797530864197393,0,0,5
Rastrigin,2,101,matching,target_only,1,20.840408205090856,1.0,target,0,,-0.4687601402664106,0.17397959183671963,0,0,5
Rastrigin,2,101,matching,target_only,2,20.840408205090856,1.0,target,0,,-0.6381166143990833,0.2291666666666494,0,0,5
Rastrigin,2,101,matching,target_only,3,20.840408205090856,1.0,target,0,,-0.5360041606091225,0.18166666666665388,0,0,5
Rastrigin,2,101,matching,target_only,4,20.840408205090856,1.0,target,0,,-0.2579825721626063,0.15437834224597907,0,0,5
Rastrigin,2,101,matching,target_only,5,20.840408205090856,1.0,target,0,,-0.2448493424932381,0.11582491582490845,0,0,5
Rastrigin,2,101,matching,target_only,6,20.840408205090856,1.0,target,0,,-0.7354749204038444,0.1429872758820045,0,0,5
Rastrigin,2,101,matching,target_only,7,20.840408205090856,1.0,target,0,,-0.4782562139779439,0.20584415584414495,0,0,5
Rastrigin,2,101,matching,target_only,8,18.340798909338634,0.8800594848645228,target,0,,0.013776568917809926,0.18807382212143173,0,0,5
Rastrigin,2,101,matching,fixed,1,20.840408205090856,1.0,fixed,0,4.0,-0.4687601402664106,0.17397959183671963,0,0,5
Rastrigin,2,101,matching,fixed,2,20.840408205090856,1.0,fixed,0,1.0,-0.6381166143990833,0.2291666666666494,0,0,5
Rastrigin,2,101,matching,fixed,3,20.840408205090856,1.0,fixed,9,1.0,-0.47642779023139625,0.18166666666665388,0,0,5
Rastrigin,2,101,matching,fixed,4,20.840408205090856,1.0,fixed,0,4.0,-0.2554719895383629,0.14555481283421487,0,0,5
Rastrigin,2,101,matching,fixed,5,20.840408205090856,1.0,fixed,0,0.0,-0.6117301436731828,0.10235690235689573,0,0,5
Rastrigin,2,101,matching,fixed,6,20.840408205090856,1.0,fixed,5,1.0,-0.424645792328879,0.08866396761133064,0,0,5
Rastrigin,2,101,matching,fixed,7,20.840408205090856,1.0,fixed,2,1.0,-1.04330530659974,0.0705294705294664,0,0,5
Rastrigin,2,101,matching,fixed,8,17.218298084595734,0.8261977363950904,fixed,14,1.0,0.669854710375307,0.041972789115643755,0,0,5
Rastrigin,2,101,matching,global_adaptive,1,20.840408205090856,1.0,global,0,4.0,-0.4687601402664106,0.17397959183671963,0,0,5
Rastrigin,2,101,matching,global_adaptive,2,20.840408205090856,1.0,global,0,1.0,-0.6381166143990833,0.2291666666666494,0,0,5
Rastrigin,2,101,matching,global_adaptive,3,20.840408205090856,1.0,global,2,1.0,-0.49679986996251657,0.18166666666665388,0,0,5
Rastrigin,2,101,matching,global_adaptive,4,20.840408205090856,1.0,global,2,3.0,-0.2756338426371087,0.15437834224597907,0,0,5
Rastrigin,2,101,matching,global_adaptive,5,20.840408205090856,1.0,global,0,2.0,-0.2570414168559962,0.09960451071561535,0,0,5
Rastrigin,2,101,matching,global_adaptive,6,20.840408205090856,1.0,global,0,0.0,-0.23532370907278538,0.08076923076922579,0,0,5
Rastrigin,2,101,matching,global_adaptive,7,20.840408205090856,1.0,global,0,2.0,-0.4703259676226921,0.1308441558441487,0,0,5
Rastrigin,2,101,matching,global_adaptive,8,20.840408205090856,1.0,global,1,1.0,-0.5046823634646205,0.19471907281430115,0,0,5
Rastrigin,2,101,matching,posterior,1,20.840408205090856,1.0,target,0,,-0.4687601402664106,0.17397959183671963,0,0,5
Rastrigin,2,101,matching,posterior,2,20.840408205090856,1.0,target,0,,-0.6381166143990833,0.2291666666666494,0,0,5
Rastrigin,2,101,matching,posterior,3,20.840408205090856,1.0,target,0,,-0.5360041606091225,0.18166666666665388,0,0,5
Rastrigin,2,101,matching,posterior,4,20.840408205090856,1.0,target,0,,-0.2579825721626063,0.15437834224597907,0,0,5
Rastrigin,2,101,matching,posterior,5,20.840408205090856,1.0,target,0,,-0.2448493424932381,0.11582491582490845,0,0,5
Rastrigin,2,101,matching,posterior,6,20.840408205090856,1.0,target,0,,-0.7354749204038444,0.1429872758820045,0,0,5
Rastrigin,2,101,matching,posterior,7,20.840408205090856,1.0,target,0,,-0.4782562139779439,0.20584415584414495,0,0,5
Rastrigin,2,101,matching,posterior,8,18.340798909338634,0.8800594848645228,target,0,,0.013776568917809926,0.18807382212143173,0,0,5
Rastrigin,2,101,matching,arise,1,20.840408205090856,1.0,probe,0,4.0,-0.4687601402664106,0.17397959183671963,0,0,5
Rastrigin,2,101,matching,arise,2,20.840408205090856,1.0,target,0,,-0.6381166143990833,0.2291666666666494,0,0,5
Rastrigin,2,101,matching,arise,3,20.840408205090856,1.0,target,0,,-0.5360041606091225,0.18166666666665388,0,0,5
Rastrigin,2,101,matching,arise,4,20.840408205090856,1.0,probe,0,4.0,-0.2579825721626063,0.15437834224597907,0,0,5
Rastrigin,2,101,matching,arise,5,20.840408205090856,1.0,target,0,,-0.2448493424932381,0.11582491582490845,0,0,5
Rastrigin,2,101,matching,arise,6,20.840408205090856,1.0,target,0,,-0.7354749204038444,0.1429872758820045,0,0,5
Rastrigin,2,101,matching,arise,7,20.840408205090856,1.0,probe,0,2.0,-0.4782562139779439,0.20584415584414495,0,0,5
Rastrigin,2,101,matching,arise,8,18.340798909338634,0.8800594848645228,target,0,,0.013776568917809926,0.18807382212143173,0,0,5
Rastrigin,2,101,mixed,target_only,1,20.840408205090856,1.0,target,0,,-0.4687601402664106,0.1892857142856981,0,0,16
Rastrigin,2,101,mixed,target_only,2,20.840408205090856,1.0,target,0,,-0.6381166143990833,0.18518518518517085,0,0,16
Rastrigin,2,101,mixed,target_only,3,20.840408205090856,1.0,target,0,,-0.5360041606091225,0.05785714285713775,0,0,16
Rastrigin,2,101,mixed,target_only,4,20.840408205090856,1.0,target,0,,-0.2579825721626063,0.1279077540106865,0,0,16
Rastrigin,2,101,mixed,target_only,5,20.840408205090856,1.0,target,0,,-0.2448493424932381,0.08888888888888302,0,0,16
Rastrigin,2,101,mixed,target_only,6,20.840408205090856,1.0,target,0,,-0.7354749204038444,0.0781376518218575,0,0,16
Rastrigin,2,101,mixed,target_only,7,20.840408205090856,1.0,target,0,,-0.4782562139779439,0.14552947052946263,0,0,16
Rastrigin,2,101,mixed,target_only,8,18.340798909338634,0.8800594848645228,target,0,,0.013776568917809926,0.14903691106071298,0,0,16
Rastrigin,2,101,mixed,fixed,1,20.840408205090856,1.0,fixed,0,14.0,-0.4687601402664106,0.1892857142856981,0,0,16
Rastrigin,2,101,mixed,fixed,2,20.840408205090856,1.0,fixed,0,1.0,-0.6381166143990833,0.18518518518517085,0,0,16
Rastrigin,2,101,mixed,fixed,3,20.840408205090856,1.0,fixed,9,1.0,-0.47642779023139625,0.05785714285713775,0,0,16
Rastrigin,2,101,mixed,fixed,4,20.840408205090856,1.0,fixed,0,4.0,-0.2554719895383629,0.03636363636363306,0,0,16
Rastrigin,2,101,mixed,fixed,5,20.840408205090856,1.0,fixed,0,0.0,-0.6117301436731828,0.03333333333333056,0,0,16
Rastrigin,2,101,mixed,fixed,6,20.840408205090856,1.0,fixed,5,1.0,-0.424645792328879,0.04214141122035565,0,0,16
Rastrigin,2,101,mixed,fixed,7,20.840408205090856,1.0,fixed,1,15.0,-0.7108988497532509,0.028571428571426534,0,0,16
Rastrigin,2,101,mixed,fixed,8,20.840408205090856,1.0,fixed,0,15.0,-0.5381062425070015,0.026666666666664892,0,0,16
Rastrigin,2,101,mixed,global_adaptive,1,20.840408205090856,1.0,global,0,14.0,-0.4687601402664106,0.1892857142856981,0,0,16
Rastrigin,2,101,mixed,global_adaptive,2,20.840408205090856,1.0,global,0,1.0,-0.6381166143990833,0.18518518518517085,0,0,16
Rastrigin,2,101,mixed,global_adaptive,3,20.840408205090856,1.0,global,0,10.0,-0.5360041606091225,0.05785714285713775,0,0,16
Rastrigin,2,101,mixed,global_adaptive,4,20.840408205090856,1.0,global,0,4.0,-0.2579825721626063,0.1279077540106865,0,0,16
Rastrigin,2,101,mixed,global_adaptive,5,20.840408205090856,1.0,global,0,12.0,-0.2448493424932381,0.08888888888888302,0,0,16
Rastrigin,2,101,mixed,global_adaptive,6,9.906466389355185,0.4753489611079332,global,1,14.0,3.033980439199261,0.0781376518218575,0,0,16
Rastrigin,2,101,mixed,global_adaptive,7,9.906466389355185,0.4753489611079332,global,0,5.0,-0.5076288317183891,0.13530219780219044,1,0,15
Rastrigin,2,101,mixed,global_adaptive,8,9.906466389355185,0.4753489611079332,global,0,11.0,-0.48569979311940303,0.2338347190728027,0,0,16
Rastrigin,2,101,mixed,posterior,1,20.840408205090856,1.0,target,0,,-0.4687601402664106,0.1892857142856981,0,0,16
Rastrigin,2,101,mixed,posterior,2,20.840408205090856,1.0,target,0,,-0.6381166143990833,0.18518518518517085,0,0,16
Rastrigin,2,101,mixed,posterior,3,20.840408205090856,1.0,target,0,,-0.5360041606091225,0.05785714285713775,0,0,16
Rastrigin,2,101,mixed,posterior,4,20.840408205090856,1.0,target,0,,-0.2579825721626063,0.1279077540106865,0,0,16
Rastrigin,2,101,mixed,posterior,5,20.840408205090856,1.0,target,0,,-0.2448493424932381,0.08888888888888302,0,0,16
Rastrigin,2,101,mixed,posterior,6,20.840408205090856,1.0,target,0,,-0.7354749204038444,0.0781376518218575,0,0,16
Rastrigin,2,101,mixed,posterior,7,20.840408205090856,1.0,target,0,,-0.4782562139779439,0.14552947052946263,0,0,16
Rastrigin,2,101,mixed,posterior,8,18.340798909338634,0.8800594848645228,target,0,,0.013776568917809926,0.14903691106071298,0,0,16
Rastrigin,2,101,mixed,arise,1,20.840408205090856,1.0,probe,0,14.0,-0.4687601402664106,0.1892857142856981,0,0,16
Rastrigin,2,101,mixed,arise,2,20.840408205090856,1.0,target,0,,-0.6381166143990833,0.18518518518517085,0,0,16
Rastrigin,2,101,mixed,arise,3,20.840408205090856,1.0,target,0,,-0.5360041606091225,0.05785714285713775,0,0,16
Rastrigin,2,101,mixed,arise,4,20.840408205090856,1.0,probe,0,4.0,-0.2579825721626063,0.1279077540106865,0,0,16
Rastrigin,2,101,mixed,arise,5,20.840408205090856,1.0,target,0,,-0.2448493424932381,0.08888888888888302,0,0,16
Rastrigin,2,101,mixed,arise,6,20.840408205090856,1.0,target,0,,-0.7354749204038444,0.0781376518218575,0,0,16
Rastrigin,2,101,mixed,arise,7,20.840408205090856,1.0,probe,0,15.0,-0.4782562139779439,0.14552947052946263,0,0,16
Rastrigin,2,101,mixed,arise,8,18.340798909338634,0.8800594848645228,target,0,,0.013776568917809926,0.14903691106071298,0,0,16
Rastrigin,2,101,wrong,target_only,1,20.840408205090856,1.0,target,0,,-0.4687601402664106,0.27040816326528416,0,0,6
Rastrigin,2,101,wrong,target_only,2,20.840408205090856,1.0,target,0,,-0.6381166143990833,0.2578703703703512,0,0,6
Rastrigin,2,101,wrong,target_only,3,20.840408205090856,1.0,target,0,,-0.5360041606091225,0.23166666666665073,0,0,6
Rastrigin,2,101,wrong,target_only,4,20.840408205090856,1.0,target,0,,-0.2579825721626063,0.26026069518714934,0,0,6
Rastrigin,2,101,wrong,target_only,5,20.840408205090856,1.0,target,0,,-0.2448493424932381,0.2854310298754576,0,0,6
Rastrigin,2,101,wrong,target_only,6,20.840408205090856,1.0,target,0,,-0.7354749204038444,0.30680306535568,0,0,6
Rastrigin,2,101,wrong,target_only,7,20.840408205090856,1.0,target,0,,-0.4782562139779439,0.3256868131867963,0,0,6
Rastrigin,2,101,wrong,target_only,8,18.340798909338634,0.8800594848645228,target,0,,0.013776568917809926,0.30097222222220743,0,0,6
Rastrigin,2,101,wrong,fixed,1,20.840408205090856,1.0,fixed,0,4.0,-0.4687601402664106,0.27040816326528416,0,0,6
Rastrigin,2,101,wrong,fixed,2,20.840408205090856,1.0,fixed,1,2.0,-0.5340452181082609,0.2578703703703512,0,0,6
Rastrigin,2,101,wrong,fixed,3,20.840408205090856,1.0,fixed,1,5.0,-0.512955684783035,0.2590476190476014,0,0,6
Rastrigin,2,101,wrong,fixed,4,20.840408205090856,1.0,fixed,2,5.0,-0.5315533463570133,0.23820187165773887,0,0,6
Rastrigin,2,101,wrong,fixed,5,20.840408205090856,1.0,fixed,2,5.0,-0.49622063020705875,0.2404307626529706,0,0,6
Rastrigin,2,101,wrong,fixed,6,3.821866813387274,0.18338732983424363,fixed,1,4.0,5.234794980233557,0.23490456911508237,2,0,4
Rastrigin,2,101,wrong,fixed,7,3.821866813387274,0.18338732983424363,fixed,4,4.0,-0.5393123583192824,0.2714035964035823,3,0,3
Rastrigin,2,101,wrong,fixed,8,3.821866813387274,0.18338732983424363,fixed,2,4.0,-0.6196912965582527,0.26104560342654287,3,0,3
Rastrigin,2,101,wrong,global_adaptive,1,20.840408205090856,1.0,global,0,4.0,-0.4687601402664106,0.27040816326528416,0,0,6
Rastrigin,2,101,wrong,global_adaptive,2,20.840408205090856,1.0,global,0,5.0,-0.6381166143990833,0.2578703703703512,0,0,6
Rastrigin,2,101,wrong,global_adaptive,3,20.840408205090856,1.0,global,1,0.0,-0.5038888913018281,0.23166666666665073,0,0,6
Rastrigin,2,101,wrong,global_adaptive,4,20.840408205090856,1.0,global,0,4.0,-0.25893169513217823,0.24702540106950305,0,0,6
Rastrigin,2,101,wrong,global_adaptive,5,20.840408205090856,1.0,global,1,2.0,-0.24328551884612395,0.2652290096734385,0,0,6
Rastrigin,2,101,wrong,global_adaptive,6,20.840408205090856,1.0,global,2,5.0,-0.588558192485028,0.29101359167147034,0,0,6
Rastrigin,2,101,wrong,global_adaptive,7,20.840408205090856,1.0,global,1,5.0,-0.49201933483089866,0.3005119880119724,0,0,6
Rastrigin,2,101,wrong,global_adaptive,8,18.340798909338634,0.8800594848645228,global,0,5.0,0.16676454746147748,0.2006320861677904,0,0,6
Rastrigin,2,101,wrong,posterior,1,20.840408205090856,1.0,target,0,,-0.4687601402664106,0.27040816326528416,0,0,6
Rastrigin,2,101,wrong,posterior,2,20.840408205090856,1.0,target,0,,-0.6381166143990833,0.2578703703703512,0,0,6
Rastrigin,2,101,wrong,posterior,3,20.840408205090856,1.0,target,0,,-0.5360041606091225,0.23166666666665073,0,0,6
Rastrigin,2,101,wrong,posterior,4,20.840408205090856,1.0,target,0,,-0.2579825721626063,0.26026069518714934,0,0,6
Rastrigin,2,101,wrong,posterior,5,20.840408205090856,1.0,target,0,,-0.2448493424932381,0.2854310298754576,0,0,6
Rastrigin,2,101,wrong,posterior,6,20.840408205090856,1.0,target,0,,-0.7354749204038444,0.30680306535568,0,0,6
Rastrigin,2,101,wrong,posterior,7,20.840408205090856,1.0,target,0,,-0.4782562139779439,0.3256868131867963,0,0,6
Rastrigin,2,101,wrong,posterior,8,18.340798909338634,0.8800594848645228,target,0,,0.013776568917809926,0.30097222222220743,0,0,6
Rastrigin,2,101,wrong,arise,1,20.840408205090856,1.0,probe,0,4.0,-0.4687601402664106,0.27040816326528416,0,0,6
Rastrigin,2,101,wrong,arise,2,20.840408205090856,1.0,target,0,,-0.6381166143990833,0.2578703703703512,0,0,6
Rastrigin,2,101,wrong,arise,3,20.840408205090856,1.0,target,0,,-0.5360041606091225,0.23166666666665073,0,0,6
Rastrigin,2,101,wrong,arise,4,20.840408205090856,1.0,probe,0,5.0,-0.2579825721626063,0.26026069518714934,0,0,6
Rastrigin,2,101,wrong,arise,5,20.840408205090856,1.0,target,0,,-0.2448493424932381,0.2854310298754576,0,0,6
Rastrigin,2,101,wrong,arise,6,20.840408205090856,1.0,target,0,,-0.7354749204038444,0.30680306535568,0,0,6
Rastrigin,2,101,wrong,arise,7,20.840408205090856,1.0,probe,0,5.0,-0.4782562139779439,0.3256868131867963,0,0,6
Rastrigin,2,101,wrong,arise,8,18.340798909338634,0.8800594848645228,target,0,,0.013776568917809926,0.30097222222220743,0,0,6
